timestamp,num_switches,num_flows,feature_extract_ms,inference_ms,rule_install_ms,total_overhead_ms
1777831422.928596,23,20,0.035,0.001,0.329,107.641
1777831423.9452906,23,25,0.054,0.002,0.538,112.288
1777831424.951096,23,25,0.06,0.002,0.552,110.259
1777831425.963988,23,25,0.234,0.002,0.684,111.261
1777831426.9770763,23,25,0.06,0.001,0.528,112.698
1777831427.9916632,23,10,0.046,0.002,0.196,112.151
1777831429.0112157,23,10,0.038,0.002,0.358,117.75
1777831430.0237556,23,10,0.044,0.002,0.218,113.679
1777831431.0284903,23,10,0.073,0.002,0.199,108.257
1777831432.0458972,23,10,0.032,0.002,0.206,113.25
1777831433.0593462,23,25,0.057,0.002,0.639,112.087
1777831434.0658834,23,20,0.051,0.002,0.342,109.076
1777831435.083145,23,20,0.057,0.002,0.473,112.212
1777831436.09467,23,20,0.051,0.002,0.352,112.719
1777831437.1306086,23,20,0.046,0.001,0.35,131.045
1777831438.1290307,23,25,0.06,0.002,0.602,112.823
1777831439.1385655,23,25,0.183,0.002,0.506,111.158
1777831440.1467779,23,25,0.057,0.002,0.427,110.061
1777831441.1608868,23,25,0.056,0.002,0.407,113.061
1777831442.1905005,23,25,0.149,0.002,0.514,109.758
1777831443.2117023,23,25,0.062,0.002,0.557,112.88
1777831444.2206135,23,25,0.16,0.002,0.414,110.783
1777831445.2325861,23,25,0.171,0.002,0.442,111.853
1777831446.240284,23,25,0.057,0.002,0.541,110.68
1777831447.253238,23,25,0.068,0.002,0.549,113.453
1777831448.2680624,23,20,0.053,0.002,0.327,116.468
1777831449.2750912,23,20,0.047,0.002,0.443,109.65
1777831450.2922552,23,20,0.057,0.002,0.496,118.813
1777831451.29872,23,20,0.046,0.002,0.331,115.644
1777831452.3138564,23,20,0.057,0.002,0.334,116.613
1777831453.3217611,23,25,0.06,0.002,0.428,110.361
1777831454.35817,23,25,0.057,0.002,0.401,111.798
1777831455.369451,23,25,0.057,0.001,0.596,111.793
1777831456.3790302,23,25,0.062,0.002,0.417,114.435
1777831457.3939064,23,25,0.061,0.002,0.443,109.668
1777831458.407381,23,25,0.062,0.002,0.597,112.426
1777831459.41701,23,25,0.067,0.002,0.45,112.106
1777831460.42447,23,25,0.146,0.002,0.441,110.904
1777831461.4347713,23,25,0.055,0.001,0.499,109.422
1777831462.4506087,23,5,0.041,0.001,0.116,114.818
1777831463.4545605,23,5,0.028,0.001,0.122,110.72
1777831464.4629343,23,5,0.026,0.001,0.123,109.35
1777831465.4743004,23,5,0.024,0.001,0.12,110.108
1777831466.4896922,23,5,0.026,0.002,0.118,111.438
1777831467.4996583,23,25,0.049,0.002,0.472,111.293
1777831468.509608,23,25,0.057,0.001,0.487,111.529
1777831469.5215924,23,25,0.063,0.002,0.387,111.985
1777831470.5411804,23,25,0.071,0.002,0.42,119.337
1777831471.543721,23,25,0.054,0.001,0.38,110.58
1777831472.5621953,23,25,0.066,0.002,0.521,113.21
1777831473.5753047,23,25,0.055,0.002,0.535,109.749
1777831474.5874226,23,25,0.056,0.002,0.51,111.125
1777831475.5991988,23,25,0.055,0.002,0.524,111.976
1777831476.6098218,23,25,0.056,0.002,0.415,111.692
1777831477.6239238,23,25,0.053,0.002,0.389,112.951
1777831478.6316383,23,25,0.062,0.002,0.431,109.54
1777831479.6447134,23,25,0.058,0.002,0.408,111.821
1777831480.6583257,23,25,0.059,0.002,0.57,112.414
1777831481.6694806,23,25,0.162,0.002,0.43,111.824
1777831482.6872017,23,25,0.126,0.003,0.807,117.651
1777831483.6900868,23,25,0.125,0.002,0.417,109.288
1777831484.7090867,23,25,0.062,0.002,0.532,113.219
1777831485.7262096,23,25,0.066,0.002,0.412,112.963
1777831486.7403877,23,25,0.071,0.002,0.749,115.393
1777831487.7548928,23,25,0.064,0.002,0.404,112.396
1777831488.7646925,23,25,0.072,0.002,0.516,113.019
1777831489.7761497,23,25,0.065,0.002,0.566,112.717
1777831490.7896962,23,25,0.07,0.002,0.42,111.51
1777831491.8009863,23,25,0.066,0.002,0.404,109.653
1777831492.811377,23,25,0.06,0.002,0.548,111.014
1777831493.822937,23,25,0.055,0.002,0.4,109.509
1777831494.838497,23,25,0.057,0.002,0.399,114.104
1777831495.847208,23,25,0.054,0.002,0.53,112.132
1777831496.8579032,23,25,0.054,0.002,0.387,110.583
1777831497.8727355,23,25,0.054,0.002,0.386,118.317
1777831498.8775063,23,25,0.159,0.002,0.441,112.052
1777831499.885275,23,25,0.053,0.002,0.682,110.281
1777831500.8966668,23,25,0.054,0.002,0.39,110.353
1777831501.9041233,23,25,0.044,0.002,0.414,106.611
1777831502.9188325,23,25,0.059,0.002,0.442,110.48
1777831503.9321306,23,25,0.062,0.002,0.537,113.077
1777831504.9431818,23,25,0.056,0.002,0.514,112.152
1777831505.9507964,23,25,0.053,0.001,0.392,108.718
1777831506.962325,23,25,0.054,0.002,0.541,110.226
1777831507.9725852,23,5,0.039,0.001,0.119,110.07
1777831508.9821427,23,5,0.025,0.001,0.227,110.319
1777831509.9990988,23,5,0.022,0.002,0.213,111.312
1777831511.0170138,23,5,0.026,0.001,0.122,112.059
1777831512.0308428,23,5,0.022,0.002,0.118,110.063
1777831513.0370445,23,25,0.051,0.001,0.398,108.549
1777831514.0486674,23,25,0.063,0.002,0.433,109.009
1777831515.065469,23,25,0.063,0.002,0.52,114.799
1777831516.0790935,23,25,0.072,0.002,0.567,112.579
1777831517.0892148,23,25,0.068,0.002,0.511,112.313
1777831518.093189,23,25,0.056,0.002,0.515,107.636
1777831519.1047306,23,25,0.06,0.002,0.407,109.893
1777831520.1175392,23,25,0.057,0.002,0.598,110.551
1777831521.1266701,23,25,0.049,0.002,0.418,110.568
1777831522.1376429,23,25,0.062,0.002,0.411,111.875
1777831523.1472604,23,25,0.052,0.002,0.507,110.1
1777831524.1539967,23,25,0.058,0.002,0.395,109.253
1777831525.1605296,23,25,0.136,0.002,0.432,108.516
1777831526.173581,23,25,0.054,0.002,0.386,110.811
1777831527.1887085,23,25,0.07,0.002,0.402,111.858
1777831528.194037,23,25,0.052,0.002,0.417,107.775
1777831529.2163758,23,25,0.057,0.002,0.649,111.736
1777831530.2400317,23,25,0.054,0.002,0.423,111.425
1777831531.246583,23,25,0.055,0.002,0.481,108.55
1777831532.253228,23,25,0.055,0.002,0.422,108.055
1777831533.2682502,23,5,0.041,0.002,0.118,111.834
1777831534.2776935,23,5,0.025,0.002,0.123,109.708
1777831535.2877069,23,5,0.028,0.001,0.149,109.786
1777831536.3024714,23,5,0.027,0.001,0.123,112.531
1777831537.3112094,23,5,0.026,0.001,0.121,110.118
1777831538.325336,23,25,0.05,0.002,0.539,112.314
1777831539.3357773,23,25,0.059,0.002,0.391,112.094
1777831540.343407,23,25,0.056,0.002,0.487,109.994
1777831541.3534734,23,25,0.055,0.002,0.494,110.342
1777831542.3635397,23,25,0.056,0.001,0.517,109.063
1777831543.383153,23,25,0.058,0.002,0.498,118.762
1777831544.3849802,23,25,0.056,0.002,0.516,109.841
1777831545.3934548,23,25,0.066,0.002,0.517,109.266
1777831546.4034297,23,25,0.098,0.002,0.563,109.076
1777831547.422154,23,25,0.07,0.002,0.607,110.627
1777831548.4337883,23,25,0.15,0.002,0.489,111.023
1777831549.451603,23,25,0.065,0.001,0.417,117.539
1777831550.4537609,23,25,0.053,0.002,0.399,110.018
1777831551.4665039,23,25,0.246,0.003,0.521,111.336
1777831552.48429,23,25,0.057,0.002,0.61,117.972
1777831553.4861662,23,25,0.053,0.002,0.674,110.375
1777831554.5054672,23,25,0.058,0.002,0.526,112.659
1777831555.5176277,23,25,0.066,0.002,0.418,112.084
1777831556.532349,23,25,0.087,0.003,0.577,113.008
1777831557.5434668,23,25,0.062,0.002,0.408,112.362
1777831558.5618677,23,5,0.131,0.003,0.136,112.723
1777831559.584696,23,5,0.025,0.001,0.121,109.374
1777831560.6027634,23,5,0.031,0.002,0.127,112.37
1777831561.6193259,23,5,0.03,0.002,0.219,111.699
1777831562.6331246,23,5,0.03,0.001,0.219,111.911
1777831563.6396117,23,25,0.046,0.002,0.402,109.244
1777831564.6573133,23,25,0.055,0.002,0.527,112.22
1777831565.6690767,23,25,0.144,0.003,0.576,113.882
1777831566.6853569,23,25,0.065,0.002,0.542,115.443
1777831567.6986136,23,25,0.061,0.002,0.501,115.427
1777831568.7091565,23,25,0.067,0.002,0.709,112.341
1777831569.732383,23,25,0.075,0.002,0.503,116.704
1777831570.7400668,23,25,0.068,0.002,0.523,113.383
1777831571.7454586,23,25,0.065,0.002,0.705,109.833
1777831572.7633574,23,25,0.063,0.002,0.518,113.183
1777831573.7824051,23,25,0.058,0.002,0.544,112.486
1777831574.7940016,23,25,0.073,0.003,0.391,116.37
1777831575.800135,23,25,0.059,0.002,0.514,112.358
1777831576.8192747,23,25,0.151,0.003,0.559,112.602
1777831577.8252368,23,25,0.147,0.002,0.648,110.604
1777831578.8490028,23,25,0.066,0.002,0.406,116.543
1777831579.8566093,23,25,0.066,0.002,0.422,112.027
1777831580.877246,23,25,0.066,0.002,0.684,115.086
1777831581.882522,23,25,0.169,0.002,0.715,112.117
1777831582.8996706,23,25,0.087,0.003,0.457,117.445
1777831583.9142187,23,25,0.054,0.002,0.502,115.192
1777831584.9449034,23,25,0.059,0.002,0.394,134.105
1777831585.9413805,23,25,0.064,0.002,0.419,117.426
1777831586.9445522,23,25,0.058,0.002,0.402,110.595
1777831587.9512472,23,25,0.056,0.002,0.475,108.841
1777831588.9630003,23,25,0.058,0.001,0.422,108.852
1777831589.9842505,23,25,0.065,0.002,0.529,113.486
1777831590.99378,23,25,0.055,0.002,0.393,111.138
1777831592.004711,23,25,0.065,0.002,0.413,112.18
1777831593.0189629,23,5,0.048,0.002,0.129,119.197
1777831594.0248845,23,5,0.027,0.002,0.126,109.753
1777831595.0421715,23,5,0.068,0.001,0.245,109.119
1777831596.0593317,23,5,0.026,0.001,0.12,111.96
1777831597.0761302,23,5,0.027,0.001,0.121,111.998
1777831598.0842931,23,25,0.045,0.002,0.549,109.839
1777831599.1024897,23,25,0.058,0.002,0.411,111.812
1777831600.117387,23,25,0.057,0.002,0.591,113.497
1777831601.1305778,23,25,0.059,0.002,0.396,113.016
1777831602.143262,23,25,0.056,0.002,0.535,112.341
1777831603.1531544,23,25,0.057,0.002,0.625,111.609
1777831604.1710668,23,25,0.059,0.002,0.533,113.892
1777831605.1955411,23,25,0.053,0.002,0.393,129.955
1777831606.1884654,23,25,0.148,0.002,0.595,111.961
1777831607.2036242,23,25,0.055,0.002,0.512,111.605
1777831608.2099879,23,25,0.057,0.002,0.409,109.189
1777831609.234986,23,25,0.158,0.002,0.411,118.784
1777831610.2370543,23,25,0.055,0.002,0.637,110.942
1777831611.2521858,23,25,0.057,0.001,0.617,111.728
1777831612.258234,23,25,0.061,0.002,0.635,109.918
1777831613.2662575,23,25,0.057,0.002,0.398,108.377
1777831614.2816303,23,25,0.064,0.002,0.428,112.178
1777831615.3109422,23,25,0.049,0.001,0.452,130.199
1777831616.3029938,23,25,0.06,0.002,0.52,111.417
1777831617.3153753,23,25,0.063,0.002,0.528,111.979
1777831618.3283172,23,5,0.139,0.003,0.143,110.887
1777831619.3461604,23,5,0.03,0.001,0.281,112.449
1777831620.3546994,23,5,0.025,0.002,0.12,110.184
1777831621.3645806,23,5,0.025,0.002,0.122,110.313
1777831622.3835557,23,5,0.024,0.002,0.111,114.214
1777831623.3896298,23,25,0.043,0.001,0.408,111.103
1777831624.4086425,23,25,0.054,0.002,0.407,113.982
1777831625.4171827,23,25,0.057,0.002,0.392,112.477
1777831626.4228792,23,25,0.069,0.003,0.569,108.333
1777831627.4415722,23,25,0.093,0.003,0.547,112.196
1777831628.4465954,23,25,0.056,0.002,0.433,110.443
1777831629.4677951,23,25,0.151,0.003,0.484,113.677
1777831630.4773312,23,25,0.071,0.002,0.676,109.777
1777831631.4952683,23,25,0.148,0.004,0.483,117.733
1777831632.5093696,23,25,0.074,0.003,0.527,109.968
1777831633.5280914,23,25,0.072,0.002,0.603,111.909
1777831634.540183,23,25,0.066,0.002,0.593,111.396
1777831635.5715947,23,25,0.078,0.002,0.416,116.683
1777831636.5800164,23,25,0.071,0.002,0.507,112.624
1777831637.5889788,23,25,0.063,0.002,0.405,109.394
1777831638.597205,23,25,0.056,0.002,0.605,108.313
1777831639.6105871,23,25,0.059,0.002,0.491,110.024
1777831640.6326208,23,25,0.058,0.002,0.428,110.524
1777831641.6431599,23,25,0.053,0.002,0.541,110.778
1777831642.6566916,23,25,0.059,0.002,0.401,111.049
1777831643.6698146,23,25,0.063,0.002,0.517,109.292
1777831644.6898055,23,25,0.058,0.002,0.397,112.395
1777831645.6971762,23,25,0.056,0.002,0.392,108.473
1777831646.7411642,23,25,0.061,0.002,0.401,108.866
1777831647.7608473,23,25,0.056,0.002,0.418,116.127
1777831648.7654757,23,25,0.055,0.001,0.478,110.217
1777831649.7765238,23,25,0.137,0.002,0.469,110.937
1777831650.7826529,23,25,0.059,0.002,0.398,108.041
1777831651.7954416,23,25,0.056,0.002,0.578,109.699
1777831652.8143208,23,25,0.069,0.002,0.401,111.232
1777831653.8204982,23,25,0.062,0.002,0.49,109.472
1777831654.8336895,23,25,0.067,0.002,0.4,111.781
1777831655.8433676,23,25,0.06,0.002,0.634,109.685
1777831656.8496819,23,25,0.056,0.001,0.416,108.311
1777831657.8633623,23,25,0.064,0.002,0.401,111.98
1777831658.8686545,23,25,0.055,0.002,0.561,108.336
1777831659.8861985,23,25,0.063,0.002,0.521,110.517
1777831660.8964791,23,25,0.057,0.002,0.451,109.702
1777831661.9043038,23,25,0.054,0.002,0.513,108.492
1777831662.9205785,23,5,0.038,0.001,0.125,112.047
1777831663.931242,23,25,0.108,0.002,0.515,111.603
1777831664.9383001,23,25,0.063,0.002,0.531,110.98
1777831665.9510455,23,25,0.06,0.002,0.587,109.398
1777831666.9642394,23,25,0.061,0.002,0.54,112.809
1777831667.977049,23,25,0.061,0.002,0.44,112.758
1777831668.992018,23,25,0.072,0.002,0.569,116.032
1777831669.992509,23,25,0.058,0.002,0.397,109.344
1777831671.003302,23,25,0.059,0.002,0.41,109.81
1777831672.0172703,23,25,0.064,0.002,0.532,111.736
1777831673.0347095,23,25,0.067,0.002,0.401,115.237
1777831674.0394673,23,25,0.052,0.002,0.522,108.258
1777831675.0515656,23,25,0.057,0.002,0.401,110.53
1777831676.0592573,23,25,0.066,0.002,0.509,109.824
1777831677.068706,23,25,0.066,0.002,0.414,109.455
1777831678.077627,23,25,0.169,0.002,0.513,109.682
1777831679.0897946,23,25,0.061,0.002,0.52,113.695
1777831680.0991619,23,25,0.075,0.002,0.661,112.535
1777831681.10968,23,25,0.067,0.002,0.408,111.393
1777831682.1186228,23,25,0.067,0.002,0.416,111.108
1777831683.1310384,23,25,0.064,0.002,0.5,112.623
1777831684.1380506,23,25,0.061,0.002,0.532,110.018
1777831685.14631,23,25,0.058,0.002,0.513,109.917
1777831686.1579368,23,25,0.06,0.002,0.405,111.183
1777831687.1688364,23,25,0.051,0.001,0.402,110.961
1777831688.1803987,23,25,0.06,0.002,0.489,111.343
1777831689.1966648,23,25,0.057,0.002,0.424,110.333
1777831690.2073236,23,25,0.054,0.002,0.708,110.879
1777831691.218493,23,25,0.171,0.003,0.421,110.889
1777831692.2242367,23,25,0.057,0.002,0.544,109.487
1777831693.237356,23,25,0.063,0.002,0.623,110.779
1777831694.2543318,23,25,0.077,0.002,0.654,112.297
1777831695.2595239,23,25,0.052,0.002,0.515,108.316
1777831696.2781413,23,25,0.055,0.002,0.387,117.242
1777831697.2790978,23,25,0.057,0.002,0.627,108.769
1777831698.2992563,23,25,0.066,0.002,0.396,111.525
1777831699.31019,23,25,0.062,0.002,0.825,111.402
1777831700.3177238,23,25,0.056,0.002,0.401,108.424
1777831701.3276236,23,25,0.066,0.002,0.421,109.033
1777831702.3408694,23,25,0.063,0.002,0.397,111.816
1777831703.346611,23,25,0.061,0.002,0.394,109.053
1777831704.3567564,23,25,0.06,0.002,0.422,109.998
1777831705.3638353,23,25,0.056,0.002,0.413,109.24
1777831706.3757806,23,25,0.06,0.002,0.519,111.576
1777831707.3863451,23,25,0.056,0.001,0.602,110.984
1777831708.401745,23,25,0.056,0.001,0.395,111.239
1777831709.413149,23,25,0.052,0.002,0.489,111.245
1777831710.424235,23,25,0.057,0.001,0.422,114.424
1777831711.4314735,23,25,0.129,0.002,0.414,110.005
1777831712.4615648,23,25,0.052,0.002,0.39,130.077
1777831713.4537687,23,25,0.053,0.002,0.585,110.854
1777831714.4663548,23,25,0.062,0.002,0.555,111.356
1777831715.4815636,23,25,0.066,0.002,0.411,111.895
1777831716.4915855,23,25,0.056,0.002,0.398,110.421
1777831717.5058088,23,25,0.057,0.002,0.416,111.692
1777831718.5127974,23,25,0.056,0.002,0.389,111.881
1777831719.519096,23,25,0.051,0.002,0.579,109.385
1777831720.5302775,23,25,0.052,0.002,0.612,110.631
1777831721.5427759,23,25,0.054,0.001,0.457,111.904
1777831722.5580542,23,25,0.059,0.002,0.707,112.495
1777831723.5697412,23,25,0.054,0.001,0.487,109.621
1777831724.584431,23,25,0.057,0.002,0.504,112.419
1777831725.5982258,23,25,0.059,0.002,0.759,112.048
1777831726.6150942,23,25,0.058,0.002,0.523,112.44
1777831727.6256104,23,25,0.058,0.002,0.391,115.072
1777831728.636341,23,25,0.062,0.002,0.51,112.797
1777831729.6491144,23,25,0.071,0.002,0.548,110.419
1777831730.655275,23,25,0.098,0.002,0.514,108.875
1777831731.66979,23,25,0.057,0.002,0.6,111.382
1777831732.6866372,23,25,0.057,0.002,0.486,111.088
1777831733.696484,23,5,0.039,0.002,0.119,108.898
1777831734.7082634,23,5,0.136,0.002,0.154,110.01
1777831735.7201579,23,5,0.027,0.001,0.266,110.563
1777831736.7362685,23,5,0.024,0.002,0.119,112.211
1777831737.7533607,23,5,0.03,0.001,0.125,111.768
1777831738.7623682,23,25,0.045,0.002,0.598,110.426
1777831739.7797184,23,25,0.056,0.002,0.383,117.342
1777831740.7798193,23,25,0.064,0.002,0.432,109.252
1777831741.7969186,23,25,0.056,0.002,0.477,111.466
1777831742.812416,23,25,0.051,0.002,0.409,111.57
1777831743.8176074,23,25,0.066,0.002,0.394,109.245
1777831744.8309395,23,25,0.054,0.001,0.403,110.466
1777831745.8466496,23,25,0.062,0.002,0.399,112.823
1777831746.8588247,23,25,0.148,0.003,0.431,111.976
1777831747.8684087,23,25,0.066,0.002,0.402,114.555
1777831748.8764136,23,25,0.078,0.002,0.487,111.82
1777831749.8836224,23,25,0.162,0.003,0.499,110.434
1777831750.9018688,23,25,0.064,0.002,0.415,112.67
1777831751.9132252,23,25,0.058,0.002,0.555,111.875
1777831752.9205658,23,25,0.056,0.002,0.518,109.153
1777831753.934479,23,25,0.168,0.003,0.418,111.215
1777831754.9486928,23,25,0.056,0.002,0.398,112.48
1777831755.9620855,23,25,0.061,0.002,0.503,112.552
1777831756.9717634,23,25,0.054,0.002,0.406,110.72
1777831757.9817982,23,25,0.074,0.002,0.484,110.09
1777831758.9954197,23,25,0.075,0.002,0.585,112.471
1777831760.01215,23,25,0.227,0.002,0.524,112.975
1777831761.024069,23,25,0.054,0.001,0.403,112.353
1777831762.0327203,23,25,0.055,0.001,0.421,110.217
1777831763.0434701,23,25,0.055,0.002,0.611,110.629
1777831764.0566661,23,25,0.068,0.002,0.401,111.486
1777831765.0692322,23,25,0.128,0.003,0.517,111.502
1777831766.08472,23,25,0.057,0.002,0.453,111.909
1777831767.0902898,23,25,0.059,0.002,0.678,109.696
1777831768.1038396,23,25,0.059,0.002,0.402,112.597
1777831769.1113596,23,5,0.042,0.002,0.124,109.193
1777831770.1200206,23,5,0.03,0.002,0.146,108.747
1777831771.127272,23,5,0.024,0.001,0.132,108.672
1777831772.146618,23,5,0.025,0.002,0.123,111.4
1777831773.1721935,23,5,0.025,0.002,0.119,121.42
1777831774.168427,23,25,0.045,0.001,0.642,108.687
1777831775.177276,23,25,0.068,0.002,0.575,110.04
1777831776.1859858,23,25,0.056,0.002,0.511,109.382
1777831777.1953745,23,25,0.055,0.002,0.512,110.555
1777831778.2043467,23,25,0.066,0.002,0.528,111.904
1777831779.2119112,23,25,0.149,0.001,0.512,111.203
1777831780.2171178,23,25,0.058,0.002,0.595,108.336
1777831781.2295358,23,25,0.217,0.002,0.407,111.019
1777831782.2473555,23,25,0.059,0.002,0.517,111.834
1777831783.2555752,23,25,0.059,0.002,0.6,111.375
1777831784.2700937,23,5,0.04,0.002,0.12,107.894
1777831785.283479,23,5,0.024,0.002,0.118,109.288
1777831786.296945,23,5,0.03,0.001,0.122,114.81
1777831787.300628,23,5,0.028,0.002,0.126,108.158
1777831788.3202791,23,25,0.044,0.001,0.711,111.298
1777831789.3285954,23,25,0.067,0.002,0.433,111.225
1777831790.3355381,23,25,0.158,0.002,0.426,110.435
1777831791.351903,23,25,0.057,0.002,0.413,116.22
1777831792.354114,23,25,0.19,0.002,0.406,109.664
1777831793.3688219,23,25,0.061,0.003,0.422,112.568
1777831794.382563,23,25,0.067,0.002,0.406,112.496
1777831795.3894844,23,25,0.058,0.002,0.455,109.9
1777831796.3998866,23,25,0.052,0.002,0.427,109.093
1777831797.419859,23,25,0.055,0.002,0.393,111.724
1777831798.429844,23,5,0.031,0.002,0.201,110.173
1777831799.449279,23,5,0.025,0.002,0.222,112.162
1777831800.4567792,23,5,0.067,0.002,0.12,108.635
1777831801.4679134,23,5,0.024,0.001,0.121,109.944
1777831802.482919,23,5,0.024,0.001,0.115,117.167
1777831803.4847758,23,25,0.044,0.002,0.401,110.244
1777831804.4931016,23,25,0.052,0.002,0.64,108.639
1777831805.5034313,23,25,0.058,0.002,0.504,109.993
1777831806.5176923,23,25,0.053,0.002,0.377,111.868
1777831807.5294743,23,25,0.06,0.001,0.571,112.247
1777831808.538661,23,25,0.055,0.002,0.392,110.797
1777831809.574223,23,25,0.052,0.002,0.576,110.93
1777831810.5842168,23,25,0.055,0.002,0.39,110.405
1777831811.5992892,23,25,0.057,0.002,0.522,111.267
1777831812.6098235,23,25,0.059,0.002,0.393,113.027
1777831813.6191993,23,25,0.054,0.002,0.628,110.428
1777831814.6301525,23,25,0.054,0.002,0.649,110.756
1777831815.6357615,23,25,0.055,0.002,0.429,108.687
1777831816.6511242,23,25,0.054,0.002,0.515,111.611
1777831817.6623938,23,25,0.056,0.002,0.414,114.264
1777831818.6677728,23,25,0.056,0.002,0.402,109.244
1777831819.6845906,23,25,0.054,0.002,0.424,111.14
1777831820.6935635,23,25,0.052,0.002,0.545,108.865
1777831821.703693,23,25,0.051,0.002,0.399,109.542
1777831822.72277,23,25,0.055,0.002,0.391,112.447
1777831823.734719,23,25,0.054,0.002,0.381,114.363
1777831824.747962,23,25,0.053,0.002,0.609,110.22
1777831825.7540116,23,25,0.063,0.002,0.576,108.783
1777831826.7746913,23,25,0.072,0.002,0.433,112.589
1777831827.781851,23,25,0.059,0.002,0.398,109.11
1777831828.799224,23,25,0.056,0.002,0.53,112.055
1777831829.8060925,23,25,0.061,0.002,0.512,109.307
1777831830.8177016,23,25,0.274,0.002,0.518,110.844
1777831831.8242383,23,25,0.107,0.002,0.568,108.519
1777831832.8443372,23,25,0.058,0.002,0.505,111.457
1777831833.8516903,23,5,0.036,0.001,0.117,108.912
1777831834.8575428,23,5,0.023,0.002,0.118,107.423
1777831835.8725471,23,5,0.024,0.001,0.13,111.045
1777831836.8824296,23,5,0.029,0.001,0.124,111.55
1777831837.8971467,23,5,0.024,0.001,0.226,111.579
1777831838.9118037,23,25,0.049,0.002,0.414,112.958
1777831839.9205382,23,25,0.064,0.002,0.416,115.038
1777831840.922722,23,25,0.063,0.002,0.659,109.819
1777831841.9383063,23,25,0.058,0.002,0.519,112.122
1777831842.9468906,23,25,0.055,0.002,0.51,109.656
1777831843.9544191,23,25,0.054,0.002,0.521,108.776
1777831844.966538,23,25,0.052,0.001,0.402,110.361
1777831845.972852,23,25,0.057,0.001,0.719,108.958
1777831846.9817777,23,25,0.056,0.001,0.402,110.155
1777831848.0002549,23,25,0.058,0.001,0.52,111.855
1777831849.0158563,23,5,0.037,0.001,0.117,111.466
1777831850.0234687,23,5,0.026,0.001,0.123,107.843
1777831851.0345259,23,5,0.021,0.002,0.12,110.375
1777831852.0451229,23,5,0.203,0.002,0.129,110.401
1777831853.0592673,23,5,0.028,0.002,0.127,109.325
1777831854.0784185,23,25,0.044,0.002,0.393,117.393
1777831855.087209,23,25,0.069,0.002,0.561,113.816
1777831856.099598,23,25,0.059,0.002,0.401,117.747
1777831857.111317,23,25,0.163,0.002,0.412,111.87
1777831858.118514,23,25,0.055,0.002,0.416,109.457
1777831859.1282973,23,25,0.058,0.002,0.63,110.988
1777831860.1440413,23,25,0.066,0.002,0.43,111.609
1777831861.153648,23,25,0.051,0.002,0.389,110.887
1777831862.1619859,23,25,0.053,0.002,0.495,109.618
1777831863.1787906,23,25,0.053,0.002,0.501,113.646
1777831864.1877613,23,25,0.053,0.001,0.491,111.56
1777831865.1954253,23,25,0.052,0.001,0.558,109.923
1777831866.2078936,23,25,0.054,0.002,0.412,111.085
1777831867.2229621,23,25,0.062,0.001,0.523,111.849
1777831868.2390397,23,25,0.06,0.002,0.578,111.87
1777831869.2657487,23,25,0.05,0.002,0.396,128.052
1777831870.260176,23,25,0.055,0.002,0.543,111.662
1777831871.2685983,23,25,0.122,0.002,0.392,110.923
1777831872.2800155,23,25,0.053,0.002,0.385,114.177
1777831873.2931073,23,25,0.072,0.002,0.493,111.022
1777831874.3066401,23,25,0.065,0.002,0.409,112.05
1777831875.336929,23,25,0.058,0.012,0.415,132.773
1777831876.325007,23,25,0.07,0.003,0.415,109.968
1777831877.3376977,23,25,0.073,0.002,0.495,110.909
1777831878.345532,23,25,0.135,0.003,0.446,110.735
1777831879.360878,23,25,0.057,0.002,0.5,118.505
1777831880.3603854,23,25,0.059,0.002,0.527,109.027
1777831881.3791935,23,25,0.061,0.002,0.571,111.059
1777831882.3972552,23,25,0.058,0.003,0.6,111.118
1777831883.4057271,23,25,0.101,0.002,0.428,109.848
1777831884.4192903,23,25,0.057,0.002,0.606,111.687
1777831885.4301298,23,25,0.056,0.001,0.53,111.29
1777831886.4402926,23,25,0.056,0.002,0.649,110.887
1777831887.4526117,23,25,0.162,0.002,0.518,112.094
1777831888.4625316,23,25,0.063,0.002,0.407,112.666
1777831889.47068,23,25,0.057,0.001,0.501,110.56
1777831890.4791312,23,25,0.054,0.002,0.39,109.506
1777831891.4972873,23,25,0.055,0.002,0.52,111.902
1777831892.5033162,23,25,0.053,0.002,0.467,109.012
1777831893.5230443,23,25,0.057,0.001,0.42,111.455
1777831894.5276108,23,5,0.036,0.001,0.115,107.603
1777831895.547704,23,5,0.023,0.001,0.117,111.091
1777831896.5525365,23,5,0.025,0.002,0.121,108.433
1777831897.5903678,23,5,0.028,0.001,0.12,115.589
1777831898.6025405,23,25,0.042,0.001,0.532,116.924
1777831899.6066084,23,25,0.139,0.002,0.503,110.386
1777831900.624835,23,25,0.054,0.002,0.386,118.922
1777831901.6296089,23,25,0.07,0.002,0.407,111.862
1777831902.6411204,23,25,0.057,0.002,0.533,116.341
1777831903.6499772,23,25,0.057,0.002,0.385,116.351
1777831904.6703079,23,25,0.048,0.002,0.545,123.549
1777831905.6682904,23,25,0.057,0.002,0.635,111.123
1777831906.6845605,23,25,0.057,0.002,0.43,110.282
1777831907.7023067,23,25,0.056,0.002,0.39,111.195
1777831908.708633,23,5,0.035,0.002,0.119,108.3
1777831909.7248733,23,5,0.025,0.002,0.118,110.672
1777831910.7341125,23,5,0.023,0.001,0.124,110.267
1777831911.7502418,23,5,0.024,0.002,0.12,109.26
1777831912.765764,23,5,0.128,0.002,0.121,108.577
1777831913.77366,23,25,0.047,0.002,0.526,108.821
1777831914.7839494,23,25,0.06,0.001,0.433,109.376
1777831915.803778,23,25,0.06,0.002,0.427,112.164
1777831916.8216808,23,25,0.057,0.002,0.396,121.255
1777831917.8265235,23,25,0.06,0.002,0.669,111.209
1777831918.8352766,23,25,0.063,0.002,0.539,109.535
1777831919.8453615,23,25,0.05,0.002,0.617,110.735
1777831920.8589683,23,25,0.054,0.002,0.388,112.097
1777831921.871515,23,25,0.062,0.002,0.38,112.031
1777831922.8796854,23,25,0.055,0.002,0.489,109.962
1777831923.8894787,23,5,0.037,0.002,0.117,112.372
1777831924.8995004,23,5,0.028,0.001,0.124,108.764
1777831925.9125915,23,5,0.025,0.001,0.12,110.819
1777831926.9278646,23,5,0.025,0.002,0.122,111.236
1777831927.936551,23,5,0.023,0.001,0.121,110.114
1777831928.950169,23,25,0.042,0.001,0.528,111.252
1777831929.9553049,23,25,0.057,0.001,0.408,107.813
1777831930.9722264,23,25,0.079,0.002,0.414,113.482
1777831931.97344,23,25,0.067,0.003,0.495,108.622
1777831932.9918387,23,25,0.073,0.002,0.411,116.357
1777831933.9998262,23,25,0.059,0.001,0.415,112.415
1777831935.0092697,23,25,0.055,0.002,0.561,109.051
1777831936.0177581,23,25,0.128,0.002,0.405,108.537
1777831937.0364423,23,25,0.062,0.001,0.482,111.292
1777831938.0461075,23,25,0.052,0.002,0.506,110.441
1777831939.0655396,23,5,0.041,0.002,0.12,112.82
1777831940.0786707,23,5,0.04,0.002,0.152,113.206
1777831941.091284,23,5,0.031,0.001,0.124,115.239
1777831942.101426,23,5,0.031,0.001,0.128,112.271
1777831943.1151838,23,5,0.026,0.002,0.114,114.31
1777831944.122756,23,25,0.045,0.002,0.494,111.263
1777831945.1384034,23,25,0.129,0.002,0.635,111.423
1777831946.1532788,23,25,0.079,0.002,0.602,111.864
1777831947.1651745,23,25,0.09,0.002,0.42,109.735
1777831948.1972854,23,25,0.05,0.002,0.394,130.045
1777831949.186693,23,25,0.068,0.002,0.396,109.72
1777831950.1962025,23,25,0.063,0.002,0.557,111.624
1777831951.2104945,23,25,0.054,0.002,0.606,111.062
1777831952.225442,23,25,0.054,0.001,0.394,118.519
1777831953.2286692,23,25,0.09,0.002,0.576,111.095
1777831954.2414932,23,5,0.203,0.003,0.148,112.132
1777831955.2544458,23,5,0.028,0.002,0.115,113.239
1777831956.2656274,23,5,0.026,0.001,0.126,111.711
1777831957.277784,23,5,0.028,0.001,0.123,112.598
1777831958.3053803,23,5,0.028,0.002,0.125,111.899
1777831959.31739,23,25,0.046,0.002,0.57,112.26
1777831960.3326237,23,25,0.075,0.002,0.463,113.447
1777831961.3373916,23,25,0.065,0.002,0.53,110.475
1777831962.350623,23,25,0.057,0.002,0.403,112.368
1777831963.361826,23,25,0.058,0.002,0.425,113.072
1777831964.393176,23,25,0.051,0.002,0.501,128.743
1777831965.392286,23,25,0.066,0.002,0.485,115.64
1777831966.4047277,23,25,0.062,0.002,0.528,115.514
1777831967.4246252,23,25,0.069,0.002,0.409,117.103
1777831968.4257007,23,25,0.06,0.002,0.509,110.332
1777831969.4402437,23,25,0.063,0.002,0.551,113.002
1777831970.4523835,23,25,0.063,0.002,0.551,113.761
1777831971.4564025,23,25,0.057,0.002,0.567,109.946
1777831972.4729724,23,25,0.059,0.002,0.531,112.888
1777831973.4849563,23,25,0.053,0.002,0.425,111.451
1777831974.4983659,23,25,0.049,0.002,0.592,111.691
1777831975.5018485,23,25,0.053,0.002,0.539,108.505
1777831976.511527,23,25,0.058,0.002,0.414,109.132
1777831977.5260174,23,25,0.052,0.002,0.392,112.203
1777831978.5327928,23,25,0.118,0.002,0.397,110.471
1777831979.542244,23,5,0.179,0.002,0.134,110.52
1777831980.5517094,23,5,0.023,0.002,0.116,109.063
1777831981.5637093,23,5,0.023,0.001,0.119,110.274
1777831982.571005,23,5,0.024,0.001,0.208,108.891
1777831983.5816169,23,5,0.024,0.001,0.122,110.063
1777831984.5930874,23,25,0.047,0.001,0.495,111.222
1777831985.6070938,23,25,0.062,0.002,0.528,113.764
1777831986.6216328,23,25,0.068,0.002,0.41,114.615
1777831987.6269453,23,25,0.061,0.002,0.396,110.428
1777831988.6422179,23,25,0.057,0.001,0.523,111.978
1777831989.6502292,23,25,0.146,0.002,0.399,112.343
1777831990.6589081,23,25,0.058,0.002,0.419,110.41
1777831991.6665785,23,25,0.064,0.002,0.544,109.302
1777831992.6735642,23,25,0.065,0.002,0.397,107.965
1777831993.6878307,23,25,0.057,0.002,0.392,111.306
1777831994.7211545,23,5,0.11,0.002,0.123,111.75
1777831995.7372193,23,5,0.034,0.002,0.401,111.801
1777831996.7477424,23,5,0.025,0.001,0.128,111.313
1777831997.7528863,23,5,0.024,0.001,0.205,108.555
1777831998.7669005,23,5,0.028,0.002,0.127,111.74
1777831999.777907,23,25,0.046,0.002,0.417,111.871
1777832000.787584,23,25,0.065,0.002,0.436,109.518
1777832001.8069873,23,25,0.076,0.002,0.409,114.33
1777832002.8155851,23,25,0.251,0.002,0.507,111.027
1777832003.8253891,23,25,0.118,0.003,0.77,112.056
1777832004.8299985,23,25,0.064,0.002,0.627,108.567
1777832005.851958,23,25,0.144,0.002,0.415,112.49
1777832006.8713791,23,25,0.051,0.002,0.483,122.83
1777832007.8700075,23,25,0.062,0.002,0.506,110.163
1777832008.8784804,23,25,0.064,0.002,0.431,110.805
1777832009.8911252,23,25,0.062,0.002,0.531,112.236
1777832010.9056187,23,25,0.062,0.002,0.545,116.694
1777832011.9383955,23,25,0.058,0.002,0.521,111.964
1777832012.9504766,23,25,0.055,0.002,0.409,112.884
1777832013.9614053,23,25,0.054,0.001,0.596,112.075
1777832014.9773312,23,25,0.057,0.002,0.523,117.035
1777832015.9868314,23,25,0.076,0.003,0.446,112.206
1777832017.0020924,23,25,0.055,0.002,0.638,112.164
1777832018.0161486,23,25,0.059,0.002,0.643,112.753
1777832019.027686,23,25,0.053,0.002,0.414,111.11
1777832020.0437596,23,25,0.053,0.002,0.521,117.208
1777832021.051883,23,25,0.062,0.002,0.392,111.512
1777832022.0585802,23,25,0.057,0.002,0.509,108.913
1777832023.0717385,23,25,0.077,0.002,0.44,111.119
1777832024.087992,23,25,0.065,0.002,0.406,116.198
1777832025.115602,23,25,21.947,0.003,0.452,132.639
1777832026.105943,23,25,0.054,0.002,0.427,111.565
1777832027.1214805,23,25,0.149,0.003,0.417,111.874
1777832028.1335883,23,25,0.064,0.002,0.403,112.097
1777832029.1386566,23,21,0.05,0.001,0.346,109.03
1777832030.1480107,23,21,0.049,0.002,0.328,109.374
1777832031.159015,23,21,0.044,0.002,0.477,110.252
1777832032.1726995,23,21,0.047,0.002,0.335,110.889
1777832033.1831925,23,21,0.055,0.001,0.351,109.195
1777832034.2018502,23,25,0.069,0.002,0.415,116.857
1777832035.2142484,23,25,0.076,0.003,0.907,120.507
1777832036.2210739,23,25,0.061,0.001,0.521,113.527
1777832037.243448,23,25,0.205,0.002,0.418,115.831
1777832038.261794,23,25,0.074,0.002,0.415,117.182
1777832039.268284,23,25,0.069,0.002,0.591,112.505
1777832040.3001745,23,25,0.131,0.004,0.779,115.99
1777832041.309819,23,25,0.062,0.002,0.404,112.277
1777832042.321003,23,25,0.058,0.002,0.398,111.793
1777832043.3325698,23,25,0.067,0.002,0.513,111.787
1777832044.3420427,23,21,0.053,0.002,0.63,110.304
1777832045.3575745,23,21,0.052,0.002,0.351,112.301
1777832046.3704023,23,21,0.055,0.002,0.345,113.951
1777832047.3819485,23,21,0.053,0.002,0.464,111.354
1777832048.3887708,23,21,0.179,0.002,0.362,109.047
1777832049.397312,23,9,0.042,0.002,0.176,109.1
1777832050.411586,23,9,0.032,0.001,0.177,111.777
1777832051.4184983,23,9,0.031,0.002,0.181,108.822
1777832052.433488,23,9,0.039,0.002,0.19,112.803
1777832053.4514723,23,9,0.135,0.002,0.183,117.559
1777832054.4536998,23,25,0.042,0.002,0.515,109.978
1777832055.4719498,23,25,0.063,0.002,0.417,118.979
1777832056.4999087,23,25,0.051,0.002,0.409,110.526
1777832057.5168953,23,25,0.055,0.001,0.385,116.241
1777832058.522429,23,25,0.055,0.002,0.587,110.192
1777832059.5404124,23,21,0.056,0.002,0.473,112.624
1777832060.549748,23,21,0.045,0.06,0.399,110.646
1777832061.5593004,23,21,0.115,0.002,0.561,110.568
1777832062.5658798,23,21,0.057,0.001,0.361,109.737
1777832063.6009,23,21,0.043,0.002,0.349,129.515
1777832064.594278,23,9,0.15,0.002,0.194,111.529
1777832065.599961,23,9,0.031,0.002,0.183,108.217
1777832066.6100423,23,9,0.03,0.002,0.267,109.49
1777832067.6209161,23,9,0.032,0.002,0.182,110.572
1777832068.636071,23,9,0.032,0.002,0.171,114.714
1777832069.6474233,23,25,0.046,0.002,0.381,118.33
1777832070.651647,23,25,0.058,0.002,0.413,110.26
1777832071.6624162,23,25,0.127,0.002,0.401,110.962
1777832072.6777468,23,25,0.062,0.002,0.403,114.272
1777832073.7005312,23,25,0.058,0.002,0.492,113.671
1777832074.7138717,23,25,0.071,0.002,0.404,111.648
1777832075.7206008,23,25,0.175,0.002,0.505,109.005
1777832076.7333908,23,25,0.053,0.001,0.493,110.834
1777832077.744286,23,25,0.06,0.002,0.554,110.719
1777832078.7584052,23,25,0.064,0.002,0.403,116.597
1777832079.7652087,23,25,0.052,0.002,0.622,111.298
1777832080.7964303,23,25,0.08,0.002,0.835,130.315
1777832081.7893417,23,25,0.066,0.002,0.623,110.778
1777832082.8082101,23,25,0.06,0.002,0.52,112.852
1777832083.8204026,23,25,0.06,0.002,0.639,112.452
1777832084.839251,23,21,0.055,0.002,0.489,111.947
1777832085.8492737,23,21,0.051,0.002,0.473,111.385
1777832086.859342,23,21,0.051,0.001,0.617,111.007
1777832087.8707054,23,21,0.051,0.002,0.457,110.947
1777832088.8854706,23,21,0.055,0.002,0.492,111.967
1777832089.8953393,23,25,0.05,0.002,0.392,109.043
1777832090.912376,23,25,0.057,0.002,0.54,112.685
1777832091.9236276,23,25,0.062,0.002,0.401,112.206
1777832092.9381473,23,25,0.059,0.001,0.393,112.022
1777832093.9426768,23,25,0.06,0.002,0.426,108.504
1777832094.9565384,23,25,0.133,0.002,0.481,111.195
1777832095.9697223,23,25,0.062,0.002,0.522,112.62
1777832096.9963348,23,25,0.058,0.002,0.409,131.619
1777832097.9879467,23,25,0.053,0.001,0.582,112.72
1777832098.9955306,23,25,0.06,0.002,0.404,108.824
1777832100.0063503,23,25,0.057,0.002,0.523,110.551
1777832101.020458,23,25,0.057,0.002,0.556,111.853
1777832102.029098,23,25,0.057,0.002,0.629,110.372
1777832103.049736,23,25,0.049,0.002,0.39,114.601
1777832104.0613842,23,25,0.061,0.002,0.647,111.228
1777832105.076975,23,25,0.061,0.002,0.397,111.439
1777832106.0823371,23,25,0.13,0.002,0.644,109.159
1777832107.0993817,23,25,0.062,0.002,0.562,111.608
1777832108.1058145,23,25,0.06,0.002,0.398,108.497
1777832109.1250985,23,25,0.069,0.002,0.426,117.394
1777832110.125167,23,25,0.065,0.002,0.66,110.215
1777832111.1314375,23,25,0.054,0.002,0.406,108.186
1777832112.1423905,23,25,0.055,0.002,0.418,108.737
1777832113.151536,23,25,0.057,0.002,0.396,109.758
1777832114.172663,23,25,0.068,0.002,0.414,112.736
1777832115.1896994,23,25,0.063,0.002,0.432,119.256
1777832116.1920793,23,25,0.072,0.001,0.571,113.694
1777832117.1996164,23,25,0.063,0.002,0.4,110.979
1777832118.2132094,23,25,0.128,0.004,0.701,116.123
1777832119.215893,23,25,0.158,0.002,0.386,110.569
1777832120.2422807,23,5,0.043,0.002,0.123,111.158
1777832121.2604666,23,5,0.023,0.001,0.115,112.014
1777832122.272029,23,5,0.029,0.001,0.124,110.659
1777832123.2871091,23,5,0.031,0.002,0.266,112.305
1777832124.2978144,23,25,0.138,0.002,0.398,113.063
1777832125.3052645,23,25,0.067,0.002,0.649,111.265
1777832126.322242,23,25,0.065,0.002,0.52,110.887
1777832127.332596,23,25,0.103,0.002,0.523,111.218
1777832128.3496623,23,25,0.067,0.002,0.457,112.49
1777832129.3548808,23,25,0.068,0.003,0.393,108.894
1777832130.3720398,23,25,0.059,0.002,0.393,113.649
1777832131.3765059,23,25,0.061,0.002,0.634,109.871
1777832132.3945985,23,25,0.062,0.001,0.429,112.281
1777832133.4020607,23,25,0.055,0.002,0.425,109.807
1777832134.417671,23,25,0.058,0.002,0.588,111.533
1777832135.423658,23,25,0.056,0.002,0.396,108.697
1777832136.4348302,23,25,0.058,0.002,0.405,109.452
1777832137.4476013,23,25,0.055,0.002,0.416,110.88
1777832138.4672496,23,25,0.048,0.001,0.385,120.362
1777832139.465308,23,25,0.059,0.002,0.523,109.649
1777832140.4802756,23,25,0.057,0.002,0.736,111.264
1777832141.4894314,23,25,0.137,0.002,0.505,109.002
1777832142.5045502,23,25,0.116,0.002,0.42,110.706
1777832143.5185823,23,25,0.051,0.002,0.514,114.806
1777832144.5271926,23,25,0.051,0.001,0.533,111.289
1777832145.539693,23,25,0.051,0.002,0.418,110.474
1777832146.5490785,23,25,0.057,0.002,0.519,108.075
1777832147.559981,23,25,0.055,0.002,0.403,109.169
1777832148.5682025,23,25,0.058,0.002,0.483,109.714
1777832149.5848405,23,25,0.059,0.002,0.399,111.379
1777832150.599661,23,25,0.056,0.002,0.503,111.418
1777832151.605115,23,25,0.056,0.002,0.526,108.659
1777832152.6162386,23,25,0.063,0.002,0.661,110.037
1777832153.6321971,23,25,0.051,0.002,0.572,110.037
1777832154.6483948,23,25,0.067,0.002,0.506,111.549
1777832155.657708,23,25,0.061,0.001,0.408,110.736
1777832156.6664674,23,25,0.056,0.002,0.4,109.363
1777832157.6745067,23,25,0.135,0.002,0.556,109.775
1777832158.681535,23,25,0.109,0.002,0.413,109.089
1777832159.694659,23,25,0.07,0.002,0.402,111.34
1777832160.702313,23,25,0.067,0.002,0.554,109.55
1777832161.7111945,23,25,0.057,0.002,0.535,109.262
1777832162.7216325,23,25,0.053,0.002,0.481,110.939
1777832163.7357779,23,25,0.055,0.002,0.49,110.379
1777832164.7449634,23,5,0.039,0.002,0.119,109.284
1777832165.7511895,23,5,0.027,0.002,0.141,108.259
1777832166.7647777,23,5,0.023,0.002,0.118,108.984
1777832167.775945,23,5,0.024,0.002,0.119,110.425
1777832168.7880075,23,5,0.028,0.002,0.247,110.023
1777832169.79762,23,25,0.049,0.002,0.416,109.802
1777832170.8084624,23,25,0.061,0.002,0.594,109.383
1777832171.824713,23,25,0.15,0.002,0.42,111.976
1777832172.8402424,23,25,0.07,0.002,0.533,111.956
1777832173.8466842,23,25,0.067,0.002,0.413,109.526
1777832174.8600845,23,25,0.069,0.002,0.535,112.721
1777832175.8751552,23,25,0.058,0.002,0.519,112.016
1777832176.888432,23,25,0.057,0.002,0.543,111.263
1777832177.8967135,23,25,0.155,0.002,0.43,110.075
1777832178.9126732,23,25,0.051,0.002,0.397,109.997
1777832179.9268758,23,5,0.038,0.001,0.116,115.386
1777832180.9370468,23,5,0.023,0.002,0.11,117.12
1777832181.942126,23,5,0.022,0.001,0.454,109.756
1777832182.9570353,23,5,0.024,0.001,0.117,116.982
1777832183.9598453,23,5,0.026,0.002,0.12,112.341
1777832184.9759192,23,25,0.043,0.002,0.395,111.428
1777832185.991439,23,25,0.057,0.001,0.633,111.728
1777832186.9989502,23,25,0.057,0.002,0.398,108.635
1777832188.009525,23,25,0.066,0.002,0.51,109.387
1777832189.0246768,23,25,0.066,0.002,0.404,111.813
1777832190.0310938,23,25,0.104,0.002,0.406,108.814
1777832191.0516555,23,25,0.093,0.002,0.571,114.032
1777832192.0574834,23,25,0.059,0.002,0.556,109.926
1777832193.068564,23,25,0.056,0.002,0.483,110.373
1777832194.0808773,23,25,0.063,0.002,0.495,111.337
1777832195.0904713,23,5,0.038,0.001,0.121,109.929
1777832196.1076972,23,5,0.026,0.001,0.12,117.223
1777832197.1103928,23,5,0.029,0.001,0.141,110.192
1777832198.1252527,23,5,0.025,0.002,0.119,114.843
1777832199.1402657,23,5,0.026,0.001,0.127,112.073
1777832200.1473088,23,25,0.045,0.002,0.537,111.692
1777832201.1572838,23,25,0.056,0.002,0.472,110.42
1777832202.1624136,23,25,0.057,0.002,0.418,107.194
1777832203.2057538,23,25,0.051,0.002,0.542,110.476
1777832204.2154765,23,25,0.055,0.002,0.559,109.359
1777832205.2345645,23,25,0.058,0.002,0.392,112.879
1777832206.2400997,23,25,0.064,0.002,0.398,108.904
1777832207.2542148,23,25,0.072,0.002,0.619,111.935
1777832208.271921,23,25,0.061,0.002,0.397,112.794
1777832209.2775807,23,25,0.252,0.002,0.459,109.131
1777832210.296496,23,25,0.142,0.002,0.429,111.691
1777832211.3123028,23,25,0.057,0.002,0.54,110.778
1777832212.3189137,23,25,0.055,0.002,0.4,108.703
1777832213.337278,23,25,0.075,0.003,0.437,118.398
1777832214.3404536,23,25,0.067,0.001,0.428,110.54
1777832215.3529603,23,25,0.063,0.002,0.653,111.761
1777832216.3692787,23,25,0.058,0.002,0.538,111.96
1777832217.383541,23,25,0.138,0.002,0.478,110.687
1777832218.391267,23,25,0.06,0.002,0.512,108.583
1777832219.402671,23,25,0.062,0.002,0.454,110.911
1777832220.4178264,23,5,0.048,0.002,0.128,112.023
1777832221.4294124,23,5,0.024,0.002,0.126,113.91
1777832222.4357073,23,5,0.023,0.001,0.119,109.565
1777832223.4458296,23,5,0.023,0.001,0.12,109.286
1777832224.4548995,23,5,0.036,0.002,0.132,108.46
1777832225.4704626,23,25,0.044,0.001,0.392,116.467
1777832226.4806461,23,25,0.056,0.002,0.5,117.162
1777832227.4885037,23,25,0.057,0.002,0.549,116.843
1777832228.5122776,23,25,0.058,0.002,0.417,126.234
1777832229.5173814,23,25,0.079,0.002,0.408,115.605
1777832230.528887,23,25,0.064,0.002,0.396,116.421
1777832231.5383792,23,25,0.127,0.003,0.434,110.015
1777832232.5583673,23,25,0.063,0.002,0.519,112.83
1777832233.5649264,23,25,0.1,0.002,0.4,108.632
1777832234.5785697,23,25,0.062,0.002,0.414,112.645
1777832235.5921595,23,5,0.039,0.002,0.118,117.445
1777832236.5964453,23,5,0.026,0.001,0.225,110.573
1777832237.60369,23,5,0.024,0.001,0.122,108.458
1777832238.6203744,23,5,0.024,0.002,0.117,114.804
1777832239.655845,23,25,0.041,0.001,0.404,112.207
1777832240.6682153,23,25,0.066,0.002,0.403,116.464
1777832241.6714365,23,25,0.055,0.002,0.389,110.492
1777832242.6770732,23,25,0.06,0.002,0.408,108.087
1777832243.6942112,23,25,0.055,0.002,0.418,112.139
1777832244.7053988,23,25,0.067,0.002,0.529,112.234
1777832245.7190728,23,25,0.055,0.002,0.493,117.426
1777832246.7353492,23,25,0.051,0.002,0.385,124.597
1777832247.729136,23,25,0.071,0.002,0.503,110.715
1777832248.7392294,23,25,0.15,0.002,0.509,110.457
1777832249.7531736,23,25,0.057,0.002,0.693,111.056
1777832250.7656295,23,25,0.064,0.002,0.396,112.287
1777832251.7772784,23,25,0.055,0.002,0.477,109.839
1777832252.808651,23,25,0.056,0.002,0.569,133.213
1777832253.7975671,23,25,0.064,0.002,0.54,112.272
1777832254.8125992,23,25,0.061,0.001,0.685,111.888
1777832255.8207724,23,25,0.058,0.001,0.401,109.665
1777832256.838147,23,25,0.061,0.001,0.425,114.08
1777832257.8527868,23,25,0.057,0.001,0.412,112.455
1777832258.862447,23,25,0.229,0.002,0.418,113.205
1777832259.8699865,23,5,0.045,0.002,0.12,111.796
1777832260.8825488,23,5,0.027,0.001,0.126,112.382
1777832261.902812,23,5,0.036,0.002,0.252,116.228
1777832262.9179454,23,5,0.039,0.002,0.114,123.205
1777832263.9165773,23,5,0.131,0.001,0.148,111.077
1777832264.929361,23,25,0.057,0.002,0.516,112.144
1777832265.9366612,23,25,0.057,0.002,0.395,109.372
1777832266.9573977,23,25,0.055,0.002,0.607,111.696
1777832267.9667013,23,25,0.057,0.002,0.495,111.24
1777832268.9804244,23,25,0.057,0.002,0.513,112.375
1777832269.9912822,23,25,0.053,0.002,0.524,111.14
1777832271.0043979,23,25,0.056,0.002,0.519,111.695
1777832272.0105636,23,25,0.066,0.004,0.425,108.701
1777832273.0266254,23,25,0.063,0.003,0.432,116.853
1777832274.032475,23,25,0.056,0.001,0.674,114.538
1777832275.051521,23,5,0.034,0.002,0.129,123.82
1777832276.0463738,23,5,0.024,0.002,0.121,109.073
1777832277.057809,23,5,0.026,0.001,0.226,110.138
1777832278.0679781,23,5,0.028,0.002,0.128,109.667
1777832279.0844529,23,5,0.025,0.002,0.116,115.708
1777832280.0937378,23,25,0.045,0.001,0.426,110.127
1777832281.114319,23,25,0.061,0.002,0.522,112.933
1777832282.1211705,23,25,0.054,0.002,0.594,110.005
1777832283.1331155,23,25,0.06,0.002,0.519,109.874
1777832284.152664,23,25,0.062,0.002,0.407,111.122
1777832285.164247,23,25,0.057,0.002,0.511,111.684
1777832286.171392,23,25,0.056,0.002,0.408,110.276
1777832287.1838863,23,25,0.062,0.002,0.394,111.004
1777832288.1993444,23,25,0.057,0.002,0.401,111.252
1777832289.2162552,23,25,0.054,0.002,0.392,117.63
1777832290.2163866,23,25,0.053,0.002,0.52,108.998
1777832291.2370636,23,25,0.054,0.002,0.504,112.625
1777832292.2408273,23,25,0.06,0.002,0.42,107.63
1777832293.2544897,23,25,0.064,0.002,0.736,111.813
1777832294.2695496,23,25,0.071,0.002,0.503,110.908
1777832295.284559,23,25,0.056,0.002,0.5,111.312
1777832296.29113,23,25,0.059,0.002,0.651,110.666
1777832297.3104036,23,25,0.057,0.002,0.4,112.389
1777832298.3231294,23,25,0.063,0.002,0.405,112.64
1777832299.3290505,23,25,0.078,0.002,0.518,109.55
1777832300.3489144,23,25,0.056,0.002,0.394,112.292
1777832301.3587196,23,25,0.061,0.002,0.492,111.407
1777832302.369557,23,25,0.056,0.002,0.529,111.126
1777832303.3828037,23,25,0.056,0.001,0.388,117.521
1777832304.3975163,23,25,0.116,0.002,0.398,109.327
1777832305.41556,23,25,0.062,0.002,0.396,112.081
1777832306.429413,23,25,0.056,0.001,0.419,115.791
1777832307.4429107,23,25,0.074,0.002,0.394,112.114
1777832308.4506843,23,25,0.057,0.002,0.52,109.186
1777832309.4652436,23,25,0.054,0.001,0.503,110.228
1777832310.47393,23,25,0.066,0.002,0.425,109.257
1777832311.5050044,23,25,0.051,0.002,0.512,127.798
1777832312.5045686,23,25,0.141,0.002,0.39,117.785
1777832313.5036478,23,25,0.058,0.001,0.504,108.279
1777832314.523296,23,25,0.054,0.001,0.497,111.483
1777832315.5326426,23,25,0.065,0.002,0.507,110.264
1777832316.5492609,23,25,0.062,0.002,0.582,111.567
1777832317.5774736,23,25,0.052,0.002,0.574,111.766
1777832318.5870273,23,25,0.06,0.002,0.666,110.474
1777832319.601977,23,25,0.121,0.003,0.403,110.651
1777832320.6087031,23,5,0.036,0.002,0.12,108.372
1777832321.6286523,23,5,0.026,0.001,0.233,110.413
1777832322.6367147,23,5,0.076,0.002,0.13,108.604
1777832323.646762,23,5,0.031,0.002,0.129,108.84
1777832324.6655464,23,5,0.031,0.001,0.126,111.961
1777832325.6773303,23,25,0.041,0.001,0.503,111.568
1777832326.684328,23,25,0.067,0.002,0.399,109.526
1777832327.6980555,23,25,0.06,0.002,0.539,112.32
1777832328.710412,23,25,0.055,0.001,0.393,115.772
1777832329.7192254,23,25,0.053,0.002,0.631,112.687
1777832330.7294056,23,25,0.054,0.002,0.528,112.161
1777832331.7426064,23,25,0.057,0.002,0.384,118.109
1777832332.7443492,23,25,0.052,0.002,0.587,110.442
1777832333.7502408,23,25,0.058,0.002,0.511,109.004
1777832334.76329,23,25,0.06,0.002,0.408,112.127
1777832335.7834866,23,9,0.044,0.002,0.179,114.222
1777832336.7906911,23,9,0.035,0.002,0.271,110.464
1777832337.8074524,23,9,0.036,0.002,0.19,110.261
1777832338.814089,23,9,0.034,0.002,0.183,107.787
1777832339.8277094,23,9,0.038,0.002,0.18,112.054
1777832340.838416,23,25,0.047,0.002,0.518,111.733
1777832341.8502443,23,25,0.072,0.002,0.406,111.672
1777832342.8595858,23,25,0.055,0.002,0.392,110.328
1777832343.8660822,23,25,0.123,0.002,0.406,109.004
1777832344.876812,23,25,0.103,0.002,0.404,108.684
1777832345.8944855,23,21,0.056,0.002,0.348,111.309
1777832346.9087126,23,21,0.059,0.002,0.346,110.276
1777832347.9245899,23,21,0.174,0.002,0.396,110.766
1777832348.9361882,23,21,0.054,0.001,0.346,115.285
1777832349.9403248,23,25,0.057,0.002,0.51,109.983
1777832350.957933,23,25,0.06,0.001,0.565,111.564
1777832351.971254,23,25,0.115,0.002,0.579,109.52
1777832352.9893935,23,25,0.06,0.001,0.525,113.634
1777832353.9981728,23,25,0.149,0.002,0.65,110.091
1777832355.0140903,23,25,0.054,0.001,0.507,111.993
1777832356.0307581,23,25,0.062,0.002,0.496,112.068
1777832357.0443,23,25,0.073,0.002,0.551,111.123
1777832358.0581582,23,25,0.058,0.002,0.537,111.071
1777832359.0701354,23,25,0.057,0.002,0.609,112.064
1777832360.0765016,23,25,0.061,0.002,0.397,110.294
1777832361.0906157,23,25,0.151,0.003,0.404,114.826
1777832362.1030266,23,25,0.056,0.002,0.394,116.208
1777832363.105871,23,25,0.062,0.002,0.526,108.746
1777832364.1215267,23,25,0.058,0.002,0.432,109.21
1777832365.1347983,23,25,0.056,0.002,0.417,111.785
1777832366.1427813,23,25,0.063,0.002,0.518,111.089
1777832367.1495554,23,25,0.055,0.001,0.503,108.204
1777832368.1657124,23,25,0.061,0.002,0.389,111.624
1777832369.1779275,23,25,0.054,0.001,0.401,109.112
1777832370.1979747,23,5,0.04,0.001,0.12,118.501
1777832371.198766,23,5,0.025,0.001,0.121,109.613
1777832372.2253451,23,5,0.026,0.002,0.129,126.974
1777832373.221331,23,5,0.025,0.001,0.114,114.537
1777832374.2283099,23,5,0.025,0.002,0.121,110.855
1777832375.2430165,23,25,0.05,0.002,0.422,116.719
1777832376.244867,23,25,0.063,0.002,0.426,109.421
1777832377.2662501,23,25,0.056,0.002,0.523,111.825
1777832378.280151,23,25,0.062,0.002,0.539,109.966
1777832379.299672,23,25,0.063,0.002,0.411,113.018
1777832380.3132029,23,25,0.053,0.001,0.409,116.725
1777832381.322579,23,25,0.056,0.002,0.539,111.659
1777832382.3309584,23,25,0.062,0.002,0.404,109.609
1777832383.367575,23,25,0.052,0.001,0.525,131.211
1777832384.3598979,23,25,0.063,0.002,0.448,109.148
1777832385.3724325,23,25,0.13,0.003,0.405,110.319
1777832386.3778758,23,25,0.052,0.002,0.503,108.27
1777832387.3920617,23,25,0.055,0.002,0.389,111.256
1777832388.4065094,23,25,0.059,0.002,0.476,111.103
1777832389.4194403,23,25,0.052,0.002,0.4,117.685
1777832390.4197023,23,25,0.19,0.002,0.396,109.092
1777832391.431066,23,25,0.066,0.002,0.576,109.786
1777832392.444875,23,25,0.052,0.002,0.381,110.784
1777832393.4596841,23,25,0.069,0.002,0.415,112.35
1777832394.4738042,23,25,0.075,0.002,0.433,118.864
1777832395.4844887,23,5,0.051,0.002,0.131,112.164
1777832396.4937735,23,5,0.021,0.002,0.119,110.179
1777832397.5089207,23,5,0.023,0.001,0.237,117.149
1777832398.5193524,23,5,0.024,0.001,0.118,116.631
1777832399.5188065,23,5,0.024,0.001,0.124,107.932
1777832400.5424445,23,25,0.063,0.003,0.447,118.263
1777832401.5498908,23,25,0.059,0.002,0.407,117.902
1777832402.5594037,23,25,0.063,0.002,0.54,118.89
1777832403.5645785,23,25,0.181,0.002,0.513,110.408
1777832404.5802705,23,25,0.054,0.002,0.404,118.333
1777832405.578574,23,25,0.062,0.002,0.508,108.603
1777832406.5923612,23,25,0.057,0.002,0.606,110.253
1777832407.6059825,23,25,0.055,0.002,0.397,116.019
1777832408.6183195,23,25,0.06,0.002,0.55,114.98
1777832409.6234918,23,25,0.056,0.002,0.493,109.81
1777832410.635759,23,5,0.046,0.002,0.234,110.338
1777832411.649508,23,5,0.026,0.002,0.125,108.454
1777832412.6667776,23,5,0.026,0.002,0.116,116.919
1777832413.665848,23,5,0.025,0.002,0.123,107.759
1777832414.6826975,23,5,0.026,0.002,0.22,111.247
1777832415.6957994,23,25,0.056,0.002,0.603,110.988
1777832416.7054093,23,25,0.057,0.002,0.548,109.552
1777832417.7190166,23,25,0.065,0.002,0.532,111.564
1777832418.728721,23,25,0.072,0.002,0.417,110.794
1777832419.7372139,23,25,0.067,0.002,0.416,108.425
1777832420.7538676,23,25,0.063,0.002,0.399,111.757
1777832421.7643352,23,25,0.061,0.002,0.605,110.568
1777832422.7722313,23,25,0.057,0.002,0.406,109.44
1777832423.779228,23,25,0.054,0.002,0.522,108.077
1777832424.7970583,23,25,0.067,0.002,0.413,118.873
1777832425.8071303,23,25,4.159,0.003,2.348,122.456
1777832426.8072972,23,25,0.069,0.002,0.416,110.407
1777832427.8169289,23,25,0.072,0.002,0.405,111.759
1777832428.8233955,23,25,0.067,0.002,0.419,108.505
1777832429.832841,23,25,0.068,0.002,0.43,108.275
1777832430.8457818,23,25,0.062,0.002,0.576,108.48
1777832431.8647575,23,25,0.085,0.003,0.733,112.005
1777832432.8728688,23,25,0.061,0.002,0.396,110.741
1777832433.884673,23,25,0.054,0.001,0.395,112.957
1777832434.896636,23,25,0.058,0.002,0.41,115.283
1777832435.901756,23,5,0.041,0.001,0.119,111.653
1777832436.9070957,23,5,0.024,0.001,0.12,108.836
1777832437.9205804,23,5,0.025,0.002,0.177,110.183
1777832438.9301732,23,5,0.028,0.002,0.123,108.797
1777832439.9393148,23,5,0.024,0.001,0.121,108.488
1777832440.9563692,23,25,0.045,0.001,0.507,110.757
1777832441.974342,23,25,0.057,0.001,0.528,111.313
1777832442.9857922,23,25,0.055,0.002,0.397,115.131
1777832443.991776,23,25,0.061,0.002,0.431,110.27
1777832445.006999,23,25,0.069,0.002,0.669,111.015
1777832446.02257,23,25,0.063,0.002,0.41,111.396
1777832447.0466568,23,25,0.233,0.002,0.453,110.642
1777832448.0618532,23,25,0.062,0.002,0.412,116.925
1777832449.0721636,23,25,0.053,0.002,0.538,111.289
1777832450.088321,23,25,0.052,0.002,0.624,112.045
1777832451.093239,23,5,0.04,0.002,0.123,108.016
1777832452.1096869,23,5,0.024,0.002,0.115,116.601
1777832453.11895,23,5,0.023,0.001,0.115,117.857
1777832454.124206,23,5,0.023,0.001,0.119,109.587
1777832455.1378422,23,5,0.027,0.002,0.126,112.097
1777832456.143387,23,25,0.039,0.002,0.525,109.235
1777832457.1562169,23,25,0.052,0.002,0.629,111.028
1777832458.1742432,23,25,0.066,0.002,0.788,111.847
1777832459.1855202,23,25,0.054,0.003,0.638,111.276
1777832460.2122984,23,25,0.053,0.002,0.403,130.579
1777832461.1988578,23,25,0.055,0.001,0.401,108.438
1777832462.209568,23,25,0.061,0.002,0.395,109.981
1777832463.2242339,23,25,0.055,0.002,0.386,116.58
1777832464.231716,23,25,0.07,0.002,0.528,116.501
1777832465.2377777,23,25,0.064,0.002,0.436,109.824
1777832466.248883,23,5,0.042,0.002,0.14,110.249
1777832467.258534,23,5,0.026,0.001,0.124,109.305
1777832468.2700243,23,5,0.029,0.002,0.132,109.258
1777832469.2866678,23,5,0.024,0.001,0.113,116.415
1777832470.2876272,23,25,0.048,0.002,0.577,109.327
1777832471.2963893,23,25,0.054,0.002,0.53,109.528
1777832472.3304043,23,25,0.052,0.002,0.401,134.486
1777832473.3377771,23,25,0.098,0.003,1.35,125.233
1777832474.3314297,23,25,0.057,0.002,0.398,110.312
1777832475.343873,23,25,0.059,0.002,0.392,111.967
1777832476.3576593,23,25,0.061,0.002,0.538,111.326
1777832477.3711658,23,25,0.073,0.002,0.68,112.562
1777832478.3838592,23,25,0.057,0.001,0.417,117.322
1777832479.3862686,23,25,0.06,0.002,0.409,109.833
1777832480.3975673,23,5,0.042,0.001,0.118,113.767
1777832481.4098558,23,5,0.025,0.002,0.116,118.039
1777832482.4127846,23,5,0.028,0.001,0.129,110.028
1777832483.4235384,23,5,0.027,0.001,0.126,110.142
1777832484.4426725,23,5,0.021,0.001,0.112,121.738
1777832485.4383373,23,25,0.047,0.002,0.54,109.636
1777832486.4493837,23,25,0.054,0.002,0.603,109.453
1777832487.4680576,23,25,0.054,0.002,0.394,111.158
1777832488.478347,23,25,0.05,0.002,0.592,110.135
1777832489.490772,23,25,0.051,0.002,0.489,109.695
1777832490.5107915,23,25,0.055,0.002,0.416,112.13
1777832491.5271666,23,25,0.062,0.002,0.638,110.811
1777832492.5365083,23,25,0.053,0.001,0.394,109.779
1777832493.5515006,23,25,0.052,0.001,0.404,110.249
1777832494.558832,23,25,0.055,0.001,0.424,109.075
1777832495.5715065,23,25,0.051,0.002,0.405,110.289
1777832496.5778341,23,25,0.054,0.001,0.549,108.593
1777832497.5921679,23,25,0.06,0.002,0.422,111.788
1777832498.606994,23,25,0.056,0.001,0.395,110.571
1777832499.6169305,23,25,0.186,0.002,0.531,109.048
1777832500.6295986,23,25,0.247,0.002,0.418,111.002
1777832501.6370764,23,25,0.057,0.002,0.434,107.898
1777832502.6555917,23,25,0.057,0.002,0.4,112.214
1777832503.684465,23,25,0.052,0.002,0.399,130.798
1777832504.6697447,23,25,0.054,0.001,0.403,108.054
1777832505.6828156,23,5,0.045,0.002,0.161,109.679
1777832506.6957617,23,5,0.023,0.001,0.116,114.337
1777832507.7073486,23,5,0.024,0.002,0.118,109.885
1777832508.7188087,23,5,0.026,0.001,0.129,110.426
1777832509.7302783,23,5,0.023,0.001,0.123,108.55
1777832510.744261,23,25,0.041,0.001,0.557,110.975
1777832511.7555127,23,25,0.056,0.002,0.393,110.851
1777832512.7683783,23,25,0.15,0.002,0.409,110.183
1777832513.7794256,23,25,0.051,0.002,0.501,109.854
1777832514.7913404,23,25,0.055,0.002,0.398,110.677
1777832515.8298202,23,25,0.052,0.001,0.384,140.313
1777832516.8083045,23,25,0.065,0.002,0.396,108.793
1777832517.822298,23,25,0.067,0.002,0.628,111.862
1777832518.8355699,23,25,0.066,0.002,0.426,112.853
1777832519.8604534,23,25,0.063,0.002,0.413,120.685
1777832520.8971603,23,25,0.055,0.002,0.523,139.987
1777832521.8744285,23,25,0.057,0.099,0.41,110.126
1777832522.8890827,23,25,0.058,0.002,0.401,111.55
1777832523.8995373,23,25,0.052,0.002,0.409,110.028
1777832524.9188142,23,25,0.056,0.002,0.521,113.405
1777832525.9324298,23,25,0.052,0.002,0.504,112.286
1777832526.940816,23,25,0.058,0.002,0.501,110.409
1777832527.9540539,23,25,0.054,0.002,0.392,110.791
1777832528.9664624,23,25,0.051,0.002,0.516,112.05
1777832529.980319,23,25,0.121,0.002,0.518,109.451
1777832530.997471,23,25,0.057,0.002,0.531,118.55
1777832531.9984577,23,25,0.059,0.002,0.403,110.131
1777832533.0113027,23,25,0.069,0.002,0.57,114.29
1777832534.0205722,23,25,0.054,0.001,0.383,115.736
1777832535.0301483,23,25,0.058,0.002,0.526,111.481
1777832536.0371363,23,25,0.058,0.002,0.587,109.473
1777832537.054364,23,25,0.052,0.002,0.591,112.101
1777832538.069856,23,25,0.103,0.003,0.898,112.174
1777832539.0773861,23,25,0.056,0.002,0.417,109.444
1777832540.0932243,23,25,0.06,0.002,0.536,111.41
1777832541.0993087,23,5,0.037,0.001,0.12,109.419
1777832542.1101274,23,5,0.025,0.001,0.119,109.543
1777832543.1244564,23,5,0.033,0.002,0.131,110.611
1777832544.1403835,23,5,0.029,0.002,0.13,110.904
1777832545.1502655,23,5,0.161,0.002,0.162,110.801
1777832546.1673837,23,25,0.043,0.002,0.53,111.226
1777832547.172321,23,25,0.057,0.002,0.517,108.903
1777832548.188715,23,25,0.055,0.001,0.431,111.99
1777832549.1968296,23,25,0.056,0.002,0.407,109.661
1777832550.221378,23,25,0.046,0.002,0.394,123.45
1777832551.21479,23,25,0.055,0.002,0.393,109.096
1777832552.2287383,23,25,0.064,0.002,0.549,112.044
1777832553.235563,23,25,0.067,0.002,0.406,110.18
1777832554.2473218,23,25,0.126,0.002,0.569,110.965
1777832555.2634344,23,25,0.056,0.002,0.561,111.331
1777832556.2808104,23,5,0.034,0.002,0.119,112.18
1777832557.2887528,23,5,0.025,0.001,0.16,109.795
1777832558.3027706,23,5,0.025,0.001,0.187,111.657
1777832559.3186533,23,5,0.023,0.001,0.117,117.911
1777832560.3276908,23,5,0.026,0.002,0.123,110.486
1777832561.3373559,23,25,0.14,0.002,0.502,112.162
1777832562.3537805,23,25,0.059,0.002,0.515,118.063
1777832563.359554,23,25,0.132,0.002,0.487,111.139
1777832564.3832655,23,25,0.053,0.001,0.393,118.08
1777832565.390604,23,25,0.069,0.002,1.202,113.524
1777832566.400675,23,25,0.063,0.002,0.495,112.656
1777832567.4064014,23,25,0.136,0.002,0.412,109.585
1777832568.4148617,23,25,0.055,0.001,0.402,108.836
1777832569.4324534,23,25,0.056,0.002,0.428,111.248
1777832570.4453604,23,25,0.088,0.002,0.54,113.266
1777832571.4530122,23,5,0.037,0.002,0.21,110.163
1777832572.471519,23,5,0.026,0.002,0.117,111.188
1777832573.4869115,23,5,0.022,0.001,0.114,110.328
1777832574.5000925,23,5,0.098,0.002,0.203,112.606
1777832575.507416,23,5,0.027,0.001,0.127,110.2
1777832576.5218315,23,25,0.05,0.002,0.432,112.492
1777832577.5310414,23,25,0.057,0.002,0.486,110.977
1777832578.5400777,23,25,0.05,0.001,0.414,111.638
1777832579.5504558,23,25,0.055,0.002,0.534,110.219
1777832580.564149,23,25,0.06,0.002,0.391,111.482
1777832581.5748813,23,25,0.056,0.002,0.398,110.901
1777832582.592728,23,25,0.061,0.002,0.525,118.26
1777832583.5964336,23,25,0.055,0.002,0.519,111.071
1777832584.6090708,23,25,0.052,0.002,0.403,111.465
1777832585.6222339,23,5,0.05,0.002,0.13,117.091
1777832586.631236,23,5,0.025,0.001,0.14,111.208
1777832587.6474392,23,5,0.024,0.001,0.117,111.031
1777832588.6614735,23,5,0.027,0.001,0.121,116.287
1777832589.6656082,23,5,0.024,0.001,0.118,109.488
1777832590.7004092,23,25,0.041,0.002,0.596,132.843
1777832591.6943407,23,25,0.053,0.002,0.397,109.337
1777832592.7054985,23,25,0.134,0.002,0.474,110.245
1777832593.7159743,23,25,0.054,0.002,0.415,109.483
1777832594.7312667,23,25,0.065,0.002,0.583,112.221
1777832595.7455382,23,25,0.139,0.002,0.507,110.444
1777832596.7560308,23,25,0.185,0.002,0.4,108.677
1777832597.7663147,23,25,0.055,0.002,0.401,108.801
1777832598.7784088,23,25,0.059,0.002,0.52,109.782
1777832599.7925987,23,25,0.078,0.002,0.396,114.469
1777832600.804327,23,5,0.047,0.002,0.124,118.048
1777832601.8094995,23,5,0.029,0.001,0.128,110.11
1777832602.8308568,23,5,0.023,0.002,0.116,122.393
1777832603.8281446,23,5,0.025,0.001,0.213,109.427
1777832604.8402848,23,5,0.027,0.001,0.123,110.43
1777832605.8463614,23,25,0.046,0.002,0.492,108.294
1777832606.8583138,23,25,0.058,0.002,0.531,109.716
1777832607.871514,23,25,0.187,0.002,0.413,111.772
1777832608.8874276,23,25,0.058,0.002,0.518,112.164
1777832609.891385,23,25,0.05,0.002,0.557,108.489
1777832610.911219,23,25,0.06,0.002,0.591,112.74
1777832611.9197729,23,25,0.055,0.002,0.401,110.463
1777832612.9303389,23,25,0.053,0.001,0.715,110.477
1777832613.9396029,23,25,0.071,0.003,0.446,110.222
1777832614.9547722,23,25,0.057,0.002,0.39,116.85
1777832615.955957,23,25,0.055,0.002,0.539,109.041
1777832616.96746,23,25,0.055,0.002,0.484,109.855
1777832617.9854648,23,25,0.141,0.002,0.409,111.633
1777832618.9929314,23,25,0.066,0.002,0.396,109.407
1777832620.007539,23,25,0.063,0.074,0.407,110.612
1777832621.0165148,23,25,0.054,0.002,0.4,108.368
1777832622.0302706,23,25,0.055,0.002,0.52,110.742
1777832623.041941,23,25,0.051,0.002,0.408,107.638
1777832624.0520778,23,25,0.057,0.002,0.393,107.515
1777832625.0634677,23,25,0.059,0.002,0.664,109.417
1777832626.0769799,23,5,0.041,0.001,0.125,110.281
1777832627.0958803,23,5,0.032,0.002,0.129,113.259
1777832628.1094053,23,5,0.028,0.001,0.122,112.576
1777832629.1188304,23,5,0.026,0.002,0.121,110.594
1777832630.1257427,23,5,0.023,0.001,0.122,107.733
1777832631.1427786,23,25,0.044,0.001,0.396,112.119
1777832632.1606543,23,25,0.058,0.002,0.417,112.479
1777832633.167904,23,25,0.055,0.002,0.405,110.186
1777832634.1835015,23,25,0.239,0.002,0.495,118.407
1777832635.193876,23,25,0.055,0.001,0.391,111.191
1777832636.2008278,23,25,0.05,0.002,0.536,108.664
1777832637.2181828,23,25,0.062,0.002,0.753,117.271
1777832638.2218623,23,25,0.057,0.002,0.384,110.101
1777832639.2331743,23,25,0.068,0.002,0.666,110.644
1777832640.2513034,23,25,0.067,0.002,0.634,112.411
1777832641.2572272,23,25,0.062,0.002,0.408,109.989
1777832642.2716846,23,25,0.06,0.001,0.415,109.873
1777832643.2897465,23,25,0.057,0.001,0.499,110.458
1777832644.304622,23,25,0.055,0.002,0.394,117.889
1777832645.3144057,23,25,0.058,0.002,0.486,111.857
1777832646.324224,23,25,0.06,0.002,0.563,111.514
1777832647.3390167,23,25,0.058,0.002,0.532,110.514
1777832648.3497484,23,25,0.057,0.002,0.395,109.688
1777832649.363373,23,25,0.062,0.002,0.501,112.255
1777832650.3745956,23,25,0.058,0.001,0.384,112.247
1777832651.3792002,23,5,0.041,0.002,0.25,109.043
1777832652.3958387,23,5,0.029,0.001,0.24,111.845
1777832653.4055548,23,5,0.026,0.001,0.123,110.88
1777832654.4171703,23,5,0.105,0.002,0.128,110.233
1777832655.4260547,23,5,0.036,0.001,0.127,109.52
1777832656.4437096,23,25,0.141,0.002,0.484,110.384
1777832657.4636145,23,25,0.055,0.001,0.517,111.677
1777832658.475705,23,25,0.062,0.002,0.403,111.576
1777832659.4873397,23,25,0.066,0.002,0.395,115.801
1777832660.5001314,23,25,0.055,0.001,0.598,111.93
1777832661.5074015,23,25,0.052,0.001,0.534,109.205
1777832662.520995,23,25,0.053,0.002,0.513,107.885
1777832663.5353928,23,25,0.052,0.002,0.511,111.746
1777832664.562016,23,25,0.054,0.002,0.417,130.898
1777832665.5573106,23,25,0.065,0.002,0.392,116.71
1777832666.5617118,23,25,0.064,0.002,0.526,110.628
1777832667.5718122,23,25,0.058,0.002,0.398,111.125
1777832668.5769756,23,25,0.053,0.001,0.395,108.341
1777832669.592421,23,25,0.166,0.003,0.402,110.298
1777832670.607029,23,25,0.055,0.001,0.599,117.326
1777832671.6120887,23,25,0.148,0.002,0.543,110.411
1777832672.6251214,23,25,0.054,0.001,0.502,110.869
1777832673.6351225,23,25,0.054,0.002,0.395,109.544
1777832674.64552,23,25,0.153,0.002,0.412,110.169
1777832675.657664,23,25,0.055,0.002,0.392,110.38
1777832676.6729667,23,25,0.05,0.001,0.418,118.31
1777832677.6804535,23,25,0.174,0.002,0.532,110.462
1777832678.697346,23,25,0.052,0.002,0.548,110.735
1777832679.704304,23,25,0.053,0.001,0.416,108.546
1777832680.722454,23,25,0.067,0.002,0.53,112.198
1777832681.7345996,23,25,0.056,0.001,0.414,113.466
1777832682.7413373,23,25,0.062,0.002,0.604,110.462
1777832683.7541194,23,25,0.057,0.001,0.536,111.832
1777832684.766086,23,25,0.053,0.002,0.423,109.336
1777832685.7834427,23,25,0.059,0.002,0.395,112.192
1777832686.7917545,23,5,0.037,0.001,0.119,109.155
1777832687.7978005,23,5,0.023,0.001,0.192,108.137
1777832688.806513,23,5,0.028,0.001,0.125,108.978
1777832689.8180242,23,5,0.028,0.002,0.121,112.477
1777832690.8285403,23,5,0.028,0.002,0.129,112.058
1777832691.8404055,23,25,0.044,0.001,0.512,112.437
1777832692.8462763,23,25,0.061,0.002,0.407,110.214
1777832693.8638616,23,25,0.06,0.002,0.489,110.95
1777832694.8771198,23,25,0.114,0.002,0.727,111.315
1777832695.8834088,23,25,0.061,0.001,0.538,109.19
1777832696.8931408,23,25,0.055,0.001,0.613,109.832
1777832697.902165,23,25,0.055,0.001,0.423,108.122
1777832698.9186225,23,25,0.051,0.001,0.397,111.202
1777832699.9363244,23,25,0.057,0.002,0.592,111.004
1777832700.94427,23,25,0.067,0.002,0.623,109.975
1777832701.954478,23,25,0.05,0.002,0.531,109.3
1777832702.9636636,23,25,0.052,0.002,0.402,108.267
1777832703.9777493,23,25,0.058,0.002,0.486,110.606
1777832704.9929662,23,25,0.053,0.001,0.396,111.831
1777832706.0012453,23,25,0.055,0.001,0.59,109.981
1777832707.0194604,23,25,0.134,0.002,0.408,110.771
1777832708.0371985,23,25,0.047,0.002,0.391,114.454
1777832709.0467343,23,25,0.057,0.002,0.516,113.975
1777832710.0562363,23,25,0.057,0.002,0.585,110.781
1777832711.0661728,23,25,0.053,0.002,0.499,110.304
1777832712.0832298,23,25,0.051,0.002,0.545,110.206
1777832713.1015682,23,25,0.063,0.002,0.514,112.964
1777832714.1118505,23,25,0.066,0.002,0.513,112.491
1777832715.1167583,23,25,0.062,0.002,0.408,109.623
1777832716.128196,23,25,0.152,0.002,0.574,110.837
1777832717.1441646,23,25,0.06,0.002,0.628,111.507
1777832718.1555545,23,25,0.069,0.002,0.407,110.613
1777832719.1663857,23,25,0.054,0.002,0.697,110.193
1777832720.180496,23,25,0.055,0.001,0.507,108.523
1777832721.2147412,23,5,0.031,0.002,0.112,129.176
1777832722.2019928,23,5,0.025,0.001,0.119,108.524
1777832723.2185435,23,5,0.027,0.001,0.121,109.98
1777832724.2358234,23,5,0.029,0.001,0.125,118.583
1777832725.2404966,23,5,0.028,0.001,0.124,111.008
1777832726.2484167,23,25,0.043,0.002,0.534,109.845
1777832727.2666657,23,25,0.055,0.002,0.399,110.065
1777832728.2805955,23,25,0.059,0.002,0.418,116.159
1777832729.286657,23,25,0.066,0.003,0.51,111.56
1777832730.2970974,23,25,0.082,0.003,0.551,113.609
1777832731.3059845,23,25,0.146,0.002,0.423,109.788
1777832732.3208835,23,25,0.052,0.001,0.39,108.839
1777832733.330517,23,25,0.141,0.002,0.399,109.528
1777832734.3393955,23,25,0.059,0.002,0.405,108.697
1777832735.3649712,23,25,0.054,0.001,0.381,116.991
1777832736.3764231,23,5,0.037,0.002,0.122,110.884
1777832737.3976305,23,5,0.031,0.002,0.125,116.65
1777832738.4123304,23,5,0.026,0.001,0.118,113.892
1777832739.423367,23,5,0.032,0.002,0.126,112.809
1777832740.436775,23,5,0.033,0.001,0.178,109.273
1777832741.459727,23,25,0.051,0.002,0.548,116.808
1777832742.471283,23,25,0.058,0.002,0.502,111.056
1777832743.484623,23,25,0.057,0.001,0.439,112.287
1777832744.497242,23,25,0.069,0.002,0.677,117.575
1777832745.500431,23,25,0.085,0.003,0.546,111.329
1777832746.5157762,23,25,0.061,0.002,0.408,111.237
1777832747.527197,23,25,0.059,0.002,0.516,111.578
1777832748.5354912,23,25,0.154,0.002,0.424,110.263
1777832749.542083,23,25,0.051,0.001,0.536,108.679
1777832750.5531573,23,25,0.102,0.003,0.692,111.543
1777832751.578558,23,25,0.076,0.002,0.441,118.751
1777832752.5856688,23,25,0.055,0.001,0.396,110.023
1777832753.603969,23,25,0.055,0.002,0.39,111.299
1777832754.6172056,23,25,0.056,0.001,0.545,112.505
1777832755.6251404,23,25,0.072,0.002,0.701,111.062
1777832756.6418417,23,25,0.055,0.002,0.383,111.735
1777832757.6512933,23,25,0.053,0.002,0.682,109.857
1777832758.6640143,23,25,0.055,0.002,0.429,110.988
1777832759.6696434,23,25,0.068,0.002,0.435,108.026
1777832760.6820123,23,25,0.07,0.002,0.464,110.893
1777832761.7000072,23,25,0.053,0.002,0.408,112.412
1777832762.7069323,23,25,0.056,0.002,0.476,110.469
1777832763.7203941,23,25,0.051,0.001,0.414,116.135
1777832764.725259,23,25,0.058,0.002,0.697,110.682
1777832765.736228,23,25,0.053,0.001,0.409,114.337
1777832766.7403877,23,25,0.185,0.002,0.4,109.085
1777832767.752972,23,25,0.058,0.001,0.489,110.82
1777832768.7680123,23,25,0.049,0.002,0.371,118.003
1777832769.7735116,23,25,0.227,0.002,0.49,111.918
1777832770.778624,23,25,0.051,0.001,0.409,108.832
1777832771.7968655,23,25,0.06,0.002,0.411,119.211
1777832772.7977293,23,25,0.054,0.002,0.397,109.181
1777832773.8048487,23,25,0.063,0.002,0.426,108.196
1777832774.823742,23,25,0.056,0.002,0.428,117.974
1777832775.8255801,23,25,0.06,0.002,0.404,109.522
1777832776.8374498,23,25,0.057,0.002,0.421,110.365
1777832777.8495662,23,25,0.054,0.002,0.766,111.73
1777832778.8567019,23,25,0.054,0.001,0.428,109.64
1777832779.8650088,23,25,0.054,0.002,0.539,109.298
1777832780.8912418,23,25,0.048,0.002,0.511,124.609
1777832781.8927019,23,25,0.053,0.002,0.42,111.276
1777832782.902539,23,25,0.176,0.002,0.43,110.169
1777832783.9153204,23,25,0.053,0.002,0.393,115.578
1777832784.920387,23,25,0.049,0.002,0.555,109.977
1777832785.9389584,23,25,0.166,0.002,0.412,110.708
1777832786.9663074,23,25,0.051,0.002,0.397,127.543
1777832787.9637556,23,25,0.14,0.002,0.399,107.804
1777832788.978135,23,25,0.119,0.002,0.405,110.638
1777832789.9869597,23,25,0.054,0.002,0.422,109.799
1777832791.0021482,23,25,0.058,0.002,0.543,112.427
1777832792.0062246,23,25,0.051,0.001,0.517,108.633
1777832793.021748,23,25,0.163,0.002,0.394,110.224
1777832794.035263,23,25,0.146,0.002,0.624,111.06
1777832795.0525491,23,25,0.052,0.001,0.454,117.168
1777832796.0582552,23,25,0.055,0.002,0.559,112.05
1777832797.061986,23,25,0.252,0.002,0.46,108.941
1777832798.078285,23,25,0.056,0.002,0.51,112.493
1777832799.088705,23,25,0.052,0.002,0.419,112.011
1777832800.0926414,23,25,0.052,0.002,0.402,108.488
1777832801.1043994,23,25,0.247,0.001,0.533,110.972
1777832802.11436,23,25,0.057,0.002,0.392,110.579
1777832803.12076,23,25,0.054,0.002,0.426,108.334
1777832804.1365557,23,25,0.055,0.002,0.398,108.958
1777832805.1518724,23,25,0.067,0.002,0.539,109.638
1777832806.1636496,23,25,0.055,0.002,0.407,112.44
1777832807.1724963,23,25,0.06,0.002,0.703,109.824
1777832808.1824439,23,25,0.054,0.002,0.577,109.875
1777832809.1985328,23,25,0.068,0.001,0.412,112.463
1777832810.2095733,23,25,0.076,0.13,0.528,111.371
1777832811.218269,23,5,0.042,0.002,0.121,108.792
1777832812.2413096,23,5,0.025,0.001,0.116,123.551
1777832813.2443109,23,5,0.215,0.002,0.134,110.38
1777832814.2548125,23,5,0.028,0.002,0.125,109.697
1777832815.2661061,23,5,0.104,0.002,0.314,111.835
1777832816.2821777,23,25,0.042,0.001,0.515,112.028
1777832817.2936544,23,25,0.165,0.002,0.445,112.206
1777832818.3276496,23,25,0.047,0.002,0.387,130.466
1777832819.3220472,23,25,0.057,0.002,0.519,112.66
1777832820.3318188,23,25,0.052,0.001,0.417,111.575
1777832821.3457642,23,25,0.054,0.002,0.393,116.582
1777832822.352735,23,25,0.059,0.001,0.512,111.589
1777832823.362043,23,25,0.054,0.002,0.39,110.126
1777832824.3745666,23,25,0.053,0.001,0.505,111.34
1777832825.388766,23,25,0.174,0.001,0.399,110.365
1777832826.397277,23,5,0.041,0.002,0.303,110.61
1777832827.4059823,23,5,0.023,0.001,0.118,108.365
1777832828.4199352,23,5,0.028,0.002,0.124,110.976
1777832829.4274318,23,5,0.023,0.002,0.131,109.215
1777832830.441914,23,5,0.023,0.001,0.116,108.5
1777832831.4544277,23,25,0.14,0.002,0.391,109.804
1777832832.4612157,23,25,0.063,0.002,0.522,109.513
1777832833.4813752,23,25,0.063,0.002,0.542,112.209
1777832834.4903774,23,25,0.164,0.002,0.738,110.656
1777832835.5020785,23,25,0.054,0.001,0.491,111.35
1777832836.5146706,23,25,0.054,0.001,0.395,111.276
1777832837.5191147,23,25,0.058,0.002,0.547,108.763
1777832838.5328221,23,25,0.096,0.003,0.438,111.526
1777832839.5453389,23,25,0.065,0.001,0.526,112.082
1777832840.5556612,23,25,0.163,0.002,0.501,110.781
1777832841.5651336,23,25,0.062,0.002,0.597,110.287
1777832842.5948014,23,25,0.055,0.002,0.409,132.173
1777832843.5806293,23,25,0.061,0.001,0.411,109.225
1777832844.6007726,23,25,0.061,0.002,0.404,112.697
1777832845.6102467,23,25,0.054,0.001,0.51,111.184
1777832846.629235,23,25,0.061,0.002,0.534,113.961
1777832847.6378918,23,25,0.054,0.002,0.382,111.377
1777832848.6538663,23,25,0.057,0.001,0.563,112.144
1777832849.667895,23,25,0.06,0.002,0.43,112.365
1777832850.6740868,23,25,0.062,0.002,0.594,109.963
1777832851.6818767,23,5,0.045,0.002,0.127,108.531
1777832852.6986508,23,5,0.025,0.001,0.118,115.958
1777832853.7032506,23,5,0.023,0.001,0.119,110.96
1777832854.7094488,23,5,0.022,0.001,0.12,108.14
1777832855.7317946,23,5,0.023,0.001,0.11,115.444
1777832856.7377527,23,25,0.038,0.001,0.396,110.407
1777832857.7446556,23,25,0.06,0.002,0.472,108.723
1777832858.7616735,23,25,0.056,0.001,0.403,111.166
1777832859.7697704,23,25,0.051,0.002,0.419,108.386
1777832860.7823808,23,25,0.055,0.002,0.508,111.254
1777832861.7901595,23,25,0.053,0.002,0.388,109.733
1777832862.7983408,23,25,0.052,0.001,0.566,110.432
1777832863.808701,23,25,0.156,0.003,0.51,111.66
1777832864.8241174,23,25,0.071,0.001,0.652,116.045
1777832865.8264036,23,25,0.057,0.002,0.412,111.086
1777832866.856521,23,25,0.047,0.001,0.415,131.414
1777832867.8448217,23,25,0.055,0.002,0.386,110.585
1777832868.8657627,23,25,0.057,0.001,0.397,116.666
1777832869.8674939,23,25,0.069,0.002,0.41,110.622
1777832870.8794947,23,25,0.057,0.002,0.397,112.781
1777832871.891095,23,25,0.052,0.002,0.382,114.15
1777832872.8933747,23,25,0.052,0.002,0.389,109.547
1777832873.908594,23,25,0.055,0.001,0.39,114.161
1777832874.9085114,23,25,0.059,0.002,0.425,108.289
1777832875.9191058,23,25,0.068,0.002,0.384,110.476
1777832876.9268186,23,25,0.059,0.002,0.385,110.485
1777832877.93551,23,25,0.074,0.002,0.423,108.232
1777832878.969212,23,25,0.057,0.001,0.41,115.563
1777832879.9807324,23,25,0.057,0.002,0.403,114.222
1777832880.9853337,23,25,0.069,0.001,0.512,109.396
1777832882.0018368,23,25,0.058,0.002,0.496,111.133
1777832883.0088584,23,25,0.053,0.002,0.398,109.426
1777832884.0198057,23,25,0.158,0.002,0.404,109.542
1777832885.035697,23,25,0.052,0.002,0.394,115.993
1777832886.0490837,23,25,0.08,0.002,0.754,111.584
1777832887.065449,23,5,0.039,0.002,0.117,117.2
1777832888.0704312,23,5,0.023,0.001,0.196,110.721
1777832889.0816007,23,5,0.032,0.002,0.123,111.172
1777832890.0918791,23,5,0.023,0.002,0.119,110.004
1777832891.1087792,23,5,0.024,0.002,0.122,111.026
1777832892.119407,23,25,0.039,0.001,0.432,111.003
1777832893.1298106,23,25,0.161,0.001,0.39,110.775
1777832894.1460738,23,25,0.051,0.002,0.705,115.855
1777832895.1563714,23,25,0.054,0.002,0.517,111.573
1777832896.1672595,23,25,0.056,0.002,0.66,111.302
1777832897.1828263,23,25,0.062,0.002,0.547,118.733
1777832898.1927004,23,25,0.063,0.002,0.401,112.118
1777832899.203905,23,25,0.064,0.002,0.409,112.427
1777832900.215685,23,25,0.079,0.002,0.4,111.875
1777832901.2275376,23,25,0.06,0.002,0.406,111.075
1777832902.2394948,23,25,0.06,0.002,0.588,111.234
1777832903.2489018,23,25,0.058,0.001,0.407,108.828
1777832904.26748,23,25,0.064,0.002,0.512,111.526
1777832905.2799885,23,25,0.051,0.002,0.5,111.447
1777832906.2931485,23,25,0.147,0.002,0.55,111.469
1777832907.3056774,23,25,0.065,0.001,0.394,115.558
1777832908.310918,23,25,0.063,0.002,0.526,109.904
1777832909.3272626,23,25,0.071,0.002,0.516,112.251
1777832910.3432324,23,25,0.084,0.003,0.425,111.55
1777832911.358025,23,25,0.056,0.002,0.599,118.675
1777832912.3623044,23,25,0.066,0.002,0.592,111.594
1777832913.378697,23,25,0.057,0.001,0.408,109.7
1777832914.3954062,23,25,0.141,0.002,0.401,115.0
1777832915.4042742,23,25,0.051,0.002,0.397,109.132
1777832916.4173324,23,25,0.062,0.001,0.407,111.977
1777832917.4249644,23,25,0.062,0.003,0.691,109.304
1777832918.4408178,23,25,0.052,0.001,0.387,118.329
1777832919.4432702,23,25,0.055,0.002,0.403,109.136
1777832920.4519002,23,25,0.059,0.002,0.401,109.113
1777832921.4663439,23,25,0.063,0.002,0.791,111.653
1777832922.477203,23,5,0.038,0.001,0.121,110.82
1777832923.4838865,23,5,0.024,0.001,0.126,108.352
1777832924.4993985,23,5,0.029,0.001,0.126,112.854
1777832925.5067272,23,5,0.026,0.001,0.122,108.602
1777832926.5169563,23,25,0.041,0.001,0.504,108.474
1777832927.529894,23,25,0.053,0.002,0.389,112.476
1777832928.5331342,23,25,0.056,0.001,0.522,108.391
1777832929.54662,23,25,0.059,0.002,0.409,111.207
1777832930.5598152,23,25,0.056,0.002,0.407,110.563
1777832931.569896,23,25,0.057,0.002,0.555,109.366
1777832932.5870175,23,25,0.058,0.002,0.401,108.905
1777832933.6046681,23,25,0.055,0.002,0.396,111.703
1777832934.6173534,23,25,0.057,0.002,0.603,110.672
1777832935.6324627,23,25,0.152,0.002,0.407,118.431
1777832936.6310956,23,5,0.041,0.002,0.138,107.866
1777832937.6461084,23,5,0.023,0.001,0.221,111.132
1777832938.6614146,23,5,0.025,0.001,0.115,118.159
1777832939.6660857,23,5,0.026,0.001,0.329,111.086
1777832940.6774101,23,5,0.024,0.002,0.119,110.753
1777832941.6884162,23,25,0.044,0.001,0.525,110.475
1777832942.7052472,23,25,0.087,0.003,0.427,113.544
1777832943.7117324,23,25,0.065,0.002,0.415,110.858
1777832944.7190905,23,25,0.061,0.002,0.542,110.453
1777832945.7326314,23,25,0.062,0.002,0.428,112.513
1777832946.7419045,23,25,0.066,0.002,0.413,111.372
1777832947.7628305,23,25,0.062,0.001,0.404,115.301
1777832948.767564,23,25,0.068,0.002,0.599,110.143
1777832949.780315,23,25,0.075,0.003,0.448,108.843
1777832950.8200204,23,25,0.099,0.002,0.454,118.646
1777832951.828548,23,25,0.064,0.002,0.404,111.991
1777832952.8362384,23,25,0.174,0.002,0.558,111.508
1777832953.84425,23,25,0.118,0.002,0.664,110.736
1777832954.8591423,23,25,0.056,0.002,0.657,111.773
1777832955.9337916,23,25,0.075,0.002,0.402,114.301
1777832956.9371023,23,25,0.061,0.002,0.415,110.51
1777832957.942492,23,25,0.064,0.002,0.404,109.182
1777832958.957757,23,25,0.063,0.002,0.393,112.747
1777832959.9747589,23,25,0.067,0.002,0.401,112.15
1777832960.9871624,23,25,0.053,0.002,0.714,112.306
1777832962.0208745,23,5,0.042,0.001,0.136,111.604
1777832963.0261025,23,5,0.026,0.001,0.124,109.113
1777832964.0420759,23,5,0.025,0.001,0.123,111.667
1777832965.0581434,23,5,0.03,0.001,0.276,118.936
1777832966.0606756,23,5,0.036,0.002,0.142,110.49
1777832967.077972,23,25,0.063,0.002,0.4,118.068
1777832968.0818942,23,25,0.056,0.002,0.396,110.685
1777832969.0918787,23,25,0.056,0.002,0.399,113.636
1777832970.101339,23,25,0.058,0.002,0.612,115.78
1777832971.1014361,23,25,0.06,0.002,0.405,109.007
1777832972.114586,23,25,0.054,0.002,0.387,110.703
1777832973.1289372,23,25,0.053,0.002,0.526,111.903
1777832974.1352198,23,25,0.055,0.002,0.391,108.758
1777832975.1506596,23,25,0.055,0.001,0.408,115.962
1777832976.159604,23,25,0.067,0.002,0.42,112.89
1777832977.184214,23,25,0.065,0.002,0.715,118.148
1777832978.1873758,23,25,0.053,0.002,0.41,113.521
1777832979.196935,23,25,0.055,0.002,0.411,116.327
1777832980.2032025,23,25,0.062,0.002,0.593,110.885
1777832981.2164419,23,25,0.062,0.002,0.394,116.448
1777832982.218449,23,25,0.06,0.002,0.409,108.968
1777832983.2391813,23,25,0.062,0.002,0.674,112.655
1777832984.2501707,23,25,0.061,0.002,0.402,111.02
1777832985.2599344,23,25,0.059,0.002,0.491,110.547
1777832986.273373,23,25,0.058,0.002,0.605,111.027
1777832987.2832294,23,5,0.045,0.002,0.129,109.665
1777832988.293137,23,5,0.026,0.002,0.21,109.526
1777832989.3050537,23,5,0.028,0.002,0.225,110.854
1777832990.3238182,23,5,0.031,0.002,0.134,112.063
1777832991.3280742,23,5,0.029,0.001,0.132,109.526
1777832992.3415868,23,25,0.041,0.002,0.4,115.871
1777832993.345167,23,25,0.064,0.002,0.527,109.95
1777832994.3582578,23,25,0.055,0.002,0.57,111.96
1777832995.3645678,23,25,0.062,0.001,0.394,109.452
1777832996.372686,23,25,0.057,0.002,0.423,109.926
1777832997.3966937,23,25,0.052,0.001,0.391,111.611
1777832998.4110472,23,25,0.056,0.001,0.393,111.111
1777832999.426129,23,25,0.065,0.002,0.393,108.815
1777833000.4371622,23,25,0.055,0.002,0.568,110.74
1777833001.4504507,23,25,0.067,0.002,0.501,115.775
1777833002.4580631,23,25,0.054,0.001,0.391,108.408
1777833003.4719434,23,25,0.053,0.002,0.4,110.742
1777833004.4859018,23,25,0.054,0.001,0.415,114.34
1777833005.4958189,23,25,0.059,0.002,0.393,110.76
1777833006.52306,23,25,0.117,0.003,0.727,123.132
1777833007.5241253,23,25,0.063,0.002,0.544,111.984
1777833008.5359728,23,25,0.065,0.002,0.535,113.11
1777833009.5473568,23,25,0.071,0.002,0.573,111.553
1777833010.5542495,23,25,0.058,0.002,0.6,108.625
1777833011.5692396,23,25,0.06,0.002,0.397,111.785
1777833012.580409,23,25,0.07,0.002,0.518,111.775
1777833013.59383,23,25,0.054,0.001,0.397,118.006
1777833014.597758,23,25,0.052,0.002,0.437,110.867
1777833015.6153443,23,25,0.064,0.002,0.418,110.893
1777833016.6258128,23,25,0.064,0.002,0.414,109.831
1777833017.64069,23,25,0.055,0.001,0.396,112.107
1777833018.6460676,23,25,0.101,0.002,0.574,108.812
1777833019.6670668,23,25,0.079,0.002,0.511,112.9
1777833020.6771693,23,25,0.056,0.011,0.521,111.933
1777833021.6921842,23,25,0.057,0.002,0.392,115.634
1777833022.6930575,23,5,0.041,0.002,0.12,108.061
1777833023.7008553,23,5,0.023,0.002,0.118,108.126
1777833024.715213,23,5,0.03,0.002,0.261,111.072
1777833025.7205412,23,5,0.026,0.001,0.124,107.742
1777833026.735872,23,5,0.022,0.001,0.099,111.752
1777833027.7400136,23,25,0.045,0.002,0.586,108.398
1777833028.7534308,23,25,0.052,0.002,0.585,110.291
1777833029.7613297,23,25,0.066,0.002,0.582,109.739
1777833030.7705092,23,25,0.062,0.002,0.425,109.866
1777833031.7791367,23,25,0.075,0.002,0.523,110.375
1777833032.8018694,23,25,0.062,0.002,0.392,117.959
1777833033.8060038,23,25,0.053,0.002,0.393,109.668
1777833034.820494,23,25,0.149,0.002,0.439,112.412
1777833035.8286295,23,25,0.07,0.002,0.414,110.156
1777833036.850673,23,25,0.063,0.002,0.544,116.023
1777833037.8582919,23,25,0.08,0.002,0.443,111.038
1777833038.8677742,23,25,0.057,0.002,0.516,110.571
1777833039.8868585,23,25,0.055,0.002,0.408,111.856
1777833040.900527,23,25,0.063,0.002,0.405,112.126
1777833041.9096324,23,25,0.06,0.001,0.4,110.839
1777833042.9195564,23,25,0.127,0.002,0.4,109.95
1777833043.9333534,23,25,0.075,0.003,0.65,112.094
1777833044.9522405,23,25,0.061,0.002,0.562,112.517
1777833045.9663868,23,25,0.071,0.001,0.526,111.633
1777833046.9703953,23,5,0.041,0.002,0.121,108.325
1777833047.9815118,23,5,0.025,0.001,0.121,108.828
1777833048.9908028,23,5,0.023,0.001,0.117,108.452
1777833050.0115504,23,5,0.025,0.001,0.118,111.63
1777833051.021572,23,5,0.024,0.001,0.117,110.364
1777833052.030203,23,25,0.051,0.002,0.545,109.637
1777833053.0439947,23,25,0.055,0.002,0.407,112.137
1777833054.0519407,23,25,0.055,0.002,0.398,110.312
1777833055.061262,23,25,0.058,0.002,0.398,108.32
1777833056.0925477,23,25,0.051,0.002,0.405,129.578
1777833057.0836892,23,25,0.053,0.002,0.545,109.431
1777833058.1028104,23,25,0.056,0.002,0.502,111.128
1777833059.1112947,23,25,0.058,0.002,0.716,109.647
1777833060.124073,23,25,0.071,0.003,0.47,115.107
1777833061.1313393,23,25,0.058,0.002,0.566,111.486
1777833062.1495442,23,5,0.048,0.002,0.114,121.656
1777833063.1494615,23,5,0.031,0.002,0.129,110.508
1777833064.157702,23,5,0.025,0.002,0.118,108.785
1777833065.1746771,23,5,0.023,0.001,0.21,109.629
1777833066.186664,23,5,0.026,0.002,0.128,110.148
1777833067.19386,23,25,0.044,0.001,0.397,110.168
1777833068.2036867,23,25,0.064,0.002,0.385,112.4
1777833069.207402,23,25,0.067,0.002,0.79,108.52
1777833070.2181253,23,25,0.062,0.002,0.643,109.414
1777833071.230266,23,25,0.081,0.002,0.527,110.341
1777833072.2444758,23,25,0.156,0.003,0.422,111.036
1777833073.2654839,23,25,0.07,0.002,0.416,112.301
1777833074.2749028,23,25,0.067,0.002,0.518,108.912
1777833075.2873735,23,25,0.056,0.002,0.545,110.309
1777833076.3018188,23,25,0.068,0.002,0.411,111.345
1777833077.3111255,23,5,0.038,0.001,0.38,109.984
1777833078.320095,23,5,0.027,0.001,0.125,108.916
1777833079.3393316,23,5,0.025,0.002,0.196,111.291
1777833080.3432007,23,5,0.024,0.001,0.118,108.072
1777833081.358555,23,5,0.027,0.001,0.124,112.781
1777833082.3732615,23,25,0.047,0.001,0.513,111.872
1777833083.3846714,23,25,0.062,0.002,0.417,110.517
1777833084.401412,23,25,0.059,0.002,0.484,111.856
1777833085.411524,23,25,0.058,0.002,0.589,111.817
1777833086.4183977,23,25,0.058,0.002,0.409,108.83
1777833087.437636,23,25,0.052,0.001,0.487,111.538
1777833088.4512374,23,25,0.056,0.002,0.553,109.441
1777833089.4661674,23,25,0.057,0.001,0.541,110.595
1777833090.4728281,23,25,0.055,0.001,0.416,109.011
1777833091.4857526,23,25,0.062,0.002,0.422,112.617
1777833092.4968011,23,25,0.06,0.001,0.387,113.17
1777833093.5051913,23,25,0.053,0.001,0.53,109.806
1777833094.5260265,23,25,0.065,0.002,0.437,112.54
1777833095.5375824,23,25,0.067,0.002,0.404,113.159
1777833096.5544446,23,25,0.064,0.002,0.602,111.833
1777833097.5733404,23,25,0.072,0.002,0.6,116.315
1777833098.579683,23,25,0.067,0.002,0.47,110.998
1777833099.5911949,23,25,0.058,0.002,0.546,111.506
1777833100.5997849,23,25,0.056,0.002,0.515,108.566
1777833101.6146717,23,25,0.052,0.002,0.483,111.484
1777833102.6250496,23,5,0.039,0.002,0.118,108.832
1777833103.634594,23,5,0.023,0.002,0.12,110.045
1777833104.6473577,23,5,0.026,0.001,0.219,115.067
1777833105.6532838,23,5,0.024,0.001,0.118,110.659
1777833106.6626377,23,5,0.023,0.001,0.21,110.017
1777833107.6744003,23,25,0.047,0.001,0.537,111.945
1777833108.6874783,23,25,0.174,0.001,0.416,112.068
1777833109.697342,23,25,0.065,0.002,0.538,111.142
1777833110.7042396,23,25,0.058,0.001,0.531,108.839
1777833111.720288,23,25,0.055,0.001,0.581,111.74
1777833112.7247758,23,25,0.054,0.002,0.394,108.752
1777833113.7423172,23,25,0.054,0.002,0.547,110.328
1777833114.7511678,23,25,0.072,0.002,0.434,109.721
1777833115.7794893,23,25,0.052,0.002,0.396,128.787
1777833116.7778034,23,25,0.056,0.002,0.521,117.546
1777833117.7755857,23,5,0.051,0.002,0.127,107.8
1777833118.7928798,23,5,0.025,0.001,0.114,117.775
1777833119.7953181,23,5,0.026,0.001,0.124,110.12
1777833120.816006,23,5,0.118,0.002,0.147,115.305
1777833121.8390634,23,5,0.035,0.002,0.231,121.35
1777833122.8404472,23,25,0.059,0.003,0.584,111.808
1777833123.8553786,23,25,0.058,0.002,0.506,111.997
1777833124.867684,23,25,0.059,0.002,0.404,112.517
1777833125.882376,23,25,0.056,0.002,0.523,115.3
1777833126.8965325,23,25,0.176,0.002,0.426,112.395
1777833127.9042351,23,25,0.058,0.002,0.555,111.08
1777833128.9219012,23,25,0.141,0.002,0.399,112.063
1777833129.9297113,23,25,0.06,0.002,0.401,109.694
1777833130.967706,23,25,0.071,0.002,0.407,116.313
1777833131.9713173,23,25,0.055,0.002,0.605,109.173
1777833132.9871006,23,25,0.171,0.002,0.417,113.646
1777833134.000409,23,25,0.064,0.001,0.621,116.583
1777833135.0161302,23,25,0.071,0.002,0.59,111.042
1777833136.0277307,23,25,0.066,0.002,0.416,112.051
1777833137.045569,23,25,0.068,0.002,0.428,112.084
1777833138.0540905,23,25,0.059,0.002,0.512,110.573
1777833139.0726655,23,25,0.064,0.002,0.445,113.407
1777833140.084801,23,25,0.075,0.002,0.421,111.905
1777833141.0926065,23,25,0.063,0.002,0.414,110.783
1777833142.108561,23,25,0.129,0.004,0.731,113.667
1777833143.112351,23,25,0.059,0.002,0.486,108.139
1777833144.1265123,23,25,0.066,0.002,0.532,108.686
1777833145.1392803,23,25,0.077,0.001,0.573,110.815
1777833146.1703887,23,25,0.082,0.003,0.584,108.669
1777833147.1811304,23,25,0.069,0.002,0.545,111.507
1777833148.1933877,23,25,0.068,0.002,0.562,111.597
1777833149.2118876,23,25,0.08,0.002,0.529,113.094
1777833150.2252548,23,25,0.07,0.002,0.511,113.382
1777833151.2384984,23,25,0.15,0.002,0.411,111.789
1777833152.2595956,23,5,0.037,0.002,0.134,115.523
1777833153.2597556,23,5,0.029,0.001,0.129,107.832
1777833154.2729828,23,5,0.027,0.001,0.153,110.736
1777833155.2815688,23,5,0.026,0.001,0.125,109.302
1777833156.295421,23,5,0.04,0.002,0.132,113.242
1777833157.303696,23,25,0.046,0.002,0.537,112.274
1777833158.3151102,23,25,0.074,0.002,0.418,112.131
1777833159.3359702,23,25,0.077,0.002,0.419,116.718
1777833160.341713,23,25,0.067,0.002,0.41,111.391
1777833161.3542218,23,25,0.095,0.003,0.935,113.177
1777833162.3620155,23,25,0.072,0.001,0.414,111.135
1777833163.372853,23,25,0.06,0.002,0.4,111.1
1777833164.3805437,23,25,0.095,0.003,0.693,110.514
1777833165.3956137,23,25,0.091,0.004,0.44,112.324
1777833166.4117165,23,25,0.079,0.002,0.415,118.461
1777833167.424274,23,5,0.045,0.002,0.126,112.733
1777833168.4358099,23,5,0.033,0.002,0.127,112.683
1777833169.451394,23,5,0.023,0.002,0.229,111.766
1777833170.4647522,23,5,0.118,0.002,0.145,113.478
1777833171.4794133,23,5,0.026,0.002,0.121,111.508
1777833172.4963603,23,25,0.05,0.002,0.426,110.528
1777833173.5116785,23,25,0.072,0.002,0.532,109.828
1777833174.522514,23,25,0.063,0.002,0.565,108.896
1777833175.5317698,23,25,0.062,0.001,0.425,109.535
1777833176.5421236,23,25,0.059,0.001,0.595,110.062
1777833177.5613997,23,25,0.06,0.002,0.803,118.473
1777833178.5766752,23,25,0.05,0.002,0.406,124.289
1777833179.5755093,23,25,0.075,0.002,0.411,111.74
1777833180.5925732,23,25,0.067,0.002,0.43,111.671
1777833181.60389,23,25,0.062,0.002,0.504,111.985
1777833182.6183863,23,5,0.055,0.002,0.127,111.975
1777833183.6248093,23,5,0.03,0.002,0.131,109.151
1777833184.6424468,23,5,0.027,0.001,0.127,110.72
1777833185.6507554,23,5,0.024,0.001,0.119,109.347
1777833186.6636424,23,5,0.027,0.002,0.122,111.993
1777833187.6697044,23,25,0.055,0.002,0.437,108.383
1777833188.6821623,23,25,0.063,0.002,0.513,109.626
1777833189.6974385,23,25,0.058,0.002,0.563,112.205
1777833190.7080092,23,25,0.073,0.002,0.517,111.179
1777833191.724623,23,25,0.059,0.001,0.391,117.681
1777833192.7291443,23,25,0.058,0.002,0.509,110.645
1777833193.747227,23,25,0.059,0.001,0.54,119.057
1777833194.7531087,23,25,0.055,0.002,0.51,112.663
1777833195.7646406,23,25,0.057,0.002,0.456,111.793
1777833196.7692614,23,25,0.058,0.002,0.528,108.88
1777833197.781167,23,5,0.044,0.001,0.242,109.704
1777833198.7962685,23,5,0.027,0.001,0.189,110.481
1777833199.8085291,23,5,0.024,0.001,0.118,111.032
1777833200.815596,23,5,0.026,0.002,0.126,107.976
1777833201.8281217,23,5,0.028,0.001,0.12,112.176
1777833202.8388472,23,25,0.046,0.002,0.412,109.623
1777833203.8464918,23,25,0.073,0.002,0.412,108.863
1777833204.8624072,23,25,0.069,0.002,0.438,110.508
1777833205.8698382,23,25,0.107,0.003,0.41,109.882
1777833206.8877602,23,25,0.073,0.002,0.41,111.96
1777833207.895398,23,25,0.088,0.002,0.518,110.041
1777833208.9081626,23,25,0.054,0.002,0.593,111.575
1777833209.9231071,23,25,0.059,0.002,0.417,115.649
1777833210.9265196,23,25,0.061,0.002,0.583,108.64
1777833211.9387584,23,25,0.06,0.002,0.504,110.468
1777833212.953184,23,5,0.069,0.003,0.324,111.01
1777833213.98229,23,5,0.024,0.002,0.115,114.368
1777833214.9917552,23,5,0.032,0.002,0.131,112.513
1777833215.9991674,23,5,0.031,0.002,0.132,110.779
1777833217.0161786,23,5,0.026,0.002,0.124,111.392
1777833218.0330508,23,25,0.047,0.002,0.656,112.172
1777833219.0460925,23,25,0.159,0.002,0.52,112.321
1777833220.0625582,23,25,0.065,0.002,0.408,112.202
1777833221.0737302,23,25,0.065,0.002,0.625,112.747
1777833222.0826273,23,25,0.065,0.002,0.451,110.77
1777833223.0940588,23,25,0.057,0.001,0.503,111.836
1777833224.1055248,23,25,0.066,0.002,0.411,114.845
1777833225.118017,23,25,0.072,0.002,0.413,111.969
1777833226.1316774,23,25,0.066,0.002,0.397,111.808
1777833227.144734,23,25,0.074,0.002,0.421,111.912
1777833228.1510236,23,5,0.047,0.002,0.211,110.245
1777833229.1604285,23,5,0.031,0.002,0.135,109.82
1777833230.1696794,23,5,0.074,0.002,0.125,108.927
1777833231.18031,23,5,0.029,0.002,0.131,109.736
1777833232.1905708,23,5,0.028,0.001,0.127,109.216
1777833233.2083263,23,25,0.056,0.002,0.535,118.272
1777833234.2087135,23,25,0.088,0.003,0.477,110.52
1777833235.2193887,23,25,0.16,0.002,0.421,110.192
1777833236.2322383,23,25,0.067,0.002,0.572,111.888
1777833237.2408946,23,25,0.061,0.002,0.439,109.246
1777833238.2547643,23,25,0.063,0.002,0.44,113.507
1777833239.2663085,23,25,0.06,0.002,0.419,113.369
1777833240.2793548,23,25,0.058,0.002,0.616,118.814
1777833241.2917323,23,25,0.075,0.002,0.551,113.381
1777833242.3002834,23,25,0.054,0.001,0.399,110.19
1777833243.3088927,23,25,0.062,0.002,0.622,108.137
1777833244.3194687,23,25,0.142,0.002,0.405,108.908
1777833245.3330958,23,25,0.059,0.002,0.536,111.149
1777833246.350769,23,25,0.054,0.002,0.42,112.479
1777833247.366628,23,25,0.058,0.001,0.429,112.425
1777833248.3825824,23,25,0.061,0.002,0.403,110.994
1777833249.3896675,23,25,0.064,0.002,0.432,108.973
1777833250.407428,23,25,0.059,0.001,0.5,112.195
1777833251.4164162,23,25,0.056,0.002,0.397,109.391
1777833252.437303,23,25,0.059,0.001,0.493,114.93
1777833253.4424767,23,5,0.041,0.002,0.126,108.718
1777833254.4556742,23,5,0.026,0.001,0.12,112.947
1777833255.4650679,23,5,0.065,0.004,0.567,115.237
1777833256.4687505,23,5,0.028,0.002,0.123,110.347
1777833257.4797919,23,5,0.031,0.002,0.125,110.675
1777833258.4986112,23,25,0.05,0.002,0.407,111.918
1777833259.5192707,23,25,0.131,0.005,1.157,121.195
1777833260.5219388,23,25,0.074,0.002,0.559,111.423
1777833261.534351,23,25,0.074,0.002,0.564,112.005
1777833262.5466995,23,25,0.07,0.002,0.42,112.064
1777833263.558363,23,25,0.064,0.002,0.524,112.68
1777833264.5672367,23,25,0.061,0.002,0.467,109.74
1777833265.58321,23,25,0.093,0.003,0.597,112.365
1777833266.607484,23,25,0.073,0.002,0.53,116.709
1777833267.6315062,23,5,0.092,0.003,0.229,119.96
1777833268.6398637,23,5,0.03,0.001,0.247,117.044
1777833269.642422,23,5,0.037,0.002,0.25,109.687
1777833270.6692805,23,5,0.026,0.001,0.129,126.728
1777833271.6680884,23,5,0.023,0.001,0.119,111.019
1777833272.6855907,23,25,0.049,0.002,0.533,111.428
1777833273.69519,23,25,0.149,0.003,0.444,111.502
1777833274.702602,23,25,0.061,0.002,0.412,110.809
1777833275.7081535,23,25,0.06,0.002,0.653,108.484
1777833276.7246947,23,25,0.054,0.002,0.404,111.365
1777833277.7347255,23,25,0.077,0.002,0.535,110.423
1777833278.7424092,23,25,0.1,0.002,0.508,109.284
1777833279.7525325,23,25,0.054,0.002,0.416,109.894
1777833280.7637837,23,25,0.053,0.002,0.418,110.509
1777833281.783663,23,25,0.072,0.002,0.422,115.682
1777833282.7898984,23,5,0.047,0.002,0.128,111.325
1777833283.8035777,23,5,0.028,0.002,0.121,114.042
1777833284.8121622,23,5,0.029,0.07,0.137,111.376
1777833285.820285,23,5,0.03,0.001,0.141,109.124
1777833286.8490987,23,5,0.026,0.002,0.123,107.91
1777833287.869031,23,25,0.049,0.002,0.398,113.179
1777833288.8812203,23,25,0.088,0.002,0.416,109.587
1777833289.8980029,23,25,0.058,0.002,0.386,116.996
1777833290.908516,23,25,0.071,0.002,0.705,111.242
1777833291.9271069,23,25,0.082,0.002,0.44,112.644
1777833292.955447,23,25,0.059,0.002,0.392,130.916
1777833293.9440243,23,25,0.068,0.002,0.512,111.633
1777833294.9505594,23,25,0.193,0.002,0.509,110.328
1777833295.9775908,23,25,0.2,0.003,0.509,125.9
1777833296.9852316,23,25,0.096,0.003,0.635,117.765
1777833297.9885638,23,5,0.072,0.002,0.252,111.095
1777833299.0033646,23,5,0.026,0.002,0.123,111.311
1777833300.012927,23,5,0.026,0.001,0.126,111.293
1777833301.024182,23,5,0.029,0.002,0.129,114.935
1777833302.032918,23,5,0.036,0.001,0.124,116.602
1777833303.034616,23,25,0.051,0.002,0.43,108.978
1777833304.0468824,23,25,0.052,0.001,0.638,110.384
1777833305.0552428,23,25,0.052,0.001,0.396,107.981
1777833306.0687184,23,25,0.061,0.002,0.603,110.829
1777833307.0791295,23,25,0.053,0.002,0.414,109.666
1777833308.0959527,23,25,0.055,0.002,0.403,118.149
1777833309.1040428,23,25,0.053,0.001,0.503,115.25
1777833310.110721,23,25,0.065,0.002,0.506,110.935
1777833311.120601,23,25,0.055,0.001,0.52,109.609
1777833312.1588342,23,25,0.069,0.002,0.56,141.122
1777833313.1471996,23,25,0.066,0.002,0.546,112.209
1777833314.1536365,23,25,0.062,0.11,0.427,108.972
1777833315.166291,23,25,0.054,0.002,0.524,110.61
1777833316.172589,23,25,0.054,0.002,0.52,108.037
1777833317.2205274,23,25,0.175,0.002,0.431,112.263
1777833318.2268345,23,25,0.165,0.002,0.402,110.225
1777833319.2383394,23,25,0.06,0.001,0.527,112.017
1777833320.2468498,23,25,0.062,0.002,0.407,110.238
1777833321.262179,23,25,0.052,0.002,0.507,116.287
1777833322.2725577,23,25,0.06,0.002,0.391,116.296
1777833323.2832067,23,25,0.064,0.002,0.562,112.051
1777833324.2969432,23,25,0.061,0.001,0.422,114.74
1777833325.3064113,23,25,0.068,0.002,0.577,113.119
1777833326.3223836,23,25,0.064,0.002,0.394,114.565
1777833327.332324,23,25,0.074,0.002,0.438,111.806
1777833328.346588,23,25,0.06,0.002,0.496,117.503
1777833329.362206,23,25,0.149,0.004,0.893,117.347
1777833330.3797183,23,25,0.06,0.002,0.404,116.578
1777833331.387767,23,25,0.071,0.002,0.401,111.906
1777833332.3952641,23,25,0.053,0.002,0.533,110.916
1777833333.411665,23,25,0.057,0.001,0.481,111.213
1777833334.4231899,23,25,0.06,0.002,0.623,111.711
1777833335.4350636,23,25,0.232,0.002,0.41,111.999
1777833336.4526026,23,25,0.086,0.002,0.503,112.063
1777833337.4674013,23,25,0.057,0.002,0.53,111.881
1777833338.4880776,23,25,0.052,0.002,0.389,123.78
1777833339.4957666,23,25,0.09,0.002,0.445,118.881
1777833340.5057082,23,25,0.066,0.003,0.524,111.903
1777833341.5260203,23,25,0.085,0.002,0.606,120.129
1777833342.5337598,23,25,0.082,0.002,0.403,111.474
1777833343.5535228,23,25,0.072,0.002,0.406,117.423
1777833344.5651855,23,25,0.072,0.002,0.411,117.824
1777833345.5646987,23,25,0.057,0.002,0.402,109.451
1777833346.586276,23,25,0.179,0.003,0.514,112.54
1777833347.6097677,23,25,0.075,0.002,0.412,118.857
1777833348.614448,23,25,0.157,0.002,0.408,112.514
1777833349.6273804,23,25,0.076,0.002,0.522,114.447
1777833350.6389377,23,25,0.061,0.002,0.495,111.462
1777833351.6496098,23,25,0.056,0.002,0.427,112.137
1777833352.659401,23,25,0.083,0.003,0.757,110.312
1777833353.669039,23,25,0.062,0.002,0.666,109.232
1777833354.6870282,23,25,0.067,0.002,0.405,115.946
1777833355.6926804,23,25,0.057,0.001,0.393,111.48
1777833356.7095494,23,25,0.066,0.002,0.402,114.508
1777833357.7163856,23,25,0.072,0.002,0.425,113.357
1777833358.7286692,23,25,0.059,0.002,0.391,115.493
1777833359.7359114,23,25,0.054,0.002,0.387,113.495
1777833360.746586,23,25,0.086,0.002,0.408,115.439
1777833361.7520208,23,25,0.061,0.002,0.417,113.84
1777833362.7609482,23,25,0.06,0.002,0.399,115.074
1777833363.7757735,23,25,0.065,0.002,0.402,115.03
1777833364.7917802,23,25,0.058,0.002,0.394,116.384
1777833365.7979946,23,25,0.113,0.003,0.813,112.502
1777833366.8134313,23,25,0.065,0.001,0.411,112.716
1777833367.8193493,23,25,0.051,0.001,0.711,109.064
1777833368.8321183,23,25,0.06,0.002,0.403,112.431
1777833369.840045,23,25,0.075,0.002,0.397,110.677
1777833370.8479207,23,25,0.066,0.002,0.425,111.33
1777833371.8549438,23,25,0.064,0.002,0.426,107.521
1777833372.8709834,23,13,0.059,0.002,0.316,112.721
1777833373.878677,23,25,0.103,0.004,0.618,112.437
1777833374.899541,23,25,0.088,0.002,0.435,120.344
1777833375.900381,23,25,0.101,0.003,0.605,110.78
1777833376.9154649,23,25,0.078,0.002,0.417,115.129
1777833377.9245386,23,25,0.064,0.002,0.425,112.847
1777833378.9290524,23,25,0.058,0.001,0.402,107.829
1777833379.9407415,23,25,0.063,0.002,0.408,113.122
1777833380.9475303,23,25,0.052,0.001,0.538,110.492
1777833381.9531796,23,25,0.196,0.002,0.392,109.549
1777833382.9701169,23,25,0.062,0.002,0.766,109.64
1777833383.9877188,23,25,0.067,0.001,0.399,115.611
1777833384.9960728,23,25,0.062,0.002,0.385,112.035
1777833386.0047,23,25,0.06,0.002,0.4,111.208
1777833387.0112813,23,25,0.075,0.002,0.713,109.493
1777833388.019719,23,25,0.071,0.002,0.405,110.798
1777833389.039056,23,25,0.057,0.001,0.402,115.14
1777833390.0446339,23,25,0.063,0.002,0.398,112.02
1777833391.0524797,23,25,0.064,0.002,0.403,110.939
1777833392.06246,23,25,0.07,0.002,0.396,112.541
1777833393.0723245,23,25,0.113,0.003,0.688,113.045
1777833394.0874622,23,25,0.061,0.002,0.387,114.488
1777833395.0910842,23,25,0.062,0.002,0.406,110.603
1777833396.1008909,23,25,0.06,0.002,0.389,111.351
1777833397.1184282,23,25,0.077,0.001,0.446,117.707
1777833398.1250422,23,25,0.063,0.002,0.412,112.39
1777833399.1449523,23,25,0.077,0.002,0.416,116.819
1777833400.1492667,23,25,0.063,0.001,0.71,111.065
1777833401.1792092,23,25,0.063,0.002,0.396,118.5
1777833402.1847336,23,25,0.061,0.002,0.427,112.337
1777833403.1958911,23,25,0.059,0.002,0.496,110.025
1777833404.2272067,23,25,0.074,0.002,0.61,113.22
1777833405.235868,23,25,0.061,0.002,0.409,111.22
1777833406.2515643,23,25,0.063,0.002,0.594,113.074
1777833407.2647867,23,25,0.066,0.002,0.43,112.755
1777833408.3414018,23,25,0.076,0.002,0.537,178.062
1777833409.2817223,23,25,0.064,0.001,0.408,109.699
1777833410.3036332,23,25,0.068,0.002,0.424,114.883
1777833411.3143923,23,25,0.127,0.002,0.485,113.841
1777833412.3243556,23,25,0.052,0.001,0.687,112.297
1777833413.3393245,23,5,0.036,0.002,0.117,112.484
1777833414.3480296,23,5,0.022,0.002,0.217,110.687
1777833415.3624573,23,5,0.025,0.001,0.115,117.116
1777833416.3655546,23,5,0.026,0.001,0.128,110.881
1777833417.3763323,23,5,0.121,0.001,0.122,111.376
1777833418.3865497,23,25,0.043,0.002,0.401,111.295
1777833419.4027834,23,25,0.059,0.002,0.426,112.608
1777833420.4186964,23,25,0.056,0.002,0.391,120.366
1777833421.4181535,23,25,0.057,0.002,0.571,110.404
1777833422.4344165,23,25,0.224,0.003,0.512,115.2
1777833423.4602752,23,25,0.103,0.003,0.849,117.768
1777833424.4687064,23,25,0.071,0.002,0.492,112.131
1777833425.4824934,23,25,0.277,0.004,0.427,114.394
1777833426.5026126,23,25,0.069,0.002,0.403,118.106
1777833427.5158412,23,25,0.159,0.002,0.408,120.674
1777833428.5124166,23,25,0.056,0.002,0.563,108.38
1777833429.5316358,23,25,0.257,0.004,0.532,115.702
1777833430.537461,23,25,0.062,0.002,0.558,111.778
1777833431.5475504,23,25,0.064,0.002,0.633,112.283
1777833432.5597985,23,25,0.082,0.002,0.557,113.219
1777833433.5710928,23,25,0.069,0.002,0.586,112.185
1777833434.5884743,23,25,0.171,0.003,0.43,112.52
1777833435.5966477,23,25,0.069,0.002,0.406,110.281
1777833436.607798,23,25,0.061,0.002,0.402,111.249
1777833437.6193166,23,25,0.061,0.002,0.573,111.752
1777833438.630396,23,25,0.056,0.002,0.401,111.288
1777833439.6449108,23,25,0.157,0.002,0.401,112.428
1777833440.6610801,23,25,0.057,0.002,0.395,111.746
1777833441.6734872,23,25,0.163,0.002,0.413,112.4
1777833442.6966152,23,25,0.087,0.002,0.672,117.8
1777833443.7006223,23,25,0.053,0.002,0.377,114.983
1777833444.7072828,23,25,0.062,0.002,0.564,113.161
1777833445.7206206,23,25,0.067,0.002,0.549,112.398
1777833446.7565894,23,25,0.175,0.002,0.437,110.999
1777833447.7635453,23,25,0.192,0.002,0.433,108.896
1777833448.7767327,23,5,0.046,0.002,0.128,111.339
1777833449.7898836,23,5,0.033,0.002,0.131,114.134
1777833450.8007066,23,5,0.026,0.001,0.13,113.501
1777833451.8080947,23,5,0.026,0.001,0.116,111.519
1777833452.827099,23,5,0.026,0.002,0.113,111.646
1777833453.8355997,23,25,0.045,0.002,0.401,111.055
1777833454.8556683,23,25,0.07,0.002,0.411,118.031
1777833455.870092,23,25,0.073,0.002,0.404,115.42
1777833456.8830328,23,25,0.069,0.001,0.435,115.265
1777833457.8885703,23,25,0.068,0.002,0.431,112.306
1777833458.9166298,23,25,0.058,0.002,0.395,111.524
1777833459.9323874,23,25,0.057,0.002,0.411,108.886
1777833460.947245,23,25,0.074,0.002,0.527,112.027
1777833461.9583416,23,25,0.165,0.002,0.649,111.001
1777833462.9675562,23,25,0.057,0.002,0.437,109.818
1777833463.983364,23,5,0.18,0.003,0.216,112.917
1777833465.0006204,23,5,0.021,0.001,0.138,111.632
1777833466.0119739,23,5,0.028,0.001,0.124,111.889
1777833467.025191,23,5,0.027,0.002,0.141,109.792
1777833468.0433376,23,5,0.032,0.002,0.184,112.136
1777833469.0499291,23,25,0.04,0.001,0.39,109.195
1777833470.0584567,23,25,0.054,0.001,0.551,109.28
1777833471.0758994,23,25,0.056,0.001,0.411,111.22
1777833472.091722,23,25,0.058,0.002,0.402,111.235
1777833473.1044946,23,25,0.057,0.002,0.389,112.112
1777833474.1196988,23,25,0.07,0.002,0.549,118.152
1777833475.137665,23,25,0.086,0.002,0.578,118.804
1777833476.151912,23,25,0.077,0.002,0.407,122.969
1777833477.150685,23,25,0.057,0.002,0.502,111.537
1777833478.161855,23,25,0.069,0.002,0.541,112.693
1777833479.1712263,23,21,0.049,0.002,0.537,110.348
1777833480.1802871,23,21,0.052,0.001,0.654,109.921
1777833481.2101934,23,21,0.043,0.001,0.332,129.735
1777833482.206158,23,21,0.048,0.002,0.649,111.994
1777833483.2213824,23,21,0.051,0.002,0.358,114.658
1777833484.224482,23,25,0.066,0.002,0.574,109.615
1777833485.2386534,23,25,0.057,0.002,0.396,110.31
1777833486.2551181,23,25,0.063,0.002,0.416,113.582
1777833487.2669659,23,25,0.059,0.001,0.573,114.103
1777833488.2856922,23,25,0.121,0.003,0.722,113.506
1777833489.2997818,23,25,0.078,0.002,0.425,113.945
1777833490.3133454,23,25,0.079,0.002,0.637,117.496
1777833491.3132472,23,25,0.055,0.002,0.68,110.373
1777833492.3305762,23,25,0.069,0.002,0.4,115.08
1777833493.3407402,23,21,0.053,0.001,0.332,113.672
1777833494.345508,23,21,0.045,0.001,0.333,110.059
1777833495.3518572,23,21,0.046,0.002,0.34,109.591
1777833496.364093,23,21,0.061,0.002,0.352,111.853
1777833497.3756447,23,21,0.054,0.001,0.355,113.286
1777833498.3980439,23,25,0.046,0.002,0.371,126.735
1777833499.3893971,23,25,0.06,0.002,0.412,111.242
1777833500.4012733,23,25,0.053,0.002,0.395,113.062
1777833501.4041286,23,25,0.053,0.002,0.559,109.422
1777833502.4111907,23,25,0.244,0.002,0.41,109.783
1777833503.4232154,23,25,0.069,0.002,0.522,111.895
1777833504.4362512,23,25,0.164,0.002,0.58,112.994
1777833505.4396245,23,25,0.135,0.002,0.536,109.019
1777833506.4775841,23,25,0.051,0.002,0.527,110.471
1777833507.487838,23,25,0.056,0.002,0.516,110.254
1777833508.4942195,23,25,0.071,0.002,0.401,107.202
1777833509.5169582,23,25,0.05,0.002,0.56,111.672
1777833510.5346086,23,25,0.056,0.145,0.436,111.952
1777833511.5473866,23,25,0.074,0.002,0.56,111.67
1777833512.5658934,23,25,0.062,0.002,0.424,111.469
1777833513.581541,23,25,0.072,0.002,0.419,119.611
1777833514.5851636,23,25,0.06,0.002,0.541,112.142
1777833515.603822,23,25,0.059,0.002,0.401,112.749
1777833516.6261303,23,25,0.076,0.002,0.51,117.247
1777833517.636568,23,25,0.06,0.002,0.389,115.737
1777833518.6445758,23,25,0.059,0.002,0.406,112.318
1777833519.6610606,23,25,0.057,0.002,0.418,111.916
1777833520.6739993,23,25,0.057,0.002,0.622,112.522
1777833521.6849182,23,25,0.063,0.002,0.39,112.128
1777833522.694502,23,25,0.149,0.002,0.479,111.338
1777833523.7123017,23,25,0.06,0.002,0.581,115.03
1777833524.7176063,23,25,0.056,0.002,0.537,110.504
1777833525.728371,23,25,0.062,0.002,0.612,110.205
1777833526.7402534,23,25,0.157,0.002,0.548,110.688
1777833527.7486103,23,25,0.181,0.003,0.476,110.836
1777833528.7554703,23,25,0.069,0.002,0.597,110.453
1777833529.77706,23,25,0.072,0.002,0.405,113.855
1777833530.7869322,23,25,0.065,0.002,0.437,111.332
1777833531.7919655,23,25,0.057,0.002,0.435,109.13
1777833532.8131557,23,25,0.18,0.002,0.423,113.541
1777833533.8257987,23,25,0.059,0.002,0.535,112.345
1777833534.836035,23,25,0.061,0.001,0.428,112.108
1777833535.8530881,23,25,0.087,0.002,0.446,116.426
1777833536.8610053,23,25,0.065,0.002,0.418,111.432
1777833537.883539,23,25,0.058,0.002,0.396,115.423
1777833538.8877957,23,5,0.042,0.002,0.118,110.066
1777833539.903948,23,5,0.026,0.001,0.135,114.802
1777833540.9176705,23,5,0.025,0.001,0.124,112.208
1777833541.9245222,23,5,0.028,0.001,0.128,110.959
1777833542.9327288,23,5,0.03,0.002,0.126,110.189
1777833543.9394858,23,25,0.144,0.002,0.432,108.781
1777833544.9577901,23,25,0.055,0.002,0.393,111.895
1777833545.9708917,23,25,0.053,0.002,0.541,112.076
1777833546.9770544,23,25,0.054,0.002,0.404,108.49
1777833547.9951468,23,25,0.048,0.002,0.396,116.471
1777833549.0013952,23,25,0.06,0.002,0.578,111.091
1777833550.0083392,23,25,0.054,0.002,0.518,110.558
1777833551.020758,23,25,0.062,0.001,0.392,111.663
1777833552.0334425,23,25,0.053,0.002,0.385,112.51
1777833553.0520883,23,25,0.072,0.002,0.436,111.918
1777833554.065665,23,5,0.061,0.002,0.133,112.413
1777833555.0755544,23,5,0.032,0.002,0.13,111.196
1777833556.08738,23,5,0.025,0.002,0.113,114.793
1777833557.0884328,23,5,0.022,0.002,0.123,108.647
1777833558.109591,23,5,0.025,0.002,0.124,112.484
1777833559.115557,23,25,0.042,0.001,0.385,109.812
1777833560.131426,23,25,0.053,0.002,0.392,111.973
1777833561.1477578,23,25,0.054,0.002,0.388,119.015
1777833562.1492677,23,25,0.055,0.002,0.882,110.471
1777833563.1677556,23,25,0.057,0.002,0.398,111.621
1777833564.1737456,23,25,0.05,0.002,0.48,110.054
1777833565.1871583,23,25,0.059,0.002,0.547,112.531
1777833566.1996353,23,25,0.066,0.002,0.43,113.097
1777833567.2130384,23,25,0.06,0.002,0.437,112.517
1777833568.2223737,23,25,0.063,0.002,0.43,111.944
1777833569.237524,23,5,0.052,0.002,0.144,110.857
1777833570.246501,23,5,0.031,0.002,0.13,112.098
1777833571.255573,23,5,0.131,0.001,0.126,110.642
1777833572.2650704,23,5,0.027,0.001,0.224,109.569
1777833573.2838857,23,5,0.025,0.001,0.243,111.903
1777833574.2909026,23,25,0.041,0.001,0.412,109.733
1777833575.2996373,23,25,0.066,0.002,0.412,111.16
1777833576.315501,23,25,0.068,0.002,0.569,112.201
1777833577.3240457,23,25,0.192,0.002,0.414,111.234
1777833578.3399584,23,25,0.062,0.002,0.42,112.494
1777833579.3583758,23,25,0.054,0.002,0.659,113.07
1777833580.3908975,23,25,0.047,0.002,0.408,133.333
1777833581.3823004,23,25,0.054,0.002,0.561,113.212
1777833582.3906653,23,25,0.057,0.002,0.396,110.809
1777833583.4050684,23,25,0.062,0.002,0.479,114.479
1777833584.4087942,23,5,0.038,0.002,0.12,109.295
1777833585.4276187,23,5,0.025,0.002,0.119,111.896
1777833586.4393294,23,5,0.028,0.001,0.125,114.457
1777833587.4492137,23,5,0.023,0.091,0.145,111.497
1777833588.467346,23,5,0.04,0.002,0.166,114.132
1777833589.475712,23,25,0.039,0.002,0.488,110.93
1777833590.4912364,23,25,0.052,0.002,0.587,111.931
1777833591.4983716,23,25,0.057,0.002,0.63,110.826
1777833592.5139894,23,25,0.051,0.002,0.464,111.798
1777833593.5270789,23,25,0.065,0.002,0.406,114.194
1777833594.5371609,23,25,0.056,0.002,0.385,116.203
1777833595.541699,23,25,0.055,0.001,0.426,110.01
1777833596.5515323,23,25,0.051,0.002,0.402,110.085
1777833597.5648103,23,25,0.052,0.002,0.402,111.782
1777833598.577397,23,5,0.04,0.002,0.26,112.016
1777833599.5922756,23,5,0.024,0.001,0.118,111.494
1777833600.6005116,23,5,0.087,0.002,0.134,110.752
1777833601.6170163,23,5,0.04,0.001,0.213,112.298
1777833602.6292596,23,5,0.034,0.002,0.146,113.709
1777833603.6412282,23,25,0.048,0.002,0.642,112.791
1777833604.6487255,23,25,0.06,0.002,0.408,110.667
1777833605.6628156,23,25,0.08,0.002,0.386,112.616
1777833606.6734734,23,25,0.049,0.002,0.379,111.764
1777833607.6870718,23,25,0.065,0.002,0.396,112.66
1777833608.6951425,23,25,0.056,0.002,0.741,110.691
1777833609.7053058,23,25,0.052,0.002,0.641,110.969
1777833610.7129002,23,25,0.064,0.002,0.432,110.994
1777833611.728474,23,25,0.137,0.002,0.41,112.823
1777833612.7405348,23,25,0.059,0.002,0.396,111.581
1777833613.752693,23,5,0.044,0.002,0.124,111.088
1777833614.76201,23,5,0.026,0.002,0.124,111.978
1777833615.7714086,23,5,0.022,0.001,0.118,110.419
1777833616.7852128,23,5,0.024,0.001,0.122,111.423
1777833617.803408,23,5,0.025,0.001,0.124,112.243
1777833618.8165524,23,25,0.046,0.001,0.567,111.921
1777833619.8216782,23,25,0.053,0.002,0.395,109.128
1777833620.8334258,23,25,0.06,0.002,0.402,110.289
1777833621.844617,23,25,0.061,0.002,0.393,111.75
1777833622.8523643,23,25,0.076,0.002,0.549,111.142
1777833623.8604681,23,25,0.068,0.002,0.633,110.243
1777833624.8778598,23,25,0.201,0.002,0.409,113.791
1777833625.8938951,23,25,0.062,0.002,0.528,112.212
1777833626.9198482,23,25,0.088,0.002,0.543,114.756
1777833627.9284656,23,25,0.063,0.002,0.396,112.206
1777833628.94503,23,25,0.064,0.002,0.435,111.675
1777833629.9500532,23,25,0.065,0.002,0.405,109.283
1777833630.9577003,23,25,0.06,0.002,0.407,109.148
1777833631.9789767,23,25,0.11,0.002,0.554,113.762
1777833632.9907892,23,25,0.063,0.001,0.435,113.063
1777833634.0015147,23,25,0.057,0.002,0.569,112.701
1777833635.0174718,23,25,0.053,0.002,0.56,112.718
1777833636.0237637,23,25,0.061,0.002,0.405,110.995
1777833637.0343966,23,25,0.08,0.002,0.578,111.963
1777833638.0525837,23,25,0.172,0.002,0.415,112.958
1777833639.0605094,23,5,0.039,0.002,0.121,110.361
1777833640.0675786,23,5,0.026,0.001,0.261,109.179
1777833641.0851476,23,5,0.024,0.001,0.271,112.075
1777833642.0967512,23,5,0.024,0.001,0.115,115.936
1777833643.1028407,23,5,0.023,0.001,0.118,111.729
1777833644.1168008,23,25,0.042,0.001,0.38,112.301
1777833645.1235325,23,25,0.052,0.002,0.53,109.215
1777833646.1440182,23,25,0.067,0.001,0.394,112.789
1777833647.1599796,23,25,0.058,0.001,0.563,112.414
1777833648.1838362,23,25,0.061,0.002,0.4,112.546
1777833649.1936371,23,25,0.055,0.002,0.489,111.357
1777833650.2017772,23,25,0.052,0.002,0.399,110.192
1777833651.21508,23,25,0.062,0.002,0.403,111.587
1777833652.2305748,23,25,0.053,0.002,0.391,112.096
1777833653.2422879,23,25,0.057,0.002,0.396,110.38
1777833654.2768164,23,5,0.029,0.002,0.115,129.122
1777833655.2647514,23,5,0.036,0.002,0.126,109.69
1777833656.2740746,23,5,0.024,0.001,0.255,109.497
1777833657.293407,23,5,0.044,0.001,0.118,111.468
1777833658.3006332,23,5,0.033,0.001,0.119,109.759
1777833659.3292973,23,25,0.039,0.001,0.392,128.321
1777833660.3174427,23,25,0.07,0.002,0.506,109.217
1777833661.3318453,23,25,0.057,0.002,0.398,112.312
1777833662.3390574,23,25,0.066,0.002,0.571,110.818
1777833663.35578,23,25,0.06,0.001,0.416,110.323
1777833664.3871596,23,25,0.052,0.002,0.509,111.025
1777833665.3984973,23,25,0.155,0.002,0.543,111.372
1777833666.409885,23,25,0.053,0.001,0.486,111.263
1777833667.4253333,23,25,0.134,0.002,0.603,112.341
1777833668.4327266,23,25,0.062,0.002,0.411,111.102
1777833669.4414754,23,5,0.038,0.002,0.12,109.607
1777833670.4505446,23,5,0.024,0.002,0.124,110.631
1777833671.4662843,23,5,0.023,0.001,0.114,117.921
1777833672.4705126,23,5,0.024,0.001,0.122,110.355
1777833673.4870236,23,5,0.025,0.001,0.119,110.798
1777833674.524461,23,25,0.136,0.002,0.634,110.715
1777833675.5327413,23,25,0.051,0.002,0.544,110.281
1777833676.543165,23,25,0.065,0.002,0.444,111.028
1777833677.5617344,23,25,0.064,0.002,0.443,113.198
1777833678.5736954,23,25,0.06,0.002,0.426,113.181
1777833679.581146,23,25,0.056,0.002,0.396,110.341
1777833680.5944073,23,25,0.058,0.002,0.664,113.025
1777833681.6086476,23,25,0.062,0.002,0.398,112.506
1777833682.6135948,23,25,0.062,0.002,0.407,109.264
1777833683.6275795,23,25,0.069,0.002,0.41,111.993
1777833684.6379938,23,17,0.063,0.002,0.561,115.473
1777833685.6503072,23,17,0.046,0.002,0.419,109.939
1777833686.6676016,23,17,0.051,0.001,0.296,112.836
1777833687.6748435,23,17,0.045,0.061,0.294,109.643
1777833688.6939025,23,17,0.042,0.001,0.29,117.615
1777833689.697351,23,25,0.05,0.002,0.614,110.632
1777833690.7078993,23,25,0.056,0.002,0.417,110.25
1777833691.7232413,23,25,0.052,0.001,0.413,117.46
1777833692.7306986,23,25,0.054,0.002,0.385,117.55
1777833693.7386055,23,25,0.054,0.002,0.416,112.558
1777833694.7520833,23,25,0.056,0.002,0.414,117.795
1777833695.7502346,23,25,0.064,0.002,0.516,107.816
1777833696.765767,23,25,0.058,0.002,0.52,111.857
1777833697.7778332,23,25,0.057,0.002,0.403,112.509
1777833698.7839057,23,25,0.057,0.002,0.379,109.74
1777833699.7993062,23,17,0.052,0.002,0.286,109.305
1777833700.8221345,23,17,0.047,0.002,0.46,118.583
1777833701.830583,23,17,0.045,0.002,0.383,110.206
1777833702.8565218,23,17,0.04,0.001,0.293,111.48
1777833703.864519,23,17,0.155,0.001,0.301,111.162
1777833704.875069,23,13,0.048,0.002,0.43,109.94
1777833705.8836315,23,13,0.041,0.002,0.239,109.837
1777833706.8944192,23,13,0.04,0.002,0.244,109.473
1777833707.9266875,23,13,0.042,0.001,0.243,110.933
1777833708.9385316,23,25,0.056,0.002,0.727,112.52
1777833709.9503188,23,25,0.065,0.001,0.584,111.704
1777833710.963856,23,25,0.057,0.002,0.412,112.039
1777833711.974441,23,25,0.059,0.002,0.412,110.635
1777833712.9956079,23,25,0.162,0.002,0.41,116.698
1777833714.0065231,23,17,0.042,0.001,0.275,110.591
1777833715.0169775,23,17,0.042,0.001,0.312,110.607
1777833716.0235403,23,17,0.044,0.001,0.293,109.504
1777833717.040398,23,17,0.049,0.001,0.495,111.494
1777833718.049596,23,17,0.048,0.002,0.41,109.025
1777833719.069186,23,13,0.038,0.001,0.35,110.679
1777833720.080972,23,13,0.04,0.002,0.333,109.795
1777833721.0968754,23,13,0.041,0.002,0.327,111.229
1777833722.1035297,23,13,0.039,0.002,0.358,108.61
1777833723.110442,23,13,0.133,0.002,0.401,108.366
1777833724.1299324,23,25,0.046,0.002,0.381,110.152
1777833725.1397417,23,25,0.151,0.002,0.405,109.483
1777833726.1506948,23,25,0.053,0.002,0.503,110.3
1777833727.163113,23,25,0.056,0.001,0.725,109.951
1777833728.1804788,23,25,0.052,0.001,0.41,118.245
1777833729.185313,23,17,0.048,0.001,0.428,112.154
1777833730.2011704,23,17,0.041,0.001,0.409,111.369
1777833731.2095551,23,17,0.046,0.001,0.31,110.266
1777833732.2238512,23,17,0.046,0.002,0.385,110.865
1777833733.2343717,23,17,0.042,0.001,0.473,111.122
1777833734.2493396,23,13,0.044,0.002,0.325,111.44
1777833735.2739947,23,13,0.04,0.002,0.229,126.271
1777833736.2740312,23,13,0.048,0.002,0.239,118.777
1777833737.278432,23,13,0.056,0.002,0.259,111.376
1777833738.2853253,23,13,0.125,0.002,0.289,110.338
1777833739.2988255,23,25,0.051,0.002,0.423,112.361
1777833740.309643,23,25,0.067,0.002,0.401,111.246
1777833741.3189406,23,25,0.059,0.002,0.501,110.853
1777833742.3245897,23,25,0.134,0.002,0.484,109.189
1777833743.34412,23,25,0.114,0.002,0.641,111.824
1777833744.361655,23,17,0.055,0.002,0.292,112.401
1777833745.3730717,23,17,0.111,0.002,0.402,111.236
1777833746.3863418,23,17,0.043,0.002,0.379,114.056
1777833747.3917773,23,17,0.047,0.002,0.289,109.139
1777833748.4035408,23,17,0.047,0.002,0.388,110.178
1777833749.4134316,23,25,0.06,0.002,0.401,110.493
1777833750.421352,23,25,0.069,0.002,0.627,110.79
1777833751.4332428,23,25,0.072,0.001,0.557,112.278
1777833752.4505308,23,25,0.165,0.002,0.408,112.598
1777833753.4640465,23,25,0.055,0.002,0.392,112.671
1777833754.478069,23,25,0.052,0.002,0.591,118.248
1777833755.4796283,23,25,0.053,0.001,0.424,110.598
1777833756.496682,23,25,0.05,0.002,0.406,115.129
1777833757.4981709,23,25,0.05,0.001,0.394,109.516
1777833758.5105443,23,25,0.052,0.002,0.56,109.519
1777833759.5281126,23,5,0.039,0.002,0.318,109.455
1777833760.542543,23,5,0.025,0.002,0.116,115.033
1777833761.5555012,23,5,0.022,0.001,0.124,111.575
1777833762.5703976,23,5,0.023,0.002,0.121,111.363
1777833763.596712,23,5,0.052,0.004,0.376,118.686
1777833764.5987828,23,25,0.046,0.002,0.429,108.56
1777833765.6190464,23,25,0.076,0.002,0.531,113.568
1777833766.630448,23,25,0.067,0.002,0.414,117.296
1777833767.644849,23,25,0.074,0.002,0.434,116.469
1777833768.6488366,23,25,0.198,0.002,0.415,111.204
1777833769.6667228,23,25,0.067,0.002,0.44,112.08
1777833770.6900642,23,25,0.077,0.002,0.42,116.542
1777833771.7063057,23,25,0.08,0.002,0.433,120.697
1777833772.7118676,23,25,0.069,0.002,0.434,112.457
1777833773.728435,23,25,0.075,0.002,0.532,112.426
1777833774.7388341,23,5,0.05,0.002,0.13,111.102
1777833775.7608998,23,5,0.038,0.002,0.136,118.7
1777833776.7604482,23,5,0.03,0.001,0.228,110.793
1777833777.7738278,23,5,0.026,0.002,0.119,115.375
1777833778.7822394,23,5,0.027,0.001,0.122,111.678
1777833779.7953513,23,25,0.082,0.002,0.992,113.905
1777833780.808375,23,25,0.058,0.002,0.534,110.817
1777833781.817732,23,25,0.075,0.003,0.527,110.522
1777833782.826725,23,25,0.159,0.002,0.935,111.294
1777833783.8337178,23,25,0.063,0.002,0.408,110.486
1777833784.8438344,23,25,0.071,0.002,0.53,109.133
1777833785.86318,23,25,0.09,0.002,0.411,117.385
1777833786.8652196,23,25,0.078,0.002,0.533,110.806
1777833787.884056,23,25,0.092,0.003,0.427,116.447
1777833788.8837252,23,25,0.071,0.002,0.505,108.799
1777833789.900547,23,25,0.063,0.002,0.386,111.489
1777833790.9078193,23,25,0.059,0.002,0.399,108.474
1777833791.9234343,23,25,0.063,0.001,0.657,112.776
1777833792.9308562,23,25,0.065,0.002,0.398,110.583
1777833793.944911,23,25,0.066,0.002,0.398,112.64
1777833794.958364,23,25,0.079,0.002,0.58,112.612
1777833795.9761627,23,25,0.065,0.002,0.391,115.411
1777833796.9856691,23,25,0.086,0.003,0.5,111.917
1777833797.9976208,23,25,0.095,0.002,0.408,112.074
1777833799.0067587,23,25,0.072,0.002,0.432,110.006
1777833800.0469985,23,25,0.073,0.002,0.439,121.006
1777833801.0484626,23,25,0.052,0.002,0.408,114.87
1777833802.0576613,23,25,0.075,0.002,0.413,112.447
1777833803.0661328,23,25,0.077,0.002,0.445,110.0
1777833804.0776865,23,25,0.089,0.003,0.543,112.748
1777833805.0825205,23,25,0.061,0.002,0.511,108.591
1777833806.0953965,23,25,0.135,0.003,0.566,110.869
1777833807.1068847,23,25,0.076,0.002,0.433,112.692
1777833808.1219695,23,25,0.163,0.002,0.446,109.686
1777833809.135299,23,25,0.073,0.002,0.572,113.45
1777833810.1444507,23,25,0.066,0.002,0.529,112.693
1777833811.1543252,23,25,0.058,0.002,0.547,108.005
1777833812.1758869,23,25,0.074,0.002,0.575,112.479
1777833813.1862872,23,25,0.076,0.002,0.607,111.726
1777833814.1914003,23,25,0.07,0.002,0.544,108.94
1777833815.2092257,23,25,0.06,0.001,0.535,111.408
1777833816.2259934,23,25,0.055,0.002,0.389,117.511
1777833817.238349,23,25,0.057,0.002,0.424,115.545
1777833818.2502358,23,25,0.068,0.002,0.614,110.345
1777833819.2677214,23,25,0.066,0.002,0.435,113.474
1777833820.2793927,23,25,0.072,0.002,0.401,116.405
1777833821.289615,23,25,0.066,0.002,0.589,111.269
1777833822.3197813,23,25,0.061,0.003,0.41,133.221
1777833823.3078496,23,25,0.059,0.002,0.403,109.99
1777833824.327721,23,25,0.058,0.001,0.42,112.69
1777833825.3376784,23,25,0.066,0.002,0.51,111.703
1777833826.3487806,23,25,0.063,0.002,0.421,110.172
1777833827.3628864,23,25,0.075,0.002,0.43,112.678
1777833828.399064,23,25,0.085,0.002,0.437,136.375
1777833829.3870811,23,5,0.046,0.002,0.242,112.184
1777833830.4010537,23,5,0.145,0.002,0.221,111.239
1777833831.4102042,23,5,0.023,0.001,0.207,110.465
1777833832.4166982,23,5,0.024,0.002,0.159,108.196
1777833833.4311345,23,5,0.029,0.001,0.271,111.703
1777833834.43626,23,25,0.047,0.001,0.63,108.546
1777833835.4441617,23,25,0.079,0.002,0.747,109.121
1777833836.4621818,23,25,0.057,0.002,0.769,113.224
1777833837.4694476,23,25,0.142,0.002,0.413,110.736
1777833838.5004594,23,25,0.103,0.002,0.4,109.601
1777833839.5105333,23,25,0.055,0.001,0.397,109.606
1777833840.5224051,23,25,0.053,0.002,0.538,110.123
1777833841.5320256,23,25,0.065,0.002,0.492,111.103
1777833842.5533571,23,25,0.078,0.002,0.523,115.523
1777833843.5650413,23,25,0.074,0.002,0.413,117.137
1777833844.5763788,23,25,0.141,0.002,0.442,112.164
1777833845.58489,23,25,0.061,0.002,0.397,109.346
1777833846.6028264,23,25,0.059,0.002,0.398,112.344
1777833847.6126747,23,25,0.057,0.002,0.394,109.503
1777833848.6199684,23,25,0.056,0.002,0.628,108.971
1777833849.6344447,23,25,0.345,0.003,0.403,110.671
1777833850.6514893,23,25,0.066,0.002,0.401,112.635
1777833851.6626801,23,25,0.064,0.002,0.52,112.286
1777833852.669118,23,25,0.062,0.002,0.531,109.637
1777833853.680405,23,25,0.064,0.002,0.529,110.336
1777833854.6905506,23,25,0.132,0.002,0.496,110.305
1777833855.7032251,23,25,0.055,0.002,0.527,111.395
1777833856.7104163,23,25,0.161,0.002,0.509,110.892
1777833857.7212355,23,25,0.053,0.001,0.52,110.572
1777833858.7334876,23,25,0.19,0.002,0.427,112.462
1777833859.7386875,23,25,0.073,0.002,0.427,110.411
1777833860.761101,23,25,0.072,0.002,0.407,119.445
1777833861.7677658,23,25,0.072,0.002,0.536,115.2
1777833862.7689385,23,25,0.069,0.002,0.405,108.623
1777833863.786291,23,25,0.061,0.002,0.524,112.041
1777833864.7979531,23,25,0.131,0.002,0.403,110.542
1777833865.808208,23,25,0.052,0.001,0.787,110.909
1777833866.8207514,23,25,0.061,0.002,0.4,111.686
1777833867.8314753,23,25,0.137,0.002,0.404,111.305
1777833868.8457234,23,25,0.055,0.002,0.411,110.949
1777833869.8607106,23,25,0.061,0.002,0.501,112.358
1777833870.875256,23,25,0.069,0.002,0.535,113.002
1777833871.8858898,23,25,0.067,0.002,0.445,112.312
1777833872.8990612,23,25,0.077,0.002,0.406,113.242
1777833873.9089441,23,25,0.073,0.002,0.495,112.081
1777833874.919722,23,5,0.093,0.003,0.139,112.441
1777833875.9264119,23,5,0.026,0.002,0.123,109.903
1777833876.9381063,23,5,0.029,0.002,0.219,110.044
1777833877.9452415,23,5,0.022,0.002,0.122,109.21
1777833878.9575386,23,5,0.025,0.001,0.122,110.936
1777833879.963409,23,25,0.087,0.002,0.397,109.037
1777833880.9906242,23,25,0.102,0.003,0.915,110.941
1777833882.0033247,23,25,0.074,0.002,0.623,113.791
1777833883.0206742,23,25,0.063,0.002,0.42,117.942
1777833884.0277472,23,25,0.061,0.001,0.488,112.331
1777833885.043882,23,25,0.061,0.002,0.41,113.365
1777833886.056843,23,25,0.059,0.002,0.408,115.066
1777833887.0627303,23,25,0.059,0.002,0.397,112.525
1777833888.0701792,23,25,0.077,0.002,0.412,112.538
1777833889.0901752,23,25,0.079,0.002,0.394,114.26
1777833890.0963879,23,25,0.058,0.002,0.524,110.237
1777833891.1137393,23,25,0.062,0.002,0.411,110.875
1777833892.1248279,23,25,0.058,0.002,0.485,111.176
1777833893.1431398,23,25,0.048,0.002,0.408,120.219
1777833894.1503603,23,25,0.06,0.002,0.572,112.249
1777833895.159374,23,25,0.059,0.002,0.49,111.066
1777833896.1693282,23,25,0.062,0.002,0.576,111.846
1777833897.17748,23,25,0.06,0.002,0.542,109.647
1777833898.1963577,23,25,0.056,0.002,0.552,112.349
1777833899.207531,23,25,0.141,0.002,0.435,111.96
1777833900.2157283,23,5,0.056,0.003,0.158,111.001
1777833901.2359023,23,5,0.029,0.001,0.127,111.464
1777833902.2535577,23,5,0.029,0.002,0.118,110.877
1777833903.273608,23,5,0.031,0.001,0.127,115.168
1777833904.2837276,23,5,0.036,0.002,0.151,118.028
1777833905.2920566,23,25,0.052,0.002,0.411,111.093
1777833906.3074026,23,25,0.06,0.002,0.559,112.053
1777833907.3191917,23,25,0.065,0.001,0.54,112.687
1777833908.325459,23,25,0.064,0.001,0.566,109.439
1777833909.3404338,23,25,0.055,0.002,0.577,114.393
1777833910.3490922,23,25,0.057,0.001,0.512,111.553
1777833911.361019,23,25,0.062,0.001,0.426,111.704
1777833912.3736901,23,25,0.056,0.001,0.41,112.108
1777833913.3875546,23,25,0.062,0.002,0.427,111.941
1777833914.3999968,23,25,0.062,0.002,0.404,112.553
1777833915.4146445,23,25,0.096,0.003,0.577,111.613
1777833916.4261935,23,25,0.067,0.002,0.416,108.328
1777833917.4461198,23,25,0.107,0.002,0.418,120.265
1777833918.4475183,23,25,0.065,0.002,0.554,111.121
1777833919.4544265,23,25,0.066,0.002,0.656,111.005
1777833920.4701715,23,25,0.074,0.002,0.556,113.012
1777833921.4758024,23,25,0.066,0.002,0.399,110.334
1777833922.492492,23,25,0.054,0.002,0.629,112.307
1777833923.5119674,23,25,0.068,0.002,0.563,116.387
1777833924.5203354,23,5,0.048,0.001,0.126,111.245
1777833925.5274491,23,5,0.027,0.002,0.126,109.408
1777833926.5447316,23,5,0.029,0.002,0.129,109.763
1777833927.557993,23,5,0.027,0.002,0.118,110.936
1777833928.566501,23,5,0.029,0.002,0.127,110.577
1777833929.5826814,23,25,0.051,0.002,0.607,114.041
1777833930.588287,23,25,0.055,0.002,0.417,110.851
1777833931.6173089,23,25,0.071,0.002,0.451,109.002
1777833932.630253,23,25,0.064,0.002,0.392,111.58
1777833933.6399534,23,25,0.066,0.001,0.397,112.832
1777833934.6479888,23,25,0.057,0.001,0.417,111.766
1777833935.6574078,23,25,0.069,0.002,0.41,112.45
1777833936.6663964,23,25,0.067,0.002,0.495,110.17
1777833937.673839,23,25,0.087,0.002,0.416,109.347
1777833938.6889126,23,25,0.054,0.002,0.401,108.325
1777833939.7044435,23,5,0.047,0.002,0.153,111.356
1777833940.7204163,23,5,0.03,0.001,0.123,109.667
1777833941.7286935,23,5,0.034,0.002,0.161,109.66
1777833942.7424738,23,5,0.026,0.002,0.124,110.121
1777833943.7586396,23,5,0.025,0.002,0.125,111.135
1777833944.7683196,23,25,0.046,0.001,0.551,111.207
1777833945.7862477,23,25,0.069,0.002,0.59,112.729
1777833946.7992544,23,25,0.066,0.002,0.634,111.588
1777833947.8069773,23,25,0.061,0.002,0.612,109.575
1777833948.8167725,23,25,0.059,0.002,0.407,108.657
1777833949.8300557,23,25,0.061,0.002,0.5,110.524
1777833950.844067,23,25,0.058,0.002,0.612,111.84
1777833951.8584564,23,25,0.059,0.002,0.422,112.886
1777833952.8740118,23,25,0.082,0.002,0.585,113.926
1777833953.8854167,23,25,0.063,0.002,0.527,111.966
1777833954.9005983,23,5,0.042,0.002,0.127,111.981
1777833955.911183,23,5,0.031,0.001,0.125,111.155
1777833956.921859,23,5,0.023,0.001,0.122,111.31
1777833957.9283009,23,5,0.029,0.001,0.141,109.203
1777833958.9445844,23,5,0.031,0.002,0.121,112.304
1777833959.9603982,23,25,0.057,0.002,0.499,112.123
1777833960.9705296,23,25,0.184,0.003,0.423,111.248
1777833961.98512,23,25,0.055,0.002,0.528,111.331
1777833962.993402,23,25,0.054,0.001,0.507,109.678
1777833964.000569,23,25,0.056,0.002,0.401,109.07
1777833965.0125322,23,25,0.054,0.001,0.414,110.063
1777833966.0298958,23,25,0.064,0.002,0.427,117.882
1777833967.0297642,23,25,0.054,0.002,0.385,108.767
1777833968.0457013,23,25,0.053,0.002,0.41,116.741
1777833969.0503476,23,25,0.062,0.002,0.508,110.181
1777833970.063661,23,5,0.045,0.002,0.125,109.965
1777833971.0740054,23,5,0.028,0.001,0.123,110.817
1777833972.0785332,23,5,0.025,0.001,0.124,107.83
1777833973.1073027,23,5,0.033,0.001,0.132,125.839
1777833974.103228,23,5,0.025,0.001,0.115,112.235
1777833975.1238437,23,25,0.057,0.002,0.419,115.572
1777833976.1300423,23,25,0.058,0.001,0.495,111.242
1777833977.1399853,23,25,0.067,0.002,0.527,111.222
1777833978.15452,23,25,0.059,0.002,0.616,110.992
1777833979.165475,23,25,0.059,0.002,0.407,108.511
1777833980.185698,23,25,0.061,0.002,0.398,111.836
1777833981.1982644,23,25,0.06,0.002,0.412,113.919
1777833982.202583,23,25,0.056,0.002,0.403,109.407
1777833983.21983,23,25,0.064,0.002,0.412,111.677
1777833984.2240314,23,25,0.168,0.002,0.427,108.102
1777833985.2354999,23,5,0.042,0.001,0.122,111.311
1777833986.2443724,23,5,0.026,0.002,0.212,107.915
1777833987.2525086,23,5,0.109,0.002,0.129,108.19
1777833988.2623932,23,5,0.025,0.001,0.123,108.239
1777833989.2850847,23,5,0.023,0.001,0.124,109.745
1777833990.298007,23,25,0.143,0.002,0.415,112.074
1777833991.3078082,23,25,0.064,0.002,0.512,110.894
1777833992.3182738,23,25,0.065,0.002,0.713,110.167
1777833993.3294566,23,25,0.089,0.002,0.942,109.25
1777833994.3398004,23,25,0.064,0.002,0.416,110.68
1777833995.3577926,23,25,0.071,0.002,0.427,112.834
1777833996.372511,23,25,0.056,0.002,0.406,111.771
1777833997.3854694,23,25,0.071,0.001,0.389,110.886
1777833998.392539,23,25,0.068,0.002,0.39,109.262
1777833999.408398,23,25,0.053,0.002,0.521,109.839
1777834000.4264023,23,5,0.041,0.002,0.119,118.112
1777834001.429579,23,5,0.027,0.002,0.208,110.033
1777834002.443159,23,5,0.025,0.002,0.114,116.589
1777834003.45381,23,5,0.026,0.001,0.122,111.912
1777834004.468559,23,5,0.024,0.002,0.118,111.196
1777834005.479701,23,25,0.051,0.002,0.429,111.307
1777834006.497443,23,25,0.053,0.001,0.712,110.797
1777834007.5150657,23,25,0.062,0.001,0.394,115.49
1777834008.5214052,23,25,0.066,0.002,0.552,110.444
1777834009.5346787,23,25,0.071,0.002,0.416,111.879
1777834010.544238,23,25,0.062,0.002,0.541,112.6
1777834011.55188,23,25,0.07,0.002,0.391,110.475
1777834012.5672512,23,25,0.062,0.002,0.541,112.046
1777834013.6052275,23,25,0.077,0.002,0.425,141.879
1777834014.5854015,23,25,0.155,0.001,0.519,111.537
1777834015.5973172,23,25,0.057,0.001,0.387,114.38
1777834016.6050668,23,25,0.155,0.001,0.502,109.931
1777834017.6160827,23,25,0.069,0.002,0.5,111.651
1777834018.630852,23,25,0.067,0.002,0.42,110.937
1777834019.647407,23,25,0.059,0.002,0.376,113.647
1777834020.652658,23,25,0.055,0.001,0.413,109.499
1777834021.6592734,23,25,0.058,0.002,0.617,108.88
1777834022.6733832,23,25,0.067,0.002,0.567,112.497
1777834023.684348,23,25,0.078,0.002,0.581,111.185
1777834024.6903014,23,25,0.109,0.002,0.531,108.893
1777834025.7073276,23,5,0.046,0.002,0.155,110.822
1777834026.7170177,23,5,0.029,0.002,0.129,109.851
1777834027.7333207,23,5,0.028,0.002,0.118,117.136
1777834028.7652833,23,5,0.028,0.002,0.125,111.274
1777834029.7850578,23,25,0.055,0.002,0.632,111.849
1777834030.792375,23,25,0.061,0.002,0.594,109.276
1777834031.80459,23,25,0.182,0.003,0.538,112.148
1777834032.8178015,23,25,0.067,0.002,0.592,111.849
1777834033.8311002,23,25,0.061,0.002,0.532,111.977
1777834034.846986,23,25,0.06,0.001,0.525,115.401
1777834035.8584607,23,25,0.082,0.002,0.638,111.01
1777834036.8736649,23,25,0.069,0.002,0.417,118.061
1777834037.8799646,23,25,0.185,0.002,0.41,110.742
1777834038.892084,23,25,0.063,0.002,0.63,110.375
1777834039.908353,23,25,0.063,0.002,0.394,114.556
1777834040.9187973,23,25,0.158,0.002,0.435,111.128
1777834041.928629,23,25,0.178,0.002,0.522,110.261
1777834042.94056,23,25,0.142,0.002,0.518,111.827
1777834043.9464107,23,25,0.059,0.002,0.52,108.059
1777834044.9610267,23,25,0.058,0.001,0.639,111.217
1777834045.9754045,23,25,0.061,0.002,0.519,111.748
1777834046.984271,23,25,0.062,0.002,0.607,110.507
1777834047.9974544,23,25,0.06,0.002,0.412,111.283
1777834049.0071294,23,25,0.059,0.002,0.543,109.806
1777834050.0127664,23,5,0.044,0.002,0.124,108.054
1777834051.0283759,23,5,0.033,0.001,0.127,112.597
1777834052.052947,23,5,0.026,0.002,0.118,118.137
1777834053.0575051,23,5,0.026,0.002,0.119,111.651
1777834054.0608068,23,5,0.026,0.002,0.125,107.862
1777834055.075177,23,25,0.154,0.001,0.658,110.898
1777834056.0871816,23,25,0.059,0.002,0.39,112.121
1777834057.096566,23,25,0.071,0.002,0.418,111.201
1777834058.111512,23,25,0.063,0.001,0.421,113.727
1777834059.1284251,23,25,0.075,0.002,0.674,115.435
1777834060.1324306,23,25,0.197,0.003,0.435,111.273
1777834061.153261,23,25,0.061,0.002,0.638,114.422
1777834062.1767585,23,25,0.071,0.002,0.416,118.012
1777834063.1866586,23,25,0.076,0.002,0.419,111.243
1777834064.2136202,23,25,0.189,0.002,0.411,118.067
1777834065.224001,23,25,0.08,0.003,0.459,114.586
1777834066.2303205,23,25,0.073,0.002,0.553,112.425
1777834067.2401521,23,25,0.074,0.002,0.486,110.886
1777834068.2552614,23,25,0.064,0.002,0.542,112.7
1777834069.259117,23,25,0.057,0.002,0.524,108.103
1777834070.275171,23,25,0.156,0.002,0.66,110.727
1777834071.2846618,23,25,0.057,0.002,0.445,109.957
1777834072.3013427,23,25,0.071,0.002,0.535,111.177
1777834073.3172793,23,25,0.06,0.002,0.529,110.132
1777834074.3345995,23,25,0.068,0.002,0.429,112.245
1777834075.3458436,23,5,0.051,0.002,0.132,112.385
1777834076.3578308,23,5,0.027,0.001,0.12,116.544
1777834077.3674083,23,5,0.027,0.001,0.127,111.383
1777834078.3845453,23,5,0.025,0.001,0.141,111.322
1777834079.4018025,23,5,0.025,0.002,0.116,114.148
1777834080.4045858,23,25,0.043,0.002,0.546,108.912
1777834081.4255958,23,25,0.066,0.002,0.409,112.452
1777834082.441428,23,25,0.072,0.002,0.566,112.507
1777834083.4526832,23,25,0.063,0.002,0.428,112.612
1777834084.4625442,23,25,0.064,0.001,0.412,111.63
1777834085.4705598,23,25,0.06,0.002,0.535,109.537
1777834086.4815595,23,25,0.163,0.002,0.417,110.638
1777834087.4975762,23,25,0.058,0.002,0.42,111.579
1777834088.5043566,23,25,0.069,0.002,0.554,110.99
1777834089.51842,23,25,0.153,0.002,0.398,112.347
1777834090.5309327,23,5,0.069,0.003,0.134,112.186
1777834091.5458915,23,5,0.046,0.002,0.161,112.765
1777834092.5595882,23,5,0.026,0.002,0.127,110.69
1777834093.5699468,23,5,0.022,0.001,0.118,109.192
1777834094.579333,23,5,0.022,0.001,0.135,109.127
1777834095.588139,23,25,0.044,0.002,0.559,108.325
1777834096.599649,23,25,0.056,0.002,0.4,109.091
1777834097.6089842,23,25,0.058,0.001,0.406,111.799
1777834098.6137757,23,25,0.053,0.001,0.514,108.732
1777834099.6246302,23,25,0.058,0.001,0.403,108.944
1777834100.6463788,23,25,0.061,0.002,0.523,113.054
1777834101.6692011,23,25,0.092,0.002,0.755,120.861
1777834102.6676733,23,25,0.066,0.001,0.427,110.463
1777834103.6813362,23,25,0.064,0.002,0.413,111.25
1777834104.6918008,23,25,0.062,0.002,0.403,113.473
1777834105.7001665,23,5,0.133,0.002,0.137,112.487
1777834106.7125635,23,5,0.029,0.002,0.119,112.942
1777834107.7174652,23,5,0.025,0.001,0.224,108.343
1777834108.734882,23,5,0.114,0.002,0.134,114.383
1777834109.7455375,23,5,0.029,0.002,0.222,113.976
1777834110.7843387,23,25,0.062,0.002,0.625,118.208
1777834111.7869403,23,25,0.069,0.002,0.505,112.089
1777834112.8044014,23,25,0.073,0.002,0.541,112.915
1777834113.8089585,23,25,0.062,0.002,0.505,109.36
1777834114.8177044,23,25,0.065,0.002,0.395,109.273
1777834115.831372,23,25,0.074,0.002,0.581,112.28
1777834116.838807,23,25,0.058,0.002,0.422,109.489
1777834117.8526049,23,25,0.058,0.002,0.419,112.804
1777834118.870111,23,25,0.075,0.002,0.434,116.912
1777834119.8890183,23,25,0.075,0.002,0.546,120.088
1777834120.8890793,23,25,0.059,0.002,0.399,110.12
1777834121.8969798,23,25,0.067,0.002,0.574,110.254
1777834122.9178479,23,25,0.088,0.002,0.458,118.444
1777834123.9235766,23,25,0.069,0.002,0.431,113.258
1777834124.9356813,23,25,0.066,0.002,0.448,112.706
1777834125.9487429,23,25,0.071,0.002,0.556,114.763
1777834126.9644475,23,25,0.151,0.002,0.41,115.695
1777834127.9786468,23,25,0.203,0.002,0.443,113.145
1777834128.9937458,23,25,0.058,0.002,0.424,112.407
1777834130.0024796,23,25,0.158,0.002,0.505,109.492
1777834131.0127985,23,5,0.055,0.002,0.126,110.112
1777834132.024414,23,5,0.026,0.002,0.12,114.108
1777834133.0307658,23,5,0.031,0.002,0.134,110.077
1777834134.0419078,23,5,0.028,0.001,0.144,112.17
1777834135.053093,23,5,0.026,0.001,0.23,111.253
1777834136.0584238,23,25,0.046,0.002,0.401,108.0
1777834137.0957766,23,25,0.055,0.002,0.385,138.289
1777834138.0819404,23,25,0.06,0.002,0.401,114.877
1777834139.089816,23,25,0.075,0.002,0.546,111.42
1777834140.1088352,23,25,0.062,0.002,0.533,114.635
1777834141.1134858,23,25,0.065,0.001,0.519,109.85
1777834142.121978,23,25,0.063,0.002,0.496,109.933
1777834143.161537,23,25,0.073,0.002,0.443,137.799
1777834144.1558385,23,25,0.066,0.001,0.432,112.449
1777834145.163385,23,25,0.067,0.002,0.523,112.435
1777834146.1907697,23,25,0.071,0.002,0.417,118.879
1777834147.1943054,23,25,0.062,0.002,0.526,110.885
1777834148.2038121,23,25,0.173,0.002,0.508,111.645
1777834149.2145374,23,25,0.157,0.002,0.417,111.962
1777834150.2314467,23,25,0.072,0.002,0.41,112.698
1777834151.2394114,23,25,0.065,0.001,0.661,111.319
1777834152.2739174,23,25,0.056,0.002,0.564,130.7
1777834153.27212,23,25,0.082,0.002,0.429,116.949
1777834154.2740579,23,25,0.069,0.002,0.528,109.13
1777834155.2884245,23,25,0.063,0.002,0.532,112.948
1777834156.299754,23,25,0.072,0.002,0.438,115.559
1777834157.334324,23,25,0.092,0.002,0.567,138.829
1777834158.325945,23,25,0.086,0.002,0.414,117.815
1777834159.328404,23,25,0.134,0.003,0.587,110.016
1777834160.3391788,23,25,0.065,0.002,0.524,109.783
1777834161.3499339,23,25,0.063,0.002,0.514,111.24
1777834162.363886,23,25,0.076,0.002,0.449,112.463
1777834163.3781283,23,25,0.063,0.002,0.397,110.974
1777834164.3858778,23,25,0.073,0.002,0.426,110.469
1777834165.4012501,23,5,0.047,0.001,0.118,117.433
1777834166.4356222,23,5,0.026,0.001,0.115,135.758
1777834167.4271657,23,5,0.049,0.003,0.322,113.311
1777834168.4301538,23,5,0.026,0.001,0.247,108.445
1777834169.4455612,23,5,0.026,0.001,0.203,110.852
1777834170.4581263,23,25,0.049,0.002,0.625,111.759
1777834171.4700518,23,25,0.071,0.002,0.721,115.906
1777834172.4820173,23,25,0.075,0.002,0.406,115.918
1777834173.493448,23,25,0.059,0.002,0.391,112.108
1777834174.5018814,23,25,0.069,0.002,0.41,110.579
1777834175.5198464,23,25,0.06,0.002,0.503,112.078
1777834176.5285149,23,25,0.05,0.002,0.399,110.141
1777834177.5487945,23,25,0.065,0.002,0.402,117.113
1777834178.560716,23,25,0.072,0.002,0.405,112.658
1777834179.5706882,23,25,0.194,0.002,0.429,113.395
1777834180.5794773,23,25,0.072,0.002,0.554,112.068
1777834181.5894766,23,25,0.073,0.002,0.566,109.117
1777834182.599871,23,25,0.077,0.002,0.414,111.751
1777834183.6148863,23,25,0.061,0.002,0.534,111.707
1777834184.6273375,23,25,0.063,0.002,0.565,112.479
1777834185.6353016,23,25,0.055,0.002,0.5,109.571
1777834186.681088,23,25,0.06,0.002,0.528,108.376
1777834187.6953928,23,25,0.182,0.002,0.571,112.015
1777834188.7081242,23,25,0.063,0.002,0.54,112.066
1777834189.7222052,23,25,0.061,0.002,0.394,118.593
1777834190.7216086,23,25,0.065,0.002,0.405,109.154
1777834191.739507,23,25,0.058,0.001,0.512,111.841
1777834192.75121,23,25,0.054,0.002,0.623,112.343
1777834193.7585232,23,25,0.178,0.001,0.423,110.162
1777834194.778244,23,25,0.056,0.002,0.516,112.93
1777834195.793459,23,25,0.058,0.002,0.513,111.8
1777834196.8111298,23,25,0.056,0.002,0.385,118.292
1777834197.8173985,23,25,0.072,0.002,0.533,113.266
1777834198.8294373,23,25,0.063,0.002,0.423,117.384
1777834199.8400424,23,25,0.072,0.002,0.526,110.203
1777834200.8524942,23,5,0.048,0.002,0.127,111.558
1777834201.8630054,23,5,0.033,0.002,0.14,110.272
1777834202.875747,23,5,0.028,0.002,0.131,112.088
1777834203.8907142,23,5,0.028,0.002,0.124,111.772
1777834204.9037812,23,5,0.026,0.001,0.128,111.547
1777834205.9110448,23,25,0.046,0.001,0.513,109.485
1777834206.9238951,23,25,0.067,0.002,0.682,111.695
1777834207.93706,23,25,0.07,0.002,0.409,111.063
1777834208.9565604,23,25,0.17,0.002,0.428,112.126
1777834209.9647975,23,25,0.058,0.002,0.545,109.277
1777834210.9745467,23,25,0.061,0.002,0.425,109.4
1777834211.9976432,23,25,0.073,0.002,0.416,109.428
1777834213.0106425,23,25,0.077,0.002,0.423,112.648
1777834214.0280194,23,25,0.12,0.003,0.648,119.231
1777834215.0343547,23,25,0.06,0.002,0.39,116.674
1777834216.0376801,23,25,0.07,0.002,0.413,111.479
1777834217.0533671,23,25,0.076,0.002,0.563,117.922
1777834218.0615883,23,25,0.061,0.002,0.423,111.466
1777834219.0879233,23,25,0.057,0.002,0.413,129.632
1777834220.0790017,23,25,0.162,0.002,0.663,110.705
1777834221.09005,23,25,0.062,0.002,0.527,110.16
1777834222.1086,23,25,0.055,0.003,0.485,110.915
1777834223.1251645,23,25,0.053,0.002,0.512,117.671
1777834224.1318488,23,25,0.057,0.002,0.415,116.684
1777834225.1589053,23,25,0.05,0.002,0.389,128.546
1777834226.1511474,23,25,0.057,0.002,0.507,109.831
1777834227.1582437,23,25,0.05,0.002,0.514,108.715
1777834228.172711,23,25,0.063,0.002,0.451,112.372
1777834229.188348,23,25,0.055,0.002,0.512,112.19
1777834230.222243,23,25,0.078,0.002,0.706,111.478
1777834231.2334836,23,25,0.06,0.002,0.515,109.741
1777834232.2388544,23,25,0.053,0.001,0.391,107.03
1777834233.2590911,23,25,0.055,0.002,0.528,112.052
1777834234.2713494,23,25,0.068,0.002,0.552,112.529
1777834235.2871685,23,25,0.071,0.002,0.404,111.416
1777834236.2948866,23,25,0.065,0.002,0.408,110.488
1777834237.3095222,23,25,0.124,0.002,0.4,109.311
1777834238.319604,23,25,0.119,0.002,0.415,109.591
1777834239.3392162,23,25,0.067,0.001,0.529,112.426
1777834240.3473704,23,25,0.125,0.002,0.417,108.389
1777834241.356613,23,25,0.061,0.002,0.396,109.035
1777834242.3653207,23,25,0.06,0.002,0.573,109.547
1777834243.3827152,23,25,0.073,0.002,0.807,112.51
1777834244.3930583,23,25,0.056,0.002,0.388,114.458
1777834245.4070547,23,25,0.068,0.002,0.516,112.711
1777834246.4217741,23,5,0.046,0.002,0.125,114.393
1777834247.4338381,23,5,0.03,0.001,0.127,112.54
1777834248.4562006,23,5,0.024,0.001,0.254,111.548
1777834249.4662561,23,5,0.029,0.001,0.125,111.159
1777834250.482101,23,5,0.026,0.002,0.2,109.823
1777834251.4948244,23,25,0.05,0.002,0.484,114.917
1777834252.5024636,23,25,0.082,0.003,0.569,110.346
1777834253.5173016,23,25,0.052,0.002,0.634,117.073
1777834254.522747,23,25,0.055,0.002,0.416,109.96
1777834255.549089,23,25,0.05,0.002,0.385,124.127
1777834256.5505795,23,25,0.053,0.002,0.393,117.743
1777834257.5554643,23,25,0.142,0.002,0.412,111.914
1777834258.5703216,23,25,0.059,0.002,0.566,111.309
1777834259.580722,23,25,0.057,0.002,0.515,111.191
1777834260.590574,23,5,0.046,0.002,0.123,110.62
1777834261.614925,23,5,0.022,0.002,0.117,124.457
1777834262.6164663,23,5,0.125,0.001,0.126,110.817
1777834263.6282227,23,5,0.032,0.002,0.204,113.705
1777834264.633412,23,5,0.025,0.001,0.12,108.368
1777834265.653928,23,25,0.04,0.001,0.51,110.746
1777834266.6807592,23,25,0.064,0.002,0.527,112.111
1777834267.6877682,23,25,0.067,0.002,0.405,109.119
1777834268.7022467,23,25,0.065,0.002,0.531,111.622
1777834269.7135422,23,25,0.161,0.002,0.437,112.112
1777834270.7316864,23,25,0.058,0.002,0.425,112.541
1777834271.7451687,23,25,0.06,0.002,0.69,111.985
1777834272.7506995,23,25,0.061,0.002,0.4,109.256
1777834273.776174,23,25,0.066,0.002,0.434,124.909
1777834274.772742,23,25,0.069,0.002,0.412,111.124
1777834275.7883198,23,5,0.048,0.001,0.127,110.426
1777834276.8001597,23,5,0.024,0.002,0.255,110.829
1777834277.8123896,23,5,0.03,0.002,0.244,115.095
1777834278.8315961,23,5,0.024,0.001,0.118,110.102
1777834279.8378766,23,5,0.031,0.002,0.154,108.236
1777834280.85118,23,25,0.04,0.002,0.635,111.48
1777834281.8606024,23,25,0.057,0.001,0.396,109.256
1777834282.8779156,23,25,0.195,0.002,0.431,110.931
1777834283.8889055,23,25,0.061,0.002,0.444,111.373
1777834284.89723,23,25,0.06,0.002,0.518,109.818
1777834285.9213877,23,25,0.05,0.002,0.381,123.887
1777834286.9162664,23,25,0.106,0.002,0.407,108.811
1777834287.9274294,23,25,0.061,0.002,0.409,108.827
1777834288.9436896,23,25,0.06,0.002,0.395,111.172
1777834289.9588397,23,25,0.057,0.002,0.51,111.311
1777834290.9681401,23,5,0.047,0.002,0.272,109.616
1777834291.983183,23,5,0.028,0.001,0.12,113.91
1777834292.991556,23,5,0.026,0.001,0.127,110.785
1777834293.9987001,23,5,0.029,0.002,0.128,108.608
1777834295.0080457,23,5,0.026,0.001,0.12,110.596
1777834296.0226169,23,25,0.046,0.002,0.425,110.743
1777834297.0554664,23,25,0.153,0.003,0.505,111.129
1777834298.0692117,23,25,0.062,0.002,0.692,111.281
1777834299.079474,23,25,0.054,0.002,0.4,110.206
1777834300.0896666,23,25,0.055,0.001,0.408,109.777
1777834301.1052067,23,25,0.055,0.001,0.514,111.17
1777834302.115041,23,25,0.058,0.002,0.422,107.88
1777834303.134003,23,25,0.055,0.002,0.514,110.391
1777834304.141318,23,25,0.072,0.002,0.531,109.662
1777834305.1478922,23,25,0.068,0.002,0.416,108.533
1777834306.16771,23,5,0.053,0.002,0.129,111.398
1777834307.1785614,23,5,0.026,0.001,0.114,114.718
1777834308.182377,23,5,0.032,0.001,0.203,107.904
1777834309.1965227,23,5,0.193,0.001,0.126,110.136
1777834310.2112415,23,5,0.024,0.002,0.221,110.923
1777834311.229666,23,25,0.042,0.001,0.41,112.49
1777834312.2363005,23,25,0.064,0.002,0.468,109.438
1777834313.2434852,23,25,0.065,0.002,0.544,108.332
1777834314.2509606,23,25,0.053,0.002,0.478,108.355
1777834315.2648473,23,25,0.054,0.002,0.481,110.598
1777834316.2767537,23,25,0.066,0.002,0.556,111.147
1777834317.2916825,23,25,0.074,0.002,0.443,111.35
1777834318.2997427,23,25,0.152,0.002,0.417,109.448
1777834319.3188035,23,25,0.07,0.002,0.438,112.273
1777834320.326295,23,25,0.072,0.002,0.564,111.178
1777834321.34708,23,5,0.044,0.002,0.122,114.057
1777834322.352671,23,5,0.028,0.002,0.125,109.234
1777834323.362528,23,5,0.026,0.002,0.122,108.213
1777834324.371228,23,5,0.035,0.001,0.128,108.434
1777834325.387993,23,5,0.027,0.002,0.223,116.489
1777834326.3998344,23,25,0.044,0.002,0.396,114.048
1777834327.4021587,23,25,0.107,0.002,0.519,108.807
1777834328.4166417,23,25,0.27,0.002,0.446,110.923
1777834329.4264145,23,25,0.216,0.002,0.407,110.902
1777834330.4434488,23,25,0.057,0.002,0.565,109.918
1777834331.4552703,23,25,0.159,0.002,0.678,110.95
1777834332.469155,23,25,0.066,0.002,0.628,111.333
1777834333.5070677,23,25,0.054,0.002,0.396,134.477
1777834334.489221,23,25,0.065,0.002,0.59,108.63
1777834335.5047228,23,25,0.072,0.002,0.405,112.057
1777834336.5135586,23,5,0.039,0.002,0.124,111.384
1777834337.5270283,23,5,0.026,0.002,0.122,117.557
1777834338.553068,23,5,0.027,0.002,0.214,111.484
1777834339.5651336,23,5,0.027,0.001,0.273,112.359
1777834340.574816,23,5,0.023,0.001,0.108,112.4
1777834341.5844724,23,25,0.095,0.002,0.41,110.59
1777834342.5944011,23,25,0.057,0.001,0.407,113.201
1777834343.5981162,23,25,0.063,0.002,0.544,108.586
1777834344.6123235,23,25,0.056,0.002,0.504,113.494
1777834345.618729,23,25,0.059,0.002,0.519,110.207
1777834346.631751,23,25,0.057,0.001,0.428,111.362
1777834347.6471577,23,25,0.063,0.002,0.65,111.762
1777834348.6630137,23,25,0.072,0.002,0.414,111.956
1777834349.675336,23,25,0.079,0.002,0.511,109.498
1777834350.6883743,23,25,0.143,0.002,0.431,110.29
1777834351.69905,23,25,0.068,0.002,0.535,110.69
1777834352.7059605,23,25,0.06,0.002,0.398,109.358
1777834353.7197256,23,25,0.06,0.002,0.396,112.136
1777834354.7327287,23,25,0.053,0.002,0.593,111.131
1777834355.7488534,23,25,0.058,0.001,0.504,118.736
1777834356.7474265,23,25,0.057,0.002,0.432,107.964
1777834357.7604196,23,25,0.056,0.002,0.622,110.704
1777834358.7719247,23,25,0.058,0.002,0.493,110.419
1777834359.7813416,23,25,0.068,0.002,0.628,110.885
1777834360.8010416,23,25,0.267,0.003,0.695,121.126
1777834361.7948298,23,5,0.043,0.002,0.12,107.77
1777834362.8106894,23,5,0.026,0.002,0.121,112.251
1777834363.8244963,23,5,0.033,0.002,0.251,112.29
1777834364.8399546,23,5,0.027,0.002,0.12,115.415
1777834365.8716362,23,5,0.038,0.002,0.334,124.722
1777834366.8888607,23,25,0.045,0.001,0.385,131.392
1777834367.883382,23,25,0.075,0.002,0.553,114.152
1777834368.9000797,23,25,0.081,0.002,0.529,120.03
1777834369.900536,23,25,0.065,0.002,0.41,112.246
1777834370.9126146,23,25,0.07,0.002,0.43,112.97
1777834371.9226272,23,25,0.068,0.01,0.485,112.136
1777834372.9287589,23,25,0.06,0.001,0.408,108.892
1777834373.9390297,23,25,0.057,0.002,0.631,109.447
1777834374.9471765,23,25,0.058,0.002,0.518,108.335
1777834375.957743,23,25,0.06,0.002,0.4,109.958
1777834376.984937,23,5,0.041,0.002,0.119,110.337
1777834378.0008233,23,5,0.026,0.002,0.126,111.423
1777834379.0128143,23,5,0.023,0.002,0.121,111.392
1777834380.0313337,23,5,0.028,0.002,0.12,112.762
1777834381.046068,23,25,0.044,0.002,0.543,111.714
1777834382.051311,23,25,0.058,0.001,0.529,108.569
1777834383.0698435,23,25,0.055,0.002,0.468,110.268
1777834384.0804293,23,25,0.133,0.002,0.497,109.84
1777834385.0900652,23,25,0.058,0.002,0.405,108.725
1777834386.1111028,23,25,0.054,0.002,0.387,118.69
1777834387.1134646,23,25,0.063,0.002,0.406,108.675
1777834388.1325383,23,25,0.06,0.002,0.582,112.149
1777834389.1416986,23,25,0.061,0.001,0.418,112.349
1777834390.1480534,23,25,0.069,0.002,0.412,108.003
1777834391.157577,23,5,0.126,0.002,0.132,108.641
1777834392.165504,23,5,0.025,0.001,0.122,108.267
1777834393.1833842,23,5,0.028,0.002,0.122,118.058
1777834394.2047796,23,5,0.025,0.001,0.119,110.574
1777834395.213703,23,5,0.028,0.002,0.131,109.197
1777834396.2258828,23,25,0.045,0.001,0.546,112.387
1777834397.233946,23,25,0.054,0.002,0.415,110.321
1777834398.242097,23,25,0.058,0.002,0.406,109.051
1777834399.2534897,23,25,0.313,0.002,0.4,110.235
1777834400.2611077,23,25,0.108,0.001,0.384,109.175
1777834401.2747474,23,25,0.1,0.002,0.404,108.21
1777834402.284437,23,25,0.058,0.003,0.42,108.258
1777834403.2929738,23,25,0.061,0.002,0.405,109.334
1777834404.3046474,23,25,0.054,0.002,0.402,114.417
1777834405.3085322,23,25,0.057,0.002,0.416,108.932
1777834406.3202176,23,25,0.072,0.001,0.593,110.483
1777834407.3271298,23,25,0.053,0.002,0.53,108.965
1777834408.3401294,23,25,0.063,0.002,0.619,111.014
1777834409.3501222,23,25,0.064,0.001,0.41,109.298
1777834410.3647184,23,25,0.062,0.002,0.533,111.909
1777834411.3715415,23,25,0.069,0.002,0.578,109.206
1777834412.392587,23,25,0.057,0.002,0.404,118.312
1777834413.394499,23,25,0.067,0.002,0.627,111.739
1777834414.400547,23,25,0.069,0.001,0.517,109.686
1777834415.4204078,23,25,0.149,0.002,0.433,111.577
1777834416.4461193,23,25,0.055,0.002,0.509,128.658
1777834417.4402432,23,25,0.053,0.002,0.42,111.561
1777834418.4537995,23,25,0.188,0.003,0.448,111.521
1777834419.4687443,23,25,0.06,0.002,0.432,110.186
1777834420.4847708,23,25,0.057,0.002,0.394,110.696
1777834421.4983697,23,25,0.063,0.002,0.561,112.4
1777834422.507935,23,25,0.047,0.002,0.386,110.994
1777834423.5182412,23,25,0.059,0.002,0.396,109.441
1777834424.5308914,23,25,0.072,0.002,0.427,111.208
1777834425.5353544,23,25,0.053,0.002,0.604,108.338
1777834426.5496087,23,5,0.045,0.002,0.125,110.163
1777834427.5579517,23,5,0.024,0.001,0.12,109.473
1777834428.5653162,23,5,0.024,0.002,0.119,107.667
1777834429.5750916,23,5,0.025,0.001,0.31,108.956
1777834430.5865707,23,5,0.045,0.003,0.326,109.814
1777834431.5952873,23,25,0.05,0.002,0.542,109.736
1777834432.6103938,23,25,0.159,0.002,0.481,110.569
1777834433.6178,23,25,0.056,0.002,0.418,109.581
1777834434.6568933,23,25,0.055,0.002,0.421,133.117
1777834435.6473567,23,25,0.056,0.002,0.579,111.045
1777834436.6594172,23,25,0.07,0.002,0.534,112.478
1777834437.6756306,23,25,0.073,0.002,0.418,113.367
1777834438.6882539,23,25,0.08,0.002,0.58,111.294
1777834439.6970117,23,25,0.066,0.002,0.521,111.915
1777834440.7117486,23,25,0.058,0.002,0.406,112.423
1777834441.7160065,23,25,0.062,0.002,0.393,108.743
1777834442.73733,23,25,0.082,0.002,0.546,112.57
1777834443.7522292,23,25,0.063,0.002,0.525,111.113
1777834444.762579,23,25,0.064,0.002,0.493,110.072
1777834445.7762282,23,25,0.069,0.002,0.41,111.649
1777834446.7992868,23,25,0.13,0.002,0.6,115.132
1777834447.8094218,23,25,0.053,0.001,0.405,116.856
1777834448.8165553,23,25,0.06,0.002,0.395,112.629
1777834449.8324447,23,25,0.055,0.002,0.386,111.488
1777834450.8373408,23,25,0.056,0.002,0.522,108.775
1777834451.8493452,23,25,0.052,0.002,0.494,110.911
1777834452.857248,23,25,0.076,0.002,0.682,110.48
1777834453.872287,23,25,0.056,0.002,0.397,117.725
1777834454.8780541,23,25,0.067,0.002,0.517,112.535
1777834455.906017,23,25,0.069,0.002,0.697,120.689
1777834456.907256,23,25,0.065,0.002,0.43,110.5
1777834457.9268484,23,25,0.183,0.002,0.661,113.792
1777834458.9493494,23,25,0.048,0.001,0.378,127.895
1777834459.938015,23,25,0.058,0.002,0.39,110.098
1777834460.9588618,23,25,0.073,0.002,0.395,114.64
1777834461.9656844,23,5,0.048,0.002,0.129,112.08
1777834462.9703472,23,5,0.027,0.001,0.126,109.239
1777834463.9843934,23,5,0.024,0.001,0.119,111.99
1777834464.9916499,23,5,0.025,0.001,0.121,109.697
1777834466.0055306,23,5,0.027,0.002,0.146,112.275
1777834467.0156279,23,25,0.153,0.002,0.573,112.705
1777834468.027462,23,25,0.064,0.01,0.626,111.643
1777834469.0558639,23,25,0.065,0.003,0.482,112.271
1777834470.064075,23,25,0.055,0.001,0.53,111.176
1777834471.075549,23,25,0.057,0.002,0.403,115.349
1777834472.0768702,23,25,0.059,0.002,0.413,108.455
1777834473.0857232,23,25,0.062,0.002,0.392,110.04
1777834474.1028051,23,25,0.063,0.002,0.49,110.999
1777834475.118994,23,25,0.072,0.002,0.406,112.543
1777834476.1367116,23,25,0.085,0.002,0.578,114.671
1777834477.1526253,23,5,0.046,0.002,0.122,115.564
1777834478.1544342,23,5,0.026,0.001,0.125,110.177
1777834479.1620016,23,5,0.027,0.002,0.123,108.622
1777834480.179918,23,5,0.025,0.002,0.121,111.026
1777834481.1938531,23,5,0.026,0.002,0.123,111.646
1777834482.2108085,23,25,0.042,0.002,0.42,112.395
1777834483.2181215,23,25,0.056,0.002,0.422,109.274
1777834484.2273326,23,25,0.057,0.002,0.405,109.219
1777834485.2407947,23,25,0.059,0.002,0.387,111.969
1777834486.2581832,23,25,0.055,0.001,0.55,118.283
1777834487.2610734,23,25,0.049,0.002,0.514,111.878
1777834488.2746766,23,25,0.071,0.002,0.408,117.658
1777834489.2801385,23,25,0.103,0.002,0.477,111.86
1777834490.2864692,23,25,0.059,0.002,0.39,108.935
1777834491.3020935,23,5,0.042,0.002,0.221,110.399
1777834492.3170884,23,5,0.023,0.002,0.214,112.722
1777834493.3293955,23,5,0.024,0.002,0.115,117.306
1777834494.3296895,23,5,0.024,0.001,0.12,108.179
1777834495.3428133,23,5,0.135,0.002,0.125,110.439
1777834496.3513076,23,25,0.049,0.002,0.549,109.751
1777834497.3724103,23,25,0.08,0.002,0.55,116.812
1777834498.3841512,23,25,0.071,0.002,0.521,112.168
1777834499.3945756,23,25,0.141,0.002,0.414,111.996
1777834500.408978,23,25,0.06,0.002,0.404,117.87
1777834501.4076445,23,25,0.062,0.001,0.386,108.452
1777834502.4249885,23,25,0.167,0.002,0.498,110.24
1777834503.4361155,23,25,0.059,0.002,0.553,110.449
1777834504.4465785,23,25,0.061,0.002,0.495,111.29
1777834505.458069,23,25,0.063,0.002,0.635,111.403
1777834506.4654286,23,5,0.05,0.002,0.139,110.311
1777834507.4791725,23,5,0.03,0.001,0.226,112.873
1777834508.490035,23,5,0.026,0.002,0.219,111.091
1777834509.5041199,23,5,0.024,0.001,0.111,118.379
1777834510.5144112,23,5,0.024,0.002,0.125,110.823
1777834511.5213747,23,25,0.089,0.002,0.514,108.863
1777834512.540606,23,25,0.061,0.002,0.405,111.54
1777834513.5488613,23,25,0.051,0.002,0.508,110.996
1777834514.5646362,23,25,0.058,0.002,0.489,114.532
1777834515.5674777,23,25,0.061,0.002,0.406,108.192
1777834516.5788171,23,25,0.06,0.002,0.42,110.208
1777834517.5939038,23,25,0.062,0.002,0.413,117.072
1777834518.6041446,23,25,0.057,0.002,0.533,109.844
1777834519.6348712,23,25,0.055,0.002,0.387,112.565
1777834520.6504362,23,25,0.066,0.002,0.402,118.365
1777834521.6542146,23,13,0.048,0.001,0.383,111.29
1777834522.6641824,23,13,0.038,0.001,0.395,110.568
1777834523.6756194,23,13,0.046,0.002,0.246,111.26
1777834524.6838236,23,13,0.039,0.001,0.235,108.226
1777834525.6966531,23,13,0.035,0.002,0.325,109.73
1777834526.705924,23,25,0.055,0.002,0.519,108.854
1777834527.7207317,23,25,0.07,0.002,0.398,111.462
1777834528.7302961,23,25,0.063,0.002,0.651,110.546
1777834529.740724,23,25,0.072,0.002,0.437,110.849
1777834530.7574856,23,25,0.059,0.002,0.513,111.689
1777834531.793841,23,25,0.05,0.002,0.388,133.078
1777834532.7820103,23,25,0.066,0.002,0.582,111.395
1777834533.7993052,23,25,0.057,0.002,0.388,112.038
1777834534.81706,23,25,0.072,0.002,0.401,112.544
1777834535.8231244,23,25,0.055,0.002,0.51,110.376
1777834536.8346179,23,25,0.176,0.002,0.401,109.256
1777834537.8491924,23,25,0.067,0.002,0.525,112.854
1777834538.8647604,23,25,0.054,0.002,0.442,111.12
1777834539.8773265,23,25,0.058,0.001,0.541,112.294
1777834540.8904672,23,25,0.063,0.002,0.535,111.674
1777834541.8985984,23,25,0.066,0.002,0.414,110.928
1777834542.9088387,23,25,0.069,0.002,0.425,109.354
1777834543.916175,23,25,0.064,0.002,0.414,108.401
1777834544.9293306,23,25,0.06,0.002,0.62,109.999
1777834545.9462135,23,25,0.057,0.002,0.725,112.108
1777834546.952269,23,25,0.064,0.002,0.506,108.557
1777834547.9622555,23,25,0.074,0.003,0.437,109.545
1777834548.977069,23,25,0.077,0.002,0.445,112.656
1777834549.9915805,23,25,0.059,0.002,0.408,119.309
1777834551.0026588,23,25,0.056,0.002,0.4,113.329
1777834552.0074215,23,25,0.058,0.002,0.506,110.002
1777834553.0162268,23,25,0.053,0.002,0.392,110.475
1777834554.0249288,23,25,0.057,0.002,0.4,110.041
1777834555.0426002,23,25,0.065,0.001,0.503,111.45
1777834556.064475,23,25,0.052,0.001,0.391,125.66
1777834557.0595055,23,13,0.052,0.002,0.302,111.153
1777834558.0726454,23,13,0.041,0.002,0.238,109.619
1777834559.086946,23,13,0.042,0.002,0.239,116.365
1777834560.089469,23,13,0.099,0.002,0.244,109.715
1777834561.107494,23,13,0.041,0.002,0.236,111.961
1777834562.1192687,23,17,0.042,0.001,0.455,111.852
1777834563.1348543,23,17,0.045,0.002,0.329,112.399
1777834564.1419046,23,17,0.042,0.002,0.287,108.064
1777834565.1534712,23,17,0.045,0.002,0.291,108.906
1777834566.1610787,23,17,0.089,0.002,0.289,109.271
1777834567.170563,23,25,0.047,0.002,0.394,109.462
1777834568.1816945,23,25,0.055,0.002,0.392,110.42
1777834569.191842,23,25,0.052,0.002,0.496,109.984
1777834570.1975622,23,25,0.054,0.001,0.396,108.923
1777834571.218163,23,25,0.075,0.002,0.527,113.61
1777834572.2326634,23,13,0.052,0.002,0.233,112.052
1777834573.24396,23,13,0.036,0.001,0.226,111.393
1777834574.2544804,23,13,0.049,0.002,0.242,110.793
1777834575.2621586,23,13,0.037,0.001,0.234,109.241
1777834576.2708685,23,13,0.035,0.001,0.229,108.691
1777834577.2826798,23,17,0.038,0.002,0.518,110.418
1777834578.3000102,23,17,0.041,0.002,0.303,114.34
1777834579.311225,23,17,0.048,0.001,0.299,111.099
1777834580.3234212,23,17,0.046,0.001,0.395,111.688
1777834581.3349469,23,17,0.144,0.002,0.285,110.81
1777834582.341583,23,25,0.048,0.002,0.393,109.694
1777834583.3527153,23,25,0.197,0.002,0.405,110.758
1777834584.3747566,23,25,0.061,0.002,0.407,116.705
1777834585.378335,23,25,0.126,0.002,0.496,110.04
1777834586.3912103,23,25,0.062,0.002,0.378,113.327
1777834587.4026897,23,13,0.051,0.002,0.25,111.213
1777834588.4163153,23,13,0.041,0.002,0.36,111.725
1777834589.44156,23,13,0.04,0.002,0.234,111.881
1777834590.4524453,23,13,0.235,0.002,0.324,111.362
1777834591.4636917,23,13,0.126,0.002,0.246,111.408
1777834592.4767818,23,17,0.039,0.001,0.283,111.741
1777834593.4886153,23,17,0.051,0.002,0.297,110.715
1777834594.5026987,23,17,0.049,0.002,0.315,113.049
1777834595.536064,23,17,0.039,0.001,0.294,129.827
1777834596.5300078,23,17,0.05,0.002,0.281,111.958
1777834597.540067,23,25,0.05,0.001,0.589,110.341
1777834598.547272,23,25,0.051,0.002,0.402,108.935
1777834599.5624187,23,25,0.072,0.002,0.576,111.827
1777834600.574936,23,25,0.055,0.002,0.495,110.33
1777834601.5933888,23,25,0.058,0.002,0.505,113.296
1777834602.6038873,23,25,0.06,0.001,0.49,110.616
1777834603.6099722,23,25,0.055,0.002,0.409,109.222
1777834604.626455,23,25,0.054,0.001,0.535,118.147
1777834605.6253557,23,25,0.055,0.002,0.513,108.79
1777834606.6416588,23,17,0.048,0.002,0.284,117.329
1777834607.6485274,23,17,0.043,0.001,0.291,112.117
1777834608.6568384,23,17,0.045,0.002,0.289,110.481
1777834609.6637669,23,17,0.043,0.002,0.287,108.824
1777834610.6801789,23,17,0.044,0.002,0.443,112.084
1777834611.691775,23,25,0.052,0.001,0.386,111.851
1777834612.7054589,23,25,0.052,0.002,0.527,117.786
1777834613.710135,23,25,0.049,0.002,0.576,110.897
1777834614.7264733,23,25,0.119,0.003,0.803,117.715
1777834615.763365,23,25,0.127,0.004,0.872,125.962
1777834616.765107,23,25,0.121,0.003,0.734,112.787
1777834617.7744358,23,25,0.077,0.002,0.566,112.891
1777834618.7849584,23,25,0.082,0.002,0.418,111.489
1777834619.801426,23,25,0.117,0.003,0.705,116.064
1777834620.8176548,23,25,0.086,0.002,0.567,113.407
1777834621.8306742,23,5,0.076,0.003,0.215,113.302
1777834622.8612835,23,5,0.161,0.002,0.2,123.085
1777834623.8632138,23,5,0.039,0.002,0.15,111.564
1777834624.8817303,23,5,0.046,0.002,0.211,115.884
1777834625.898579,23,5,0.035,0.002,0.13,112.813
1777834626.9176588,23,25,0.104,0.003,0.987,118.465
1777834627.9277182,23,25,0.098,0.002,0.43,114.741
1777834628.9350853,23,25,0.076,0.002,0.553,108.902
1777834629.9490657,23,25,0.087,0.003,0.595,113.173
1777834630.9838674,23,25,0.07,0.001,0.445,112.721
1777834631.9957376,23,25,0.067,0.001,0.397,113.973
1777834633.015163,23,25,0.07,0.002,0.409,115.479
1777834634.0210195,23,25,0.066,0.002,0.405,111.166
1777834635.0386887,23,25,0.065,0.002,0.534,118.291
1777834636.0485444,23,25,0.08,0.002,0.401,116.268
1777834637.053374,23,5,0.05,0.002,0.131,108.771
1777834638.0684109,23,5,0.029,0.002,0.123,112.845
1777834639.0769014,23,5,0.032,0.001,0.134,109.656
1777834640.0893502,23,5,0.029,0.001,0.122,114.151
1777834641.097865,23,5,0.031,0.001,0.131,112.193
1777834642.1126108,23,25,0.05,0.001,0.395,111.823
1777834643.1252398,23,25,0.135,0.002,0.55,108.457
1777834644.1382802,23,25,0.07,0.002,0.542,112.116
1777834645.15788,23,25,0.069,0.003,0.413,115.235
1777834646.1768029,23,25,0.07,0.002,0.504,117.412
1777834647.1922705,23,25,0.076,0.002,0.413,113.54
1777834648.2014954,23,25,0.073,0.002,0.414,113.072
1777834649.218388,23,25,0.08,0.002,0.422,118.619
1777834650.2285988,23,25,0.072,0.003,0.434,111.493
1777834651.2426376,23,25,0.085,0.002,0.699,114.171
1777834652.251864,23,5,0.073,0.003,0.129,111.985
1777834653.2666051,23,5,0.028,0.002,0.118,116.019
1777834654.272424,23,5,0.037,0.002,0.127,110.655
1777834655.2900877,23,5,0.025,0.002,0.227,112.193
1777834656.298368,23,5,0.027,0.001,0.132,112.061
1777834657.3093693,23,25,0.159,0.002,0.568,111.029
1777834658.322675,23,25,0.07,0.002,0.402,112.387
1777834659.3405948,23,25,0.069,0.002,0.389,112.395
1777834660.3516726,23,25,0.075,0.002,0.536,114.582
1777834661.37114,23,25,0.066,0.002,0.398,117.192
1777834662.3755186,23,25,0.061,0.002,0.7,111.232
1777834663.3845704,23,25,0.063,0.002,0.42,110.467
1777834664.4045606,23,25,0.072,0.002,0.427,113.224
1777834665.411268,23,25,0.079,0.002,0.603,111.621
1777834666.4284115,23,25,0.072,0.001,0.544,115.186
1777834667.4313042,23,25,0.057,0.002,0.608,108.798
1777834668.4465575,23,25,0.058,0.002,0.578,111.677
1777834669.4591613,23,25,0.056,0.001,0.379,112.757
1777834670.4696972,23,25,0.06,0.002,0.431,111.357
1777834671.4909225,23,25,0.087,0.002,0.427,119.952
1777834672.501122,23,25,0.082,0.002,0.414,118.157
1777834673.5073173,23,25,0.065,0.002,0.42,108.295
1777834674.5195487,23,25,0.321,0.002,0.429,111.587
1777834675.536663,23,25,0.153,0.002,0.409,113.364
1777834676.5481555,23,25,0.06,0.002,0.758,112.881
1777834677.5606375,23,5,0.044,0.002,0.142,113.091
1777834678.5753934,23,5,0.036,0.002,0.252,114.266
1777834679.5854502,23,5,0.031,0.002,0.141,111.403
1777834680.5987535,23,5,0.027,0.001,0.126,112.702
1777834681.615715,23,5,0.027,0.001,0.122,112.971
1777834682.6220875,23,25,0.044,0.002,0.609,110.036
1777834683.641721,23,25,0.062,0.002,0.554,112.972
1777834684.6471648,23,25,0.065,0.002,0.409,109.441
1777834685.6693685,23,25,0.067,0.002,0.713,114.577
1777834686.678615,23,25,0.067,0.002,0.424,112.656
1777834687.6862216,23,25,0.156,0.002,0.39,110.31
1777834688.7024338,23,25,0.061,0.002,0.402,112.396
1777834689.713323,23,25,0.053,0.002,0.413,112.545
1777834690.7289612,23,25,0.074,0.002,0.41,112.336
1777834691.742103,23,25,0.064,0.002,0.388,114.509
1777834692.7490947,23,25,0.066,0.002,0.651,112.411
1777834693.7611508,23,25,0.064,0.002,0.404,110.994
1777834694.7688491,23,25,0.065,0.002,0.408,109.34
1777834695.7874043,23,25,0.058,0.002,0.54,112.056
1777834696.7977312,23,25,0.071,0.002,0.553,112.456
1777834697.810625,23,25,0.06,0.002,0.513,111.929
1777834698.8194578,23,25,0.054,0.002,0.496,109.714
1777834699.8326106,23,25,0.053,0.001,0.489,111.642
1777834700.8410013,23,25,0.069,0.002,0.64,110.665
1777834701.8586442,23,5,0.045,0.002,0.124,112.973
1777834702.868632,23,25,0.048,0.001,0.428,110.933
1777834703.8814385,23,25,0.066,0.002,0.405,112.858
1777834704.8975408,23,25,0.059,0.002,0.4,112.037
1777834705.9072003,23,25,0.067,0.002,0.551,111.861
1777834706.9146388,23,25,0.07,0.002,0.4,110.949
1777834707.9282682,23,25,0.09,0.003,0.463,113.404
1777834708.9505556,23,25,0.099,0.003,0.809,121.294
1777834709.9534006,23,25,0.073,0.003,0.635,109.357
1777834710.966762,23,25,0.054,0.001,0.393,111.965
1777834711.9772725,23,25,0.056,0.002,0.577,112.402
1777834712.9841743,23,25,0.068,0.002,0.708,110.497
1777834714.000349,23,25,0.062,0.002,0.551,112.294
1777834715.0149498,23,25,0.062,0.002,0.424,111.751
1777834716.0323157,23,25,0.064,0.001,0.578,111.989
1777834717.0694842,23,25,0.079,0.002,0.417,113.247
1777834718.0762515,23,25,0.072,0.002,0.434,108.202
1777834719.0954702,23,25,0.157,0.002,0.566,111.272
1777834720.1039124,23,25,0.066,0.002,0.401,110.709
1777834721.1243482,23,25,0.069,0.002,0.542,112.551
1777834722.1302295,23,25,0.061,0.002,0.539,109.91
1777834723.142627,23,25,0.071,0.002,0.416,111.91
1777834724.1578896,23,25,0.088,0.002,0.438,114.197
1777834725.1710443,23,25,0.084,0.002,0.423,119.576
1777834726.177871,23,25,0.088,0.003,0.42,114.035
1777834727.1915798,23,25,0.08,0.003,0.401,112.91
1777834728.2048216,23,25,0.064,0.002,0.408,110.218
1777834729.2123723,23,25,0.059,0.002,0.514,108.422
1777834730.2200568,23,25,0.067,0.002,0.743,109.06
1777834731.228775,23,25,0.064,0.002,0.425,109.766
1777834732.2430182,23,25,0.073,0.002,0.414,112.355
1777834733.2530558,23,25,0.07,0.003,0.411,111.96
1777834734.2680712,23,25,0.066,0.002,0.395,118.308
1777834735.2704778,23,25,0.071,0.002,0.422,110.137
1777834736.2831194,23,25,0.079,0.002,0.515,111.718
1777834737.2953894,23,25,0.101,0.002,0.584,112.818
1777834738.305396,23,25,0.07,0.002,0.542,112.227
1777834739.3205914,23,25,0.069,0.002,0.425,113.068
1777834740.329403,23,25,0.072,0.002,0.421,113.241
1777834741.339682,23,25,0.074,0.002,0.557,112.991
1777834742.3427935,23,5,0.054,0.002,0.138,108.4
1777834743.3543892,23,5,0.029,0.002,0.132,109.14
1777834744.3634586,23,5,0.113,0.002,0.139,108.581
1777834745.378799,23,5,0.026,0.002,0.239,116.28
1777834746.3807073,23,5,0.03,0.001,0.143,109.485
1777834747.3885999,23,25,0.046,0.002,0.517,109.481
1777834748.4225,23,25,0.051,0.002,0.409,127.532
1777834749.4130826,23,25,0.062,0.002,0.516,110.65
1777834750.4329705,23,25,0.064,0.002,0.657,113.163
1777834751.440442,23,25,0.057,0.002,0.581,109.925
1777834752.4530199,23,25,0.057,0.002,0.576,111.144
1777834753.466519,23,25,0.053,0.002,0.391,108.62
1777834754.4757617,23,25,0.066,0.002,0.406,109.595
1777834755.485335,23,25,0.051,0.002,0.583,110.095
1777834756.498961,23,25,0.055,0.002,0.396,112.741
1777834757.5126219,23,5,0.052,0.002,0.134,117.908
1777834758.514426,23,5,0.072,0.002,0.127,108.169
1777834759.5241294,23,5,0.024,0.001,0.124,108.246
1777834760.5426853,23,5,0.026,0.002,0.127,110.365
1777834761.5508058,23,5,0.023,0.001,0.118,109.844
1777834762.569635,23,25,0.055,0.002,0.513,112.3
1777834763.5765195,23,25,0.064,0.001,0.395,110.18
1777834764.5853255,23,25,0.06,0.002,0.53,109.947
1777834765.6143801,23,25,0.054,0.002,0.393,128.716
1777834766.6111052,23,25,0.059,0.002,0.393,112.095
1777834767.619484,23,25,0.06,0.002,0.507,110.952
1777834768.6265695,23,25,0.055,0.002,0.52,108.991
1777834769.6393497,23,25,0.08,0.002,0.604,111.303
1777834770.6470544,23,25,0.062,0.002,0.401,109.792
1777834771.673791,23,25,0.055,0.002,0.577,129.108
1777834772.6671834,23,5,0.044,0.002,0.119,114.671
1777834773.67119,23,5,0.027,0.002,0.126,109.569
1777834774.6891325,23,5,0.029,0.002,0.127,111.507
1777834775.6982229,23,5,0.101,0.002,0.127,110.384
1777834776.7072258,23,5,0.023,0.001,0.229,109.311
1777834777.7216723,23,25,0.054,0.002,0.412,111.75
1777834778.7362142,23,25,0.064,0.002,0.628,110.277
1777834779.75263,23,25,0.067,0.002,0.449,110.97
1777834780.765837,23,25,0.06,0.002,0.405,111.873
1777834781.7696729,23,25,0.055,0.002,0.399,108.306
1777834782.7883759,23,25,0.055,0.002,0.397,113.512
1777834783.7967746,23,25,0.162,0.002,0.54,110.765
1777834784.8035047,23,25,0.053,0.002,0.535,108.582
1777834785.8150897,23,25,0.144,0.002,0.515,109.93
1777834786.8275626,23,25,0.134,0.002,0.496,111.056
1777834787.8381553,23,5,0.04,0.002,0.262,110.361
1777834788.8534439,23,5,0.024,0.002,0.115,118.21
1777834789.8625581,23,5,0.025,0.001,0.121,111.597
1777834790.8728929,23,5,0.025,0.001,0.121,110.646
1777834791.884535,23,5,0.024,0.002,0.117,111.001
1777834792.8945816,23,25,0.043,0.002,0.579,111.811
1777834793.9085872,23,25,0.074,0.002,0.623,118.222
1777834794.9192553,23,25,0.057,0.002,0.437,116.367
1777834795.9244213,23,25,0.08,0.003,0.6,110.799
1777834796.929344,23,25,0.074,0.002,0.412,108.282
1777834797.9476476,23,25,0.061,0.002,0.424,117.203
1777834798.9566326,23,25,0.062,0.002,0.396,116.043
1777834799.9575577,23,25,0.201,0.002,0.453,109.801
1777834800.9774287,23,25,0.058,0.001,0.507,112.903
1777834801.9824016,23,25,0.063,0.002,0.623,110.337
1777834802.9954238,23,5,0.043,0.002,0.121,111.598
1777834804.0002348,23,5,0.031,0.001,0.126,109.133
1777834805.0150118,23,5,0.026,0.002,0.125,110.813
1777834806.0253818,23,5,0.031,0.002,0.135,111.461
1777834807.03164,23,5,0.025,0.002,0.141,109.98
1777834808.0426147,23,25,0.061,0.002,0.55,111.027
1777834809.0518203,23,25,0.055,0.002,0.388,110.078
1777834810.065637,23,25,0.056,0.002,0.397,109.633
1777834811.0842094,23,25,0.057,0.002,0.754,112.042
1777834812.0951686,23,25,0.061,0.002,0.439,112.222
1777834813.109431,23,25,0.064,0.002,0.417,111.701
1777834814.11486,23,25,0.06,0.001,0.405,108.537
1777834815.1243074,23,25,0.06,0.002,0.555,109.456
1777834816.1642992,23,25,0.074,0.002,0.429,119.126
1777834817.1753156,23,25,0.097,0.002,0.478,114.018
1777834818.1890874,23,5,0.049,0.002,0.128,110.686
1777834819.2072153,23,5,0.031,0.001,0.129,119.079
1777834820.2145684,23,5,0.03,0.002,0.135,109.56
1777834821.229865,23,5,0.026,0.002,0.124,110.955
1777834822.261377,23,5,0.023,0.001,0.115,131.935
1777834823.2495193,23,25,0.046,0.002,0.421,109.396
1777834824.266075,23,25,0.187,0.002,0.402,112.241
1777834825.2700377,23,25,0.058,0.002,0.575,108.295
1777834826.2891064,23,25,0.071,0.002,0.538,112.918
1777834827.306511,23,25,0.057,0.002,0.382,111.179
1777834828.3136778,23,25,0.062,0.002,0.431,110.167
1777834829.3266397,23,25,0.061,0.002,0.4,109.815
1777834830.3453383,23,25,0.069,0.002,0.565,111.806
1777834831.3550587,23,25,0.079,0.003,0.558,111.089
1777834832.3652275,23,5,0.048,0.002,0.127,108.992
1777834833.3763385,23,5,0.029,0.002,0.125,110.744
1777834834.3927357,23,5,0.028,0.001,0.127,111.63
1777834835.4078236,23,5,0.026,0.001,0.123,111.589
1777834836.4181554,23,5,0.041,0.002,0.206,111.963
1777834837.4337986,23,25,0.044,0.002,0.491,112.656
1777834838.4611986,23,25,0.058,0.002,0.391,111.648
1777834839.4795191,23,25,0.077,0.002,0.422,110.914
1777834840.4910421,23,25,0.056,0.001,0.602,110.955
1777834841.4989593,23,25,0.145,0.002,0.436,110.769
1777834842.5140264,23,25,0.073,0.002,0.651,112.26
1777834843.5374744,23,25,0.098,0.002,0.426,124.028
1777834844.53824,23,25,0.087,0.003,0.551,110.222
1777834845.5542412,23,25,0.062,0.105,0.555,111.488
1777834846.565348,23,25,0.061,0.001,0.56,111.059
1777834847.573125,23,25,0.059,0.002,0.424,110.785
1777834848.5863204,23,25,0.079,0.002,0.397,114.122
1777834849.604338,23,25,0.074,0.002,0.442,114.681
1777834850.6154087,23,25,0.086,0.002,0.473,110.011
1777834851.6372921,23,25,0.07,0.002,0.527,119.005
1777834852.6405337,23,25,0.06,0.002,0.399,111.798
1777834853.6731818,23,25,0.049,0.002,0.649,131.635
1777834854.6659286,23,25,0.059,0.002,0.485,111.116
1777834855.6852577,23,25,0.059,0.002,0.619,113.302
1777834856.7019506,23,25,0.063,0.002,0.404,112.916
1777834857.717678,23,17,0.051,0.001,0.281,119.504
1777834858.719259,23,17,0.117,0.002,0.456,110.824
1777834859.7304888,23,17,0.137,0.002,0.367,110.846
1777834860.739059,23,17,0.056,0.002,0.299,109.225
1777834861.7461176,23,17,0.05,0.002,0.501,108.712
1777834862.7581775,23,25,0.057,0.002,0.597,110.316
1777834863.7764595,23,25,0.064,0.002,0.4,118.87
1777834864.779416,23,25,0.17,0.003,0.419,112.02
1777834865.7854688,23,25,0.063,0.002,0.78,110.713
1777834866.799892,23,25,0.123,0.002,0.4,111.202
1777834867.8110318,23,13,0.155,0.002,0.509,110.435
1777834868.8250802,23,13,0.048,0.002,0.489,111.252
1777834869.8315775,23,13,0.039,0.002,0.365,110.124
1777834870.8485804,23,13,0.042,0.002,0.261,112.854
1777834871.8622954,23,13,0.05,0.002,0.233,116.669
1777834872.8622894,23,17,0.052,0.002,0.415,109.216
1777834873.881198,23,17,0.043,0.002,0.404,111.824
1777834874.892176,23,17,0.043,0.001,0.471,111.814
1777834875.910448,23,17,0.049,0.001,0.287,112.836
1777834876.9203246,23,17,0.049,0.002,0.386,112.506
1777834877.9274561,23,25,0.055,0.002,0.447,109.611
1777834878.9420996,23,25,0.068,0.002,0.41,112.486
1777834879.9601512,23,25,0.074,0.002,0.612,116.743
1777834880.971444,23,25,0.063,0.002,0.393,112.345
1777834881.9873788,23,25,0.062,0.002,0.534,112.063
1777834882.9955158,23,25,0.065,0.002,0.525,109.461
1777834884.0114493,23,25,0.055,0.001,0.558,111.497
1777834885.024838,23,25,0.065,0.002,0.406,112.933
1777834886.0288618,23,25,0.056,0.002,0.426,109.262
1777834887.0496159,23,25,0.051,0.002,0.386,113.24
1777834888.0623298,23,25,0.066,0.002,0.515,111.786
1777834889.0749898,23,25,0.063,0.002,0.398,112.033
1777834890.0930486,23,25,0.064,0.002,0.406,112.895
1777834891.1106462,23,25,0.064,0.001,0.432,112.864
1777834892.1427398,23,25,0.056,0.002,0.415,111.696
1777834893.168209,23,25,0.071,0.002,0.412,109.361
1777834894.1816578,23,25,0.063,0.002,0.62,111.91
1777834895.1899092,23,25,0.062,0.002,0.421,110.148
1777834896.205075,23,25,0.066,0.002,0.444,113.39
1777834897.2232082,23,25,0.067,0.002,0.512,117.129
1777834898.226051,23,25,0.056,0.002,0.396,110.201
1777834899.242103,23,25,0.061,0.002,0.582,110.497
1777834900.2495306,23,25,0.069,0.002,0.59,109.822
1777834901.2581372,23,25,0.111,0.002,0.533,108.988
1777834902.2697217,23,25,0.065,0.002,0.432,113.055
1777834903.2794545,23,13,0.052,0.002,0.259,109.867
1777834904.2923944,23,13,0.043,0.001,0.24,111.669
1777834905.3051965,23,13,0.04,0.002,0.345,111.92
1777834906.309265,23,13,0.043,0.002,0.352,108.381
1777834907.3284469,23,13,0.04,0.001,0.237,117.849
1777834908.3404338,23,17,0.041,0.001,0.308,112.764
1777834909.349307,23,17,0.053,0.002,0.425,111.03
1777834910.3640902,23,17,0.049,0.002,0.576,111.238
1777834911.3727658,23,17,0.047,0.001,0.419,110.6
1777834912.3875632,23,17,0.051,0.001,0.333,111.908
1777834913.407142,23,25,0.05,0.002,0.392,121.46
1777834914.4109378,23,25,0.064,0.002,0.396,111.833
1777834915.4243064,23,25,0.059,0.002,0.413,117.892
1777834916.4280028,23,25,0.165,0.002,0.681,109.903
1777834917.441416,23,25,0.132,0.002,0.386,112.088
1777834918.4500866,23,13,0.065,0.002,0.252,110.763
1777834919.459127,23,13,0.037,0.002,0.377,109.722
1777834920.4680402,23,13,0.039,0.001,0.237,109.715
1777834921.480382,23,13,0.047,0.002,0.241,109.687
1777834922.491167,23,13,0.046,0.002,0.342,110.716
1777834923.505279,23,25,0.056,0.001,0.404,110.878
1777834924.5297856,23,25,0.053,0.002,0.418,126.234
1777834925.5283446,23,25,0.068,0.001,0.592,112.627
1777834926.5447464,23,25,0.062,0.001,0.4,119.243
1777834927.5503216,23,25,0.083,0.002,0.566,114.794
1777834928.565109,23,25,0.056,0.002,0.627,111.863
1777834929.5698285,23,25,0.065,0.002,0.404,108.265
1777834930.5953953,23,25,0.051,0.002,0.399,125.602
1777834931.5883713,23,25,0.065,0.002,0.404,108.888
1777834932.6004395,23,5,0.049,0.002,0.142,110.702
1777834933.6151872,23,5,0.024,0.002,0.124,110.574
1777834934.6315339,23,5,0.024,0.001,0.206,110.029
1777834935.6394422,23,5,0.023,0.001,0.119,110.181
1777834936.6495714,23,5,0.026,0.001,0.119,109.3
1777834937.6636574,23,25,0.044,0.002,0.407,112.006
1777834938.673244,23,25,0.063,0.002,0.726,109.928
1777834939.6900413,23,25,0.053,0.001,0.497,112.501
1777834940.725493,23,25,0.063,0.002,0.581,113.324
1777834941.7469537,23,25,0.105,0.003,7.727,125.305
1777834942.7432957,23,25,0.077,0.002,0.408,112.323
1777834943.7560084,23,25,0.103,0.002,0.443,117.748
1777834944.760451,23,25,0.208,0.002,0.42,113.345
1777834945.7798343,23,25,0.165,0.004,1.16,123.762
1777834946.7785425,23,25,0.076,0.003,0.655,110.262
1777834947.7887595,23,5,0.058,0.002,0.138,110.641
1777834948.8036606,23,5,0.033,0.001,0.127,114.271
1777834949.8228714,23,5,0.032,0.002,0.128,121.608
1777834950.822868,23,5,0.027,0.001,0.207,111.647
1777834951.8337514,23,5,0.027,0.001,0.124,111.051
1777834952.8477573,23,25,0.047,0.002,0.384,112.034
1777834953.8575935,23,25,0.063,0.002,0.522,110.255
1777834954.875168,23,25,0.068,0.002,0.52,112.596
1777834955.886565,23,25,0.07,0.002,0.419,112.582
1777834956.9037616,23,25,0.066,0.002,0.415,111.883
1777834957.922722,23,25,0.066,0.002,0.403,116.828
1777834958.9330242,23,25,0.23,0.003,0.6,114.475
1777834959.9443572,23,25,0.098,0.003,0.535,112.772
1777834960.9617794,23,25,0.067,0.002,0.409,111.653
1777834961.9711404,23,25,0.077,0.002,0.575,111.899
1777834962.9885063,23,5,0.14,0.003,0.14,112.059
1777834963.996208,23,5,0.034,0.002,0.283,111.075
1777834965.006569,23,5,0.025,0.001,0.114,113.902
1777834966.0152333,23,5,0.109,0.001,0.131,112.916
1777834967.0280907,23,5,0.031,0.002,0.304,109.859
1777834968.038953,23,25,0.041,0.001,0.388,109.392
1777834969.0550065,23,25,0.07,0.002,0.54,114.176
1777834970.0581937,23,25,0.077,0.002,0.663,108.561
1777834971.0721908,23,25,0.055,0.001,0.514,110.385
1777834972.086781,23,25,0.06,0.003,0.53,108.711
1777834973.1043425,23,25,0.079,0.002,0.612,113.421
1777834974.1141899,23,25,0.072,0.002,0.536,112.872
1777834975.1324797,23,25,0.059,0.002,0.675,112.229
1777834976.1496944,23,25,0.063,0.002,0.514,114.377
1777834977.1653333,23,25,0.072,0.002,0.402,116.765
1777834978.1752355,23,5,0.061,0.002,0.134,112.45
1777834979.1841977,23,5,0.041,0.002,0.152,109.403
1777834980.200463,23,5,0.027,0.002,0.124,108.736
1777834981.2216904,23,5,0.026,0.002,0.127,112.957
1777834982.2303743,23,5,0.028,0.002,0.121,109.774
1777834983.2428849,23,25,0.048,0.002,0.502,111.064
1777834984.2600145,23,25,0.076,0.002,0.422,113.102
1777834985.2689793,23,25,0.04,0.002,0.383,114.237
1777834986.2778106,23,25,0.064,0.001,0.423,115.066
1777834987.290414,23,25,0.069,0.002,0.654,112.084
1777834988.2980921,23,25,0.059,0.001,0.517,110.724
1777834989.3090873,23,25,0.061,0.002,0.52,109.695
1777834990.3344917,23,25,0.072,0.002,0.401,117.803
1777834991.339069,23,25,0.054,0.002,0.5,111.895
1777834992.3591733,23,25,0.08,0.002,0.432,114.008
1777834993.374758,23,25,0.07,0.002,0.399,112.989
1777834994.3892357,23,25,0.095,0.003,0.864,117.484
1777834995.3974922,23,25,0.141,0.002,0.431,112.163
1777834996.4045537,23,25,0.058,0.002,0.497,109.89
1777834997.4193678,23,25,0.057,0.002,0.625,112.241
1777834998.4255326,23,25,0.18,0.002,0.421,109.067
1777834999.4355178,23,25,0.077,0.002,0.451,108.336
1777835000.4438858,23,25,0.059,0.002,0.506,108.821
1777835001.4564097,23,25,0.144,0.003,0.426,111.111
1777835002.4660757,23,25,0.052,0.002,0.736,111.235
1777835003.4834213,23,5,0.037,0.001,0.119,111.796
1777835004.4917684,23,5,0.026,0.002,0.21,110.535
1777835005.5037236,23,5,0.026,0.002,0.119,111.436
1777835006.5199451,23,5,0.032,0.002,0.129,110.27
1777835007.5361056,23,5,0.102,0.003,0.135,114.545
1777835008.5450857,23,25,0.072,0.012,0.598,112.311
1777835009.5558095,23,25,0.067,0.002,0.423,111.481
1777835010.5600462,23,25,0.064,0.002,0.421,107.806
1777835011.574331,23,25,0.068,0.002,0.61,111.521
1777835012.5827627,23,25,0.101,0.002,0.421,109.233
1777835013.5912526,23,25,0.057,0.002,0.528,109.713
1777835014.606759,23,25,0.063,0.002,0.399,111.881
1777835015.6187415,23,25,0.113,0.003,0.465,112.773
1777835016.6253061,23,25,0.058,0.002,0.658,110.545
1777835017.6418865,23,25,0.08,0.002,0.477,111.597
1777835018.6592238,23,25,0.082,0.002,0.527,111.543
1777835019.6704245,23,25,0.069,0.002,0.545,111.883
1777835020.679274,23,25,0.065,0.002,0.641,110.108
1777835021.688607,23,25,0.333,0.002,0.463,109.838
1777835022.7016304,23,25,0.102,0.003,0.525,110.367
1777835023.7439735,23,25,0.057,0.002,0.398,134.771
1777835024.7301743,23,25,0.063,0.002,0.627,110.017
1777835025.7440603,23,25,0.069,0.002,0.488,115.67
1777835026.752137,23,25,0.073,0.002,0.541,112.617
1777835027.775101,23,25,0.072,0.002,0.492,117.987
1777835028.8015237,23,25,0.069,0.001,0.431,128.052
1777835029.7930465,23,25,0.069,0.002,0.418,110.632
1777835030.8039005,23,25,0.058,0.002,0.574,110.672
1777835031.821325,23,25,0.064,0.002,0.53,112.814
1777835032.8286083,23,25,0.076,0.002,0.422,112.238
1777835033.84044,23,25,0.057,0.002,0.543,111.975
1777835034.8494232,23,25,0.077,0.001,0.531,111.597
1777835035.871382,23,25,0.068,0.002,0.433,113.589
1777835036.8798077,23,25,0.064,0.002,0.398,111.359
1777835037.8958101,23,25,0.07,0.002,0.428,115.992
1777835038.9018123,23,5,0.043,0.002,0.124,111.121
1777835039.9148333,23,5,0.097,0.002,0.152,111.285
1777835040.9230468,23,5,0.101,0.002,0.227,110.215
1777835041.9351282,23,5,0.027,0.001,0.334,110.237
1777835042.9476464,23,25,0.048,0.002,0.614,111.154
1777835043.9620075,23,25,0.063,0.002,0.391,109.99
1777835044.974323,23,25,0.057,0.002,0.518,112.988
1777835045.980203,23,25,0.061,0.002,0.4,108.593
1777835046.9925466,23,25,0.058,0.003,0.421,110.707
1777835048.0036402,23,25,0.054,0.002,0.423,110.826
1777835049.0146813,23,25,0.055,0.002,0.389,110.528
1777835050.0238092,23,25,0.102,0.002,0.508,109.0
1777835051.0359757,23,25,0.054,0.002,0.396,111.173
1777835052.048736,23,25,0.066,0.002,0.397,111.221
1777835053.0633295,23,5,0.043,0.002,0.124,110.977
1777835054.0707157,23,5,0.025,0.002,0.207,110.074
1777835055.081814,23,5,0.023,0.001,0.124,109.949
1777835056.0951092,23,5,0.021,0.002,0.321,110.667
1777835057.1087537,23,5,0.029,0.001,0.214,110.758
1777835058.1163363,23,25,0.043,0.002,0.538,109.951
1777835059.127597,23,25,0.057,0.002,0.406,110.944
1777835060.1463327,23,25,0.065,0.002,0.567,112.611
1777835061.1710737,23,25,0.058,0.002,0.618,129.154
1777835062.159301,23,25,0.104,0.001,0.54,109.211
1777835063.1700861,23,25,0.126,0.002,0.41,111.178
1777835064.1834114,23,25,0.057,0.002,0.472,111.575
1777835065.19843,23,25,0.064,0.003,0.534,111.506
1777835066.2132387,23,25,0.063,0.002,0.569,112.224
1777835067.225312,23,25,0.065,0.002,0.528,112.952
1777835068.2318187,23,5,0.043,0.002,0.129,108.411
1777835069.250699,23,5,0.025,0.001,0.121,110.597
1777835070.2578013,23,5,0.028,0.002,0.127,110.228
1777835071.2757485,23,5,0.025,0.001,0.12,111.43
1777835072.2806234,23,5,0.027,0.011,0.239,107.882
1777835073.2923625,23,25,0.187,0.002,0.576,108.726
1777835074.3057723,23,25,0.059,0.002,0.407,111.938
1777835075.3228095,23,25,0.068,0.002,0.429,112.544
1777835076.331243,23,25,0.078,0.002,0.461,109.993
1777835077.3634841,23,25,0.062,0.002,0.417,131.036
1777835078.3605509,23,25,0.061,0.002,0.496,112.792
1777835079.3723085,23,25,0.097,0.004,0.596,112.485
1777835080.3788054,23,25,0.07,0.002,0.663,110.322
1777835081.391012,23,25,0.175,0.002,0.516,110.727
1777835082.4059331,23,25,0.067,0.002,0.444,111.859
1777835083.423797,23,5,0.045,0.002,0.121,111.792
1777835084.428131,23,5,0.035,0.002,0.186,107.753
1777835085.4464378,23,5,0.029,0.002,0.131,110.982
1777835086.45614,23,5,0.025,0.002,0.25,110.179
1777835087.4684849,23,5,0.024,0.002,0.122,110.991
1777835088.4977534,23,25,0.04,0.001,0.391,127.446
1777835089.50077,23,25,0.058,0.002,0.408,112.437
1777835090.5135436,23,25,0.06,0.002,0.63,111.723
1777835091.5201328,23,25,0.057,0.002,0.401,108.386
1777835092.5383422,23,25,0.057,0.002,0.515,117.027
1777835093.5437915,23,25,0.052,0.002,0.492,110.199
1777835094.5555055,23,25,0.054,0.002,0.422,110.87
1777835095.5701222,23,25,0.055,0.002,0.516,116.014
1777835096.5779216,23,25,0.06,0.002,0.405,109.307
1777835097.5899098,23,25,0.062,0.002,0.574,110.199
1777835098.599577,23,25,0.06,0.002,0.391,113.123
1777835099.6093185,23,25,0.055,0.002,0.414,115.164
1777835100.6151862,23,25,0.057,0.002,0.547,110.042
1777835101.6286528,23,25,0.069,0.002,0.412,110.389
1777835102.6448674,23,25,0.078,0.002,0.398,111.024
1777835103.6606886,23,25,0.071,0.002,0.417,111.444
1777835104.673246,23,25,0.071,0.002,0.42,113.745
1777835105.6796355,23,25,0.055,0.002,0.418,109.861
1777835106.6955545,23,25,0.06,0.002,0.418,110.929
1777835107.717363,23,25,0.058,0.002,0.595,110.598
1777835108.7291017,23,5,0.044,0.001,0.12,110.917
1777835109.7413583,23,5,0.029,0.002,0.232,112.729
1777835110.75387,23,5,0.024,0.002,0.117,111.982
1777835111.7583082,23,5,0.029,0.002,0.133,107.991
1777835112.7769372,23,5,0.029,0.001,0.124,112.004
1777835113.788422,23,25,0.048,0.001,0.617,112.059
1777835114.8001587,23,25,0.062,0.001,0.856,114.621
1777835115.8102324,23,25,0.062,0.002,0.654,112.067
1777835116.8222172,23,25,0.101,0.003,0.722,113.551
1777835117.8295562,23,25,0.254,0.002,0.416,111.334
1777835118.8374743,23,25,0.059,0.002,0.547,109.103
1777835119.8490305,23,25,0.058,0.001,0.602,110.636
1777835120.8556793,23,25,0.055,0.002,0.494,108.805
1777835121.8725896,23,25,0.057,0.002,0.451,110.79
1777835122.8818555,23,25,0.082,0.002,0.419,110.089
1777835123.8934736,23,25,0.055,0.002,0.641,109.91
1777835124.9019957,23,25,0.063,0.002,0.416,108.203
1777835125.9113886,23,25,0.077,0.002,0.507,110.463
1777835126.9284604,23,25,0.062,0.002,0.514,118.289
1777835127.9318774,23,25,0.157,0.001,0.404,110.41
1777835128.9429703,23,25,0.148,0.002,0.427,110.827
1777835129.953633,23,25,0.062,0.002,0.398,110.5
1777835130.9657102,23,25,0.07,0.002,0.402,111.696
1777835131.9832044,23,25,0.073,0.002,0.432,117.453
1777835132.9890416,23,25,0.073,0.002,0.624,112.282
1777835134.0054388,23,5,0.053,0.002,0.129,111.703
1777835135.0202854,23,5,0.031,0.002,0.134,109.453
1777835136.0350406,23,5,0.026,0.002,0.118,116.192
1777835137.04511,23,5,0.033,0.002,0.314,110.516
1777835138.058427,23,5,0.037,0.002,0.143,113.872
1777835139.0625484,23,25,0.05,0.002,0.567,108.899
1777835140.0706432,23,25,0.058,0.002,0.411,108.482
1777835141.0846627,23,25,0.057,0.002,0.533,110.766
1777835142.0959194,23,25,0.062,0.002,0.552,109.236
1777835143.107146,23,25,0.066,0.002,0.417,112.865
1777835144.1159263,23,25,0.065,0.002,0.422,110.641
1777835145.130697,23,25,0.059,0.002,0.412,111.012
1777835146.13807,23,25,0.061,0.001,0.494,109.954
1777835147.1754057,23,25,0.058,0.002,0.432,132.955
1777835148.1668572,23,25,0.066,0.002,0.626,111.076
1777835149.1835394,23,25,0.069,0.002,0.415,118.809
1777835150.1868677,23,25,0.055,0.002,0.416,114.197
1777835151.1904335,23,25,0.062,0.002,0.534,109.843
1777835152.1974165,23,25,0.069,0.002,0.515,108.227
1777835153.2227674,23,25,0.077,0.003,0.419,115.008
1777835154.230504,23,25,0.169,0.002,0.448,111.956
1777835155.2441432,23,25,0.054,0.002,0.582,110.534
1777835156.2562792,23,25,0.151,0.001,0.548,111.043
1777835157.2626402,23,25,0.065,0.002,0.391,109.021
1777835158.2821722,23,5,0.045,0.001,0.122,112.154
1777835159.301134,23,25,0.044,0.001,0.413,121.653
1777835160.3073692,23,25,0.061,0.002,0.502,111.646
1777835161.3164532,23,25,0.059,0.002,0.634,110.135
1777835162.3221414,23,25,0.099,0.001,0.409,108.652
1777835163.342283,23,25,0.054,0.001,0.496,111.327
1777835164.3517933,23,25,0.06,0.002,0.4,109.407
1777835165.365217,23,25,0.063,0.001,0.402,112.087
1777835166.3786452,23,25,0.069,0.003,0.416,116.992
1777835167.3853703,23,25,0.065,0.002,0.66,111.945
1777835168.3964944,23,25,0.061,0.002,0.418,116.071
1777835169.3977387,23,25,0.107,0.002,0.504,109.158
1777835170.4072902,23,25,0.074,0.002,0.525,108.769
1777835171.4204094,23,25,0.064,0.002,0.535,110.938
1777835172.4378567,23,25,0.05,0.002,0.381,121.013
1777835173.4428356,23,25,0.058,0.001,0.392,117.499
1777835174.4417155,23,25,0.061,0.002,0.412,108.581
1777835175.4566562,23,25,0.07,0.002,0.39,111.517
1777835176.4677289,23,25,0.059,0.002,0.402,110.763
1777835177.4864254,23,25,0.059,0.002,0.504,111.933
1777835178.5012686,23,25,0.055,0.002,0.507,110.595
1777835179.513476,23,25,0.064,0.002,0.504,112.042
1777835180.527492,23,25,0.056,0.002,0.498,109.555
1777835181.5437374,23,25,0.056,0.002,0.416,111.025
1777835182.5524683,23,25,0.055,0.002,0.395,109.306
1777835183.5684593,23,25,0.061,0.002,0.547,116.73
1777835184.5805547,23,25,0.065,0.003,0.396,112.288
1777835185.5971968,23,25,0.085,0.002,0.43,113.122
1777835186.6103003,23,25,0.077,0.002,0.579,110.328
1777835187.6179454,23,25,0.071,0.002,0.431,109.02
1777835188.6354723,23,5,0.044,0.002,0.126,111.444
1777835189.6494036,23,5,0.025,0.002,0.115,117.086
1777835190.6601336,23,5,0.023,0.002,0.156,120.139
1777835191.6660268,23,5,0.025,0.002,0.116,118.025
1777835192.673498,23,5,0.025,0.002,0.118,117.999
1777835193.6741326,23,25,0.048,0.002,0.516,109.225
1777835194.681806,23,25,0.053,0.002,0.5,108.994
1777835195.6965086,23,25,0.067,0.002,0.411,116.47
1777835196.711133,23,25,0.09,0.002,0.409,114.703
1777835197.7304807,23,25,0.098,0.003,0.728,119.27
1777835198.7407668,23,25,0.109,0.003,0.928,118.099
1777835199.7444422,23,25,0.175,0.002,0.618,111.099
1777835200.7559733,23,25,0.195,0.002,0.425,108.811
1777835201.776984,23,25,0.078,0.002,0.42,119.825
1777835202.780631,23,25,0.067,0.001,0.411,112.25
1777835203.7943153,23,5,0.051,0.002,0.122,117.489
1777835204.803586,23,5,0.028,0.001,0.12,117.866
1777835205.805247,23,5,0.027,0.001,0.128,109.63
1777835206.817201,23,5,0.026,0.001,0.229,110.674
1777835207.8261192,23,5,0.03,0.002,0.278,110.021
1777835208.8356223,23,25,0.049,0.002,0.483,110.755
1777835209.8448591,23,25,0.078,0.003,0.54,110.254
1777835210.8563313,23,25,0.053,0.002,0.515,110.724
1777835211.8744087,23,25,0.058,0.002,0.517,111.889
1777835212.8858864,23,25,0.056,0.002,0.422,111.203
1777835213.901768,23,25,0.059,0.002,0.512,110.41
1777835214.9177632,23,25,0.069,0.002,0.404,111.184
1777835215.9352818,23,25,0.062,0.001,0.44,118.368
1777835216.9436572,23,25,0.08,0.002,0.538,117.156
1777835217.942118,23,25,0.056,0.002,0.398,107.986
1777835218.977596,23,25,0.064,0.002,0.402,133.98
1777835219.9630473,23,25,0.067,0.002,0.401,108.829
1777835220.9747186,23,25,0.064,0.002,0.417,109.865
1777835221.9832952,23,25,0.06,0.002,0.485,108.374
1777835222.9964123,23,25,0.138,0.003,0.398,110.184
1777835224.0023499,23,25,0.059,0.002,0.518,108.54
1777835225.016592,23,25,0.067,0.002,0.427,112.309
1777835226.0222936,23,25,0.062,0.002,0.645,109.422
1777835227.0343509,23,25,0.064,0.002,0.561,110.888
1777835228.043111,23,25,0.072,0.002,0.497,110.629
1777835229.0556288,23,5,0.04,0.002,0.116,116.08
1777835230.066452,23,5,0.027,0.001,0.158,110.731
1777835231.0821385,23,5,0.023,0.002,0.258,111.337
1777835232.0980535,23,5,0.026,0.002,0.125,111.192
1777835233.105039,23,5,0.029,0.001,0.129,108.74
1777835234.1237392,23,25,0.053,0.002,0.54,115.123
1777835235.133979,23,25,0.065,0.001,0.398,110.739
1777835236.1478674,23,25,0.062,0.002,0.401,111.845
1777835237.158624,23,25,0.059,0.002,0.404,111.196
1777835238.18079,23,25,0.068,0.002,0.401,112.768
1777835239.1848407,23,25,0.067,0.002,0.532,108.818
1777835240.2012408,23,25,0.111,0.003,0.564,113.793
1777835241.2284906,23,25,0.106,0.003,0.457,122.006
1777835242.2317507,23,25,0.111,0.003,0.66,116.108
1777835243.2342467,23,25,0.074,0.002,0.574,110.582
1777835244.2469633,23,25,0.059,0.002,0.422,111.457
1777835245.2644434,23,25,0.065,0.002,0.527,110.951
1777835246.2787607,23,25,0.11,0.002,0.462,118.189
1777835247.2846334,23,25,0.086,0.002,0.422,111.773
1777835248.2998638,23,25,0.059,0.002,0.414,112.018
1777835249.3161418,23,25,0.059,0.001,0.56,111.869
1777835250.3314455,23,25,0.054,0.002,0.513,111.361
1777835251.3426743,23,25,0.177,0.002,0.413,111.094
1777835252.3511915,23,25,0.07,0.002,0.441,110.238
1777835253.3615181,23,25,0.062,0.002,0.556,111.04
1777835254.37405,23,5,0.048,0.002,0.124,115.589
1777835255.3813963,23,5,0.029,0.001,0.124,108.886
1777835256.3966587,23,5,0.026,0.001,0.123,108.922
1777835257.4103475,23,5,0.035,0.002,0.137,111.565
1777835258.4237936,23,5,0.031,0.002,0.133,110.132
1777835259.433618,23,25,0.055,0.002,0.414,109.788
1777835260.451164,23,25,0.061,0.002,0.606,110.692
1777835261.4615135,23,25,0.065,0.002,0.529,110.531
1777835262.4778423,23,25,0.054,0.002,0.502,111.447
1777835263.4909093,23,25,0.055,0.002,0.392,113.404
1777835264.5032468,23,25,0.072,0.001,0.418,118.083
1777835265.508675,23,25,0.059,0.002,0.4,112.128
1777835266.5269923,23,25,0.058,0.002,0.501,113.01
1777835267.5401807,23,25,0.066,0.002,0.634,110.156
1777835268.5512419,23,25,0.069,0.002,0.534,111.932
1777835269.5603993,23,25,0.074,0.002,0.539,113.033
1777835270.5778859,23,25,0.081,0.002,0.454,115.524
1777835271.5904512,23,25,0.093,0.003,0.576,114.297
1777835272.6026716,23,25,0.121,0.108,0.675,118.189
1777835273.606198,23,25,0.063,0.002,0.601,112.022
1777835274.6401582,23,25,0.055,0.002,0.536,112.234
1777835275.6485798,23,25,0.062,0.002,0.551,109.989
1777835276.6587543,23,25,0.059,0.003,0.519,110.018
1777835277.6823232,23,25,0.068,0.002,0.537,114.904
1777835278.687924,23,25,0.057,0.002,0.391,109.616
1777835279.7061303,23,25,0.067,0.002,0.64,112.925
1777835280.7384565,23,25,0.053,0.002,0.511,118.055
1777835281.7441528,23,25,0.064,0.002,0.521,112.053
1777835282.7556415,23,25,0.14,0.002,0.501,110.97
1777835283.7724497,23,25,0.168,0.002,0.401,112.442
1777835284.7878444,23,25,0.081,0.002,0.632,114.189
1777835285.807705,23,25,0.167,0.002,0.423,119.548
1777835286.816512,23,25,0.082,0.002,0.575,115.393
1777835287.8327477,23,25,0.061,0.002,0.395,114.295
1777835288.8526547,23,5,0.051,0.002,0.126,117.585
1777835289.885255,23,5,0.053,0.003,0.228,130.141
1777835290.883624,23,5,0.033,0.002,0.155,114.015
1777835291.893226,23,5,0.112,0.001,0.134,112.646
1777835292.9071648,23,5,0.031,0.002,0.295,112.062
1777835293.9265347,23,25,0.047,0.001,0.534,116.004
1777835294.9308956,23,25,0.058,0.002,0.397,112.325
1777835295.9429016,23,25,0.063,0.002,0.519,110.395
1777835296.9633849,23,25,0.111,0.002,0.592,114.105
1777835297.967674,23,25,0.077,0.002,0.553,110.954
1777835298.9801564,23,25,0.154,0.002,0.521,112.435
1777835299.991032,23,25,0.061,0.002,0.413,112.157
1777835300.9950626,23,25,0.072,0.002,0.407,108.696
1777835302.0111346,23,25,0.072,0.002,0.798,112.602
1777835303.0195248,23,25,0.064,0.002,0.417,110.961
1777835304.0325522,23,5,0.043,0.002,0.122,109.863
1777835305.0578108,23,5,0.032,0.002,0.13,112.477
1777835306.0858912,23,5,0.032,0.002,0.133,130.626
1777835307.0783935,23,5,0.029,0.001,0.129,111.885
1777835308.094312,23,5,0.027,0.002,0.121,113.291
1777835309.1029134,23,25,0.046,0.002,0.401,110.331
1777835310.117101,23,25,0.062,0.002,0.417,110.913
1777835311.1271574,23,25,0.062,0.002,0.544,112.032
1777835312.1350236,23,25,0.072,0.003,0.441,111.88
1777835313.153347,23,25,0.065,0.002,0.593,112.849
1777835314.1651154,23,25,0.074,0.002,0.603,116.355
1777835315.1752634,23,25,0.07,0.002,0.701,113.384
1777835316.1834943,23,25,0.072,0.003,0.592,109.614
1777835317.203016,23,25,0.086,0.002,0.544,116.442
1777835318.2225735,23,25,0.242,0.003,0.598,119.215
1777835319.2285316,23,5,0.204,0.004,0.291,112.346
1777835320.2376947,23,5,0.03,0.001,0.131,108.082
1777835321.2606566,23,5,0.031,0.002,0.225,118.186
1777835322.2753785,23,5,0.051,0.003,0.282,121.736
1777835323.277301,23,5,0.033,0.001,0.129,111.485
1777835324.2848692,23,25,0.064,0.003,0.467,110.344
1777835325.3043518,23,25,0.084,0.002,0.525,120.457
1777835326.3112438,23,25,0.215,0.003,0.466,110.819
1777835327.3317816,23,25,0.113,0.003,0.929,111.348
1777835328.342522,23,25,0.089,0.002,0.579,110.983
1777835329.3489733,23,25,0.07,0.003,0.424,107.565
1777835330.3770413,23,25,0.073,0.002,0.549,121.728
1777835331.3857589,23,25,0.093,0.003,0.554,121.655
1777835332.3940663,23,25,0.076,0.002,0.407,120.93
1777835333.403456,23,25,0.077,0.002,0.647,120.553
1777835334.4246407,23,5,0.064,0.003,0.381,125.609
1777835335.4440236,23,5,0.038,0.002,1.194,127.471
1777835336.446318,23,5,0.036,0.002,0.118,113.99
1777835337.4548075,23,5,0.026,0.001,0.142,109.064
1777835338.4709332,23,5,0.026,0.001,0.113,115.194
1777835339.4811943,23,25,0.041,0.001,0.436,115.546
1777835340.4953938,23,25,0.077,0.002,0.435,114.677
1777835341.498277,23,25,0.061,0.002,0.401,107.86
1777835342.5138488,23,25,0.058,0.002,0.383,113.688
1777835343.5368292,23,25,0.048,0.001,0.403,129.113
1777835344.5295799,23,25,0.37,0.002,0.415,110.942
1777835345.5433714,23,25,0.079,0.002,0.506,112.753
1777835346.5562506,23,25,0.057,0.002,0.581,111.374
1777835347.5631537,23,25,0.059,0.002,0.487,110.141
1777835348.5803874,23,25,0.08,0.003,0.672,113.339
1777835349.584952,23,25,0.06,0.002,0.519,108.407
1777835350.6027427,23,25,0.068,0.002,0.417,113.289
1777835351.606746,23,25,0.065,0.002,0.429,109.421
1777835352.6253407,23,25,0.059,0.002,0.403,108.416
1777835353.6396103,23,25,0.081,0.002,0.581,113.756
1777835354.6520965,23,25,0.056,0.002,0.382,117.754
1777835355.6589398,23,25,0.104,0.003,0.582,116.256
1777835356.6641746,23,25,0.083,0.002,0.535,110.96
1777835357.6775537,23,25,0.155,0.003,0.45,112.498
1777835358.682363,23,25,0.057,0.002,0.43,108.965
1777835359.6967444,23,25,0.06,0.002,0.402,111.36
1777835360.7057195,23,25,0.056,0.002,0.396,110.868
1777835361.7127383,23,25,0.108,0.002,0.408,109.402
1777835362.7261026,23,25,0.061,0.002,0.507,111.602
1777835363.7497532,23,25,0.065,0.003,0.556,125.597
1777835364.7510686,23,25,0.065,0.002,0.379,111.928
1777835365.7624488,23,25,0.21,0.002,0.399,111.851
1777835366.769603,23,25,0.076,0.002,0.428,110.303
1777835367.775737,23,25,0.061,0.002,0.406,108.637
1777835368.7879312,23,25,0.326,0.002,0.408,109.266
1777835369.8054433,23,25,0.052,0.002,0.402,114.648
1777835370.817179,23,25,0.101,0.002,0.49,107.512
1777835371.8377826,23,25,0.06,0.002,0.395,111.358
1777835372.848452,23,25,0.067,0.002,0.58,110.954
1777835373.8575685,23,25,0.05,0.002,0.496,111.299
1777835374.8744273,23,25,0.056,0.001,0.395,115.311
1777835375.8840168,23,25,0.116,0.003,0.449,110.087
1777835376.8933802,23,25,0.059,0.01,0.654,110.634
1777835377.9142694,23,25,0.067,0.002,0.407,113.575
1777835378.9252198,23,25,0.071,0.003,0.43,108.954
1777835379.937561,23,5,0.041,0.002,0.126,110.847
1777835380.9637303,23,5,0.034,0.002,0.132,121.054
1777835381.9661255,23,5,0.03,0.002,0.123,113.432
1777835382.996404,23,5,0.027,0.001,0.122,117.682
1777835384.0135577,23,25,0.045,0.001,0.556,118.854
1777835385.0248065,23,25,0.08,0.002,0.608,112.755
1777835386.0395336,23,25,0.068,0.002,0.4,112.802
1777835387.047615,23,25,0.254,0.002,0.397,110.795
1777835388.0621989,23,25,0.172,0.002,0.406,112.368
1777835389.0738604,23,25,0.066,0.002,0.399,110.324
1777835390.084479,23,25,0.061,0.002,0.52,111.127
1777835391.110442,23,25,0.057,0.002,0.52,111.097
1777835392.123488,23,25,0.169,0.002,0.494,110.563
1777835393.1391816,23,25,0.055,0.002,0.565,110.925
1777835394.1491904,23,21,0.053,0.001,0.354,110.141
1777835395.1633387,23,21,0.055,0.002,0.503,111.136
1777835396.1803,23,21,0.052,0.002,0.643,118.192
1777835397.1857617,23,21,0.049,0.002,0.465,110.747
1777835398.2140374,23,21,0.051,0.002,0.339,127.815
1777835399.2077909,23,25,0.053,0.002,0.413,109.861
1777835400.2156487,23,25,0.051,0.002,0.479,108.884
1777835401.2333407,23,25,0.054,0.002,0.392,118.358
1777835402.2403932,23,25,0.06,0.002,0.526,112.022
1777835403.253525,23,25,0.057,0.001,0.389,116.249
1777835404.2580876,23,25,0.117,0.002,0.503,109.953
1777835405.2757318,23,25,0.067,0.002,0.435,112.507
1777835406.281985,23,25,0.054,0.001,0.548,109.161
1777835407.2940235,23,25,0.054,0.002,0.499,111.141
1777835408.3058949,23,25,0.055,0.002,0.407,115.432
1777835409.3100016,23,25,0.056,0.002,0.409,109.209
1777835410.3250198,23,25,0.056,0.002,0.417,110.986
1777835411.341025,23,25,0.058,0.002,0.691,110.644
1777835412.3540723,23,25,0.063,0.002,0.632,111.351
1777835413.3666077,23,25,0.066,0.002,0.631,111.062
1777835414.3732522,23,9,0.041,0.078,0.186,109.069
1777835415.3825772,23,9,0.036,0.002,0.693,107.734
1777835416.4038997,23,9,0.028,0.002,0.174,119.783
1777835417.4113219,23,9,0.05,0.002,0.402,116.874
1777835418.419598,23,9,0.15,0.002,0.196,116.838
1777835419.4217925,23,25,0.058,0.002,0.403,110.575
1777835420.4293456,23,25,0.063,0.002,0.532,109.856
1777835421.4468029,23,25,0.065,0.002,0.399,111.75
1777835422.4528527,23,25,0.064,0.002,0.378,111.386
1777835423.4648662,23,25,0.059,0.002,0.396,113.914
1777835424.4684615,23,25,0.06,0.002,0.392,110.804
1777835425.4746733,23,25,0.055,0.002,0.392,110.07
1777835426.4926295,23,25,0.067,0.002,0.385,116.711
1777835427.495074,23,25,0.057,0.001,0.397,111.582
1777835428.507841,23,25,0.059,0.002,0.4,110.857
1777835429.5149357,23,25,0.063,0.002,0.417,110.661
1777835430.5370739,23,25,0.095,0.002,0.835,123.335
1777835431.547234,23,25,0.06,0.002,0.388,118.963
1777835432.5477777,23,25,0.065,0.002,0.417,111.631
1777835433.5666916,23,25,0.055,0.001,0.64,113.431
1777835434.570417,23,25,0.064,0.002,0.389,108.801
1777835435.5825357,23,25,0.161,0.002,0.453,109.241
1777835436.5976746,23,25,0.059,0.002,0.413,113.494
1777835437.6073172,23,25,0.065,0.002,0.54,112.538
1777835438.6184814,23,25,0.07,0.002,0.62,111.815
1777835439.6281881,23,25,0.057,0.002,0.531,109.535
1777835440.637387,23,25,0.055,0.001,0.659,109.955
1777835441.6483607,23,25,0.054,0.002,0.564,110.751
1777835442.6582348,23,25,0.055,0.002,0.505,110.594
1777835443.6660347,23,25,0.056,0.002,0.616,110.194
1777835444.6868813,23,25,0.058,0.003,0.399,112.148
1777835445.6977549,23,25,0.056,0.002,0.496,112.022
1777835446.7146788,23,25,0.068,0.002,0.4,112.346
1777835447.7198129,23,25,0.052,0.002,0.395,107.735
1777835448.7303338,23,25,0.057,0.002,0.548,109.781
1777835449.736533,23,5,0.046,0.002,0.126,108.623
1777835450.7492445,23,5,0.025,0.002,0.217,110.448
1777835451.76044,23,5,0.025,0.002,0.199,111.505
1777835452.771056,23,5,0.026,0.002,0.263,111.83
1777835453.7833858,23,5,0.025,0.001,0.125,112.547
1777835454.7945516,23,25,0.047,0.002,0.404,112.258
1777835455.8072789,23,25,0.069,0.002,0.579,113.307
1777835456.8225863,23,25,0.068,0.002,0.431,116.47
1777835457.8264768,23,25,0.073,0.002,0.574,111.328
1777835458.8567712,23,25,0.058,0.003,0.418,131.923
1777835459.8501642,23,25,0.06,0.002,0.528,113.177
1777835460.8614566,23,25,0.061,0.001,0.573,112.865
1777835461.8752477,23,25,0.061,0.002,0.571,111.402
1777835462.8950074,23,25,0.067,0.002,0.418,112.025
1777835463.9062135,23,25,0.052,0.002,0.632,112.408
1777835464.9195452,23,5,0.042,0.002,0.123,112.018
1777835465.930371,23,5,0.023,0.001,0.121,111.013
1777835466.9372344,23,5,0.025,0.001,0.122,109.521
1777835467.9691858,23,5,0.027,0.002,0.29,113.263
1777835469.000841,23,5,0.038,0.002,0.171,118.789
1777835470.000003,23,25,0.061,0.002,0.421,110.53
1777835471.0163262,23,25,0.074,0.002,0.558,113.433
1777835472.0254438,23,25,0.206,0.003,0.571,112.223
1777835473.0412433,23,25,0.06,0.002,0.547,112.661
1777835474.0485313,23,25,0.269,0.002,0.445,109.792
1777835475.0697882,23,25,0.062,0.001,0.411,112.539
1777835476.094512,23,25,0.072,0.002,0.436,116.747
1777835477.0991483,23,25,0.226,0.002,0.535,110.534
1777835478.137026,23,25,0.15,0.002,0.4,113.11
1777835479.1435695,23,25,0.174,0.002,0.504,111.222
1777835480.1579537,23,25,0.058,0.002,0.403,113.365
1777835481.1628144,23,25,0.074,0.003,0.44,110.672
1777835482.1787632,23,25,0.062,0.002,0.534,117.493
1777835483.179517,23,25,0.052,0.002,0.396,108.766
1777835484.204606,23,25,0.054,0.002,0.528,116.19
1777835485.2058394,23,25,0.057,0.002,0.381,109.442
1777835486.219719,23,25,0.058,0.002,0.404,112.015
1777835487.2307131,23,25,0.062,0.002,0.409,111.162
1777835488.243436,23,25,0.056,0.002,0.522,112.159
1777835489.2542996,23,25,0.053,0.002,0.582,112.767
1777835490.2670243,23,5,0.046,0.002,0.123,111.447
1777835491.27414,23,5,0.023,0.002,0.222,109.829
1777835492.2865393,23,5,0.121,0.002,0.131,111.703
1777835493.3035684,23,5,0.024,0.002,0.127,111.657
1777835494.314547,23,5,0.029,0.001,0.125,111.842
1777835495.3297617,23,25,0.043,0.002,0.396,112.026
1777835496.341631,23,25,0.055,0.002,0.546,112.122
1777835497.359011,23,25,0.057,0.002,0.395,112.298
1777835498.3674207,23,25,0.056,0.002,0.507,111.584
1777835499.3804393,23,25,0.159,0.002,0.411,112.352
1777835500.3901625,23,25,0.063,0.002,0.719,111.333
1777835501.3998587,23,25,0.066,0.002,0.435,111.658
1777835502.4142022,23,25,0.13,0.004,0.615,118.649
1777835503.4171693,23,25,0.066,0.002,0.516,110.638
1777835504.4337165,23,5,0.05,0.002,0.118,112.051
1777835505.4441397,23,5,0.026,0.002,0.25,112.32
1777835506.4550626,23,5,0.028,0.001,0.125,112.082
1777835507.4646392,23,5,0.031,0.002,0.123,111.543
1777835508.474205,23,5,0.032,0.002,0.129,111.323
1777835509.4852986,23,25,0.045,0.002,0.571,112.704
1777835510.5034308,23,25,0.062,0.002,0.525,113.068
1777835511.5111675,23,25,0.066,0.001,0.515,112.749
1777835512.5175602,23,25,0.058,0.002,0.602,110.721
1777835513.5325232,23,25,0.062,0.002,0.425,111.938
1777835514.541478,23,25,0.152,0.002,0.407,111.022
1777835515.5600543,23,25,0.06,0.002,0.406,113.013
1777835516.564699,23,25,0.073,0.002,0.4,109.967
1777835517.5761065,23,25,0.173,0.002,0.537,111.005
1777835518.5887597,23,25,0.061,0.002,0.408,112.271
1777835519.5935915,23,25,0.06,0.002,0.558,109.587
1777835520.610026,23,25,0.057,0.002,0.392,114.37
1777835521.6191726,23,25,0.074,0.002,0.604,111.864
1777835522.6294806,23,25,0.054,0.002,0.487,111.57
1777835523.645403,23,25,0.055,0.001,0.552,111.775
1777835524.66073,23,25,0.057,0.002,0.393,111.963
1777835525.6994836,23,25,0.053,0.002,0.539,112.242
1777835526.714975,23,25,0.061,0.002,0.568,112.558
1777835527.7267218,23,25,0.175,0.003,0.555,112.143
1777835528.7334948,23,25,0.055,0.002,0.407,109.149
1777835529.754291,23,25,0.06,0.002,0.506,112.996
1777835530.763332,23,25,0.066,0.002,0.795,111.228
1777835531.7807837,23,25,0.076,0.002,0.439,113.033
1777835532.7887394,23,25,0.056,0.002,0.578,111.185
1777835533.798305,23,25,0.065,0.002,0.767,112.653
1777835534.8045716,23,25,0.054,0.002,0.398,109.42
1777835535.8142273,23,25,0.064,0.003,0.676,111.108
1777835536.8278759,23,25,0.089,0.003,0.43,114.215
1777835537.83167,23,25,0.072,0.002,0.4,109.794
1777835538.8477266,23,25,0.063,0.002,0.531,111.95
1777835539.854185,23,5,0.041,0.002,0.263,109.696
1777835540.8667076,23,5,0.026,0.001,0.125,112.855
1777835541.8733501,23,5,0.031,0.001,0.142,111.718
1777835542.880407,23,5,0.026,0.001,0.124,110.479
1777835543.8902807,23,5,0.026,0.001,0.124,110.738
1777835544.9001725,23,25,0.149,0.002,0.602,111.37
1777835545.915196,23,25,0.058,0.002,0.553,111.916
1777835546.9246798,23,25,0.063,0.002,0.408,111.365
1777835547.934672,23,25,0.055,0.002,0.432,110.778
1777835548.9516804,23,25,0.076,0.003,0.521,111.73
1777835549.9618196,23,25,0.067,0.002,0.402,111.521
1777835550.9680867,23,25,0.064,0.002,0.406,110.297
1777835551.9781601,23,25,0.063,0.002,0.783,111.273
1777835552.9882314,23,25,0.066,0.002,0.605,111.82
1777835554.0000591,23,25,0.076,0.002,0.508,112.159
1777835555.011803,23,25,0.061,0.002,0.484,112.261
1777835556.0225716,23,25,0.082,0.002,0.569,113.201
1777835557.0297859,23,25,0.067,0.002,0.406,111.295
1777835558.0485427,23,25,0.076,0.002,0.529,118.303
1777835559.0546257,23,25,0.098,0.003,1.069,115.628
1777835560.0909874,23,25,0.161,0.005,0.712,131.523
1777835561.0876539,23,25,0.092,0.002,0.543,117.913
1777835562.0927746,23,25,0.069,0.002,0.527,112.172
1777835563.09741,23,25,0.069,0.002,0.541,108.707
1777835564.1087725,23,25,0.18,0.002,0.505,110.675
1777835565.126074,23,5,0.124,0.002,0.149,111.31
1777835566.144645,23,5,0.034,0.002,0.127,112.316
1777835567.164567,23,5,0.029,0.002,0.122,113.487
1777835568.175637,23,5,0.027,0.001,0.12,114.28
1777835569.1808097,23,5,0.027,0.002,0.126,109.935
1777835570.1894188,23,25,0.043,0.001,0.514,108.769
1777835571.2094934,23,25,0.073,0.002,0.421,117.91
1777835572.214818,23,25,0.06,0.002,0.506,111.327
1777835573.2236123,23,25,0.058,0.002,0.41,111.24
1777835574.2420332,23,25,0.054,0.002,0.383,117.55
1777835575.2444909,23,25,0.061,0.002,0.399,110.604
1777835576.2540631,23,25,0.056,0.002,0.502,109.681
1777835577.270625,23,25,0.059,0.001,0.4,111.514
1777835578.2787938,23,25,0.058,0.002,0.434,111.953
1777835579.2866127,23,25,0.063,0.002,0.407,109.145
1777835580.3217547,23,5,0.033,0.002,0.117,126.672
1777835581.318379,23,5,0.028,0.002,0.226,115.541
1777835582.3217418,23,5,0.026,0.001,0.121,109.308
1777835583.3400602,23,5,0.024,0.002,0.301,110.617
1777835584.3494945,23,5,0.029,0.001,0.122,109.215
1777835585.3664715,23,25,0.044,0.002,0.542,111.912
1777835586.3836534,23,25,0.076,0.002,0.563,114.079
1777835587.3921995,23,25,0.063,0.002,0.645,111.935
1777835588.399619,23,25,0.054,0.002,0.409,110.017
1777835589.4201155,23,25,0.094,0.002,0.403,113.032
1777835590.4357018,23,25,0.069,0.002,0.525,114.808
1777835591.4410193,23,25,0.062,0.002,0.641,110.987
1777835592.4540734,23,25,0.062,0.002,0.417,109.418
1777835593.4720078,23,25,0.058,0.002,0.394,119.117
1777835594.4802427,23,25,0.054,0.002,0.526,111.571
1777835595.490404,23,25,0.059,0.002,0.729,110.777
1777835596.5081277,23,25,0.056,0.002,0.605,111.534
1777835597.520744,23,25,0.054,0.002,0.417,115.467
1777835598.5290647,23,25,0.055,0.002,0.399,111.582
1777835599.539538,23,25,0.057,0.002,0.391,110.34
1777835600.5543268,23,25,0.117,0.002,0.406,110.892
1777835601.570121,23,25,0.058,0.002,0.387,112.144
1777835602.5762553,23,25,0.055,0.002,0.576,108.994
1777835603.5925694,23,25,0.069,0.002,0.759,111.889
1777835604.609938,23,25,0.33,0.003,0.389,113.64
1777835605.625383,23,25,0.07,0.002,0.537,112.444
1777835606.635033,23,25,0.058,0.002,0.517,111.364
1777835607.6485422,23,25,0.089,0.003,0.555,113.586
1777835608.6577327,23,25,0.059,0.002,0.5,110.549
1777835609.669073,23,25,0.082,0.002,0.632,111.785
1777835610.6755872,23,25,0.135,0.002,0.478,109.771
1777835611.6882517,23,25,0.058,0.002,0.583,110.782
1777835612.6999223,23,25,0.083,0.002,0.446,110.149
1777835613.7184718,23,25,0.065,0.002,0.565,112.892
1777835614.7314467,23,25,0.124,0.003,0.931,114.809
1777835615.7396557,23,5,0.052,0.002,0.151,110.922
1777835616.7569003,23,5,0.028,0.002,0.118,110.13
1777835617.776551,23,5,0.022,0.002,0.113,120.378
1777835618.7755027,23,5,0.126,0.002,0.213,110.945
1777835619.7936704,23,25,0.044,0.002,0.602,111.705
1777835620.8070915,23,25,0.14,0.004,1.035,116.588
1777835621.8171434,23,25,0.056,0.002,0.568,110.574
1777835622.8307152,23,25,0.076,0.002,0.492,113.21
1777835623.8411136,23,25,0.081,0.002,0.556,112.922
1777835624.8612232,23,25,0.101,0.003,0.458,115.686
1777835625.8776562,23,25,0.205,0.003,0.457,116.287
1777835626.8804104,23,25,0.067,0.002,0.566,108.02
1777835627.9042163,23,25,0.093,0.003,0.623,119.139
1777835628.9076865,23,25,0.093,0.002,0.43,115.064
1777835629.9475806,23,25,0.058,0.002,0.445,115.787
1777835630.9610999,23,25,0.093,0.003,0.612,116.621
1777835631.9670737,23,25,0.08,0.002,0.569,112.458
1777835632.9792852,23,25,0.07,0.002,0.561,112.944
1777835633.992254,23,25,0.065,0.002,0.541,113.076
1777835635.0012953,23,25,0.068,0.002,0.556,112.473
1777835636.0126712,23,25,0.071,0.002,0.502,112.002
1777835637.0327458,23,25,0.208,0.003,0.449,120.304
1777835638.035107,23,25,0.079,0.003,0.64,111.016
1777835639.075164,23,25,0.076,0.002,0.649,140.988
1777835640.0632234,23,5,0.073,0.002,0.141,119.102
1777835641.0666168,23,5,0.049,0.003,0.232,109.072
1777835642.0813482,23,5,0.035,0.002,0.138,111.875
1777835643.092674,23,5,0.032,0.002,0.128,111.568
1777835644.106133,23,5,0.035,0.002,0.152,115.928
1777835645.1159673,23,25,0.051,0.002,0.539,110.953
1777835646.1485002,23,25,0.078,0.002,0.569,109.783
1777835647.1574507,23,25,0.087,0.003,0.682,108.323
1777835648.1750247,23,25,0.055,0.002,0.582,112.357
1777835649.180148,23,25,0.061,0.002,0.539,109.281
1777835650.19675,23,25,0.057,0.002,0.396,112.992
1777835651.20673,23,25,0.081,0.002,0.426,111.538
1777835652.2431996,23,25,0.05,0.002,0.38,134.438
1777835653.2250826,23,25,0.07,0.002,0.406,109.289
1777835654.2325022,23,25,0.18,0.002,0.442,109.381
1777835655.2477205,23,25,0.057,0.001,0.393,112.027
1777835656.2570934,23,25,0.058,0.002,0.513,109.046
1777835657.2682483,23,25,0.058,0.002,0.624,110.898
1777835658.2818074,23,25,0.064,0.002,0.511,110.931
1777835659.2984848,23,25,0.076,0.002,0.418,115.926
1777835660.3006597,23,25,0.071,0.002,0.547,110.044
1777835661.3152466,23,25,0.063,0.002,0.546,110.798
1777835662.3270707,23,25,0.074,0.002,0.603,111.464
1777835663.3338163,23,25,0.071,0.002,0.529,109.271
1777835664.3573387,23,25,0.137,0.002,0.518,116.609
1777835665.3657384,23,25,0.161,0.003,0.432,109.202
1777835666.3853283,23,25,0.082,0.002,0.422,116.818
1777835667.4012759,23,25,0.077,0.002,0.413,116.787
1777835668.4151223,23,25,0.066,0.002,0.514,112.751
1777835669.437946,23,25,0.092,0.003,0.572,118.298
1777835670.4451299,23,25,0.077,0.002,0.42,113.165
1777835671.4513147,23,25,0.07,0.002,0.625,109.928
1777835672.4672465,23,25,0.065,0.002,0.507,110.74
1777835673.4808521,23,25,0.072,0.002,0.552,112.051
1777835674.4916348,23,25,0.063,0.002,0.429,112.025
1777835675.5073466,23,25,0.057,0.002,0.663,110.858
1777835676.5195081,23,25,0.056,0.002,0.705,112.309
1777835677.5452855,23,25,0.05,0.002,0.538,110.548
1777835678.5584867,23,25,0.133,0.002,0.405,110.536
1777835679.5656629,23,25,0.074,0.002,0.416,109.975
1777835680.5737698,23,25,0.068,0.002,0.414,109.087
1777835681.5865536,23,25,0.06,0.002,0.413,110.54
1777835682.596343,23,25,0.063,0.002,0.6,110.692
1777835683.6200926,23,25,0.089,0.002,0.434,124.755
1777835684.612238,23,25,0.069,0.002,0.679,109.275
1777835685.627357,23,5,0.051,0.003,0.146,112.625
1777835686.635257,23,5,0.026,0.001,0.139,110.029
1777835687.6482892,23,5,0.027,0.002,0.122,111.812
1777835688.6530774,23,5,0.024,0.001,0.122,108.212
1777835689.663922,23,5,0.028,0.002,0.121,110.273
1777835690.6880527,23,25,0.058,0.002,0.678,119.514
1777835691.6934166,23,25,0.088,0.003,0.568,114.343
1777835692.701835,23,25,0.08,0.002,0.413,112.644
1777835693.7099671,23,25,0.07,0.002,0.422,111.881
1777835694.7246614,23,25,0.124,0.003,0.635,115.474
1777835695.7325628,23,25,0.074,0.002,0.412,112.472
1777835696.7751768,23,25,0.075,0.002,0.553,143.617
1777835697.7658205,23,25,0.074,0.002,0.416,115.808
1777835698.7979443,23,25,0.17,0.005,1.146,129.241
1777835699.7921202,23,25,0.077,0.002,0.423,112.069
1777835700.8031604,23,25,0.076,0.002,0.686,109.672
1777835701.8150325,23,25,0.07,0.002,0.402,113.492
1777835702.8243248,23,25,0.081,0.003,0.42,114.208
1777835703.840248,23,25,0.071,0.003,0.437,113.724
1777835704.8517644,23,25,0.08,0.002,0.42,111.207
1777835705.863355,23,25,0.211,0.002,0.69,110.566
1777835706.8911097,23,25,0.072,0.002,0.41,126.464
1777835707.8894486,23,25,0.123,0.003,0.44,114.138
1777835708.8932643,23,25,0.061,0.002,0.433,108.061
1777835709.9129462,23,25,0.06,0.002,0.422,116.139
1777835710.9216244,23,25,0.085,0.002,0.422,114.688
1777835711.9343503,23,25,0.081,0.002,0.427,111.202
1777835712.9492838,23,25,0.061,0.002,0.411,114.517
1777835713.9574301,23,25,0.066,0.002,0.397,113.425
1777835714.9720047,23,25,0.053,0.002,0.797,119.585
1777835715.973436,23,25,0.063,0.002,0.412,111.602
1777835716.98662,23,25,0.07,0.002,0.431,109.91
1777835718.0007188,23,25,0.109,0.004,0.512,109.952
1777835719.0182674,23,25,0.062,0.002,0.418,116.704
1777835720.0363054,23,25,0.124,0.003,0.67,121.444
1777835721.0389128,23,25,0.068,0.002,0.402,114.668
1777835722.0423498,23,25,0.069,0.002,0.409,108.249
1777835723.0677676,23,25,0.082,0.002,0.572,113.062
1777835724.0848272,23,25,0.072,0.002,0.418,112.204
1777835725.0954123,23,25,0.072,0.002,0.427,113.591
1777835726.1074996,23,25,0.066,0.001,0.566,115.88
1777835727.132635,23,25,0.061,0.002,0.516,112.357
1777835728.1466677,23,25,0.057,0.002,0.383,118.025
1777835729.1528783,23,25,0.076,0.002,0.554,112.731
1777835730.1738944,23,5,0.056,0.002,0.134,116.72
1777835731.1898894,23,5,0.03,0.001,0.13,111.095
1777835732.2051363,23,5,0.097,0.002,0.134,118.829
1777835733.2126482,23,5,0.027,0.002,0.127,112.127
1777835734.2255867,23,5,0.025,0.002,0.123,111.788
1777835735.236683,23,25,0.045,0.001,0.401,111.829
1777835736.2425704,23,25,0.059,0.002,0.417,109.16
1777835737.266804,23,25,0.063,0.002,0.396,116.565
1777835738.273468,23,25,0.073,0.002,0.525,112.098
1777835739.2881155,23,25,0.057,0.002,0.408,113.027
1777835740.293409,23,25,0.099,0.002,0.517,108.993
1777835741.30572,23,25,0.057,0.002,0.394,110.009
1777835742.3152094,23,25,0.062,0.002,0.545,110.013
1777835743.328208,23,25,0.08,0.003,0.425,112.628
1777835744.3337498,23,25,0.066,0.002,0.443,108.303
1777835745.3477473,23,5,0.043,0.002,0.124,110.59
1777835746.3653903,23,5,0.024,0.002,0.12,110.609
1777835747.3876498,23,5,0.043,0.003,0.158,122.963
1777835748.389912,23,5,0.028,0.001,0.123,112.84
1777835749.3930779,23,5,0.026,0.002,0.123,108.109
1777835750.410069,23,25,0.048,0.002,0.401,115.631
1777835751.4185147,23,25,0.064,0.002,0.412,112.187
1777835752.4316988,23,25,0.074,0.003,0.403,110.404
1777835753.463685,23,25,0.051,0.002,0.403,131.62
1777835754.4560757,23,25,0.071,0.002,0.414,111.011
1777835755.4637542,23,25,0.058,0.002,0.426,110.159
1777835756.4758973,23,25,0.068,0.002,0.567,111.372
1777835757.4804993,23,25,0.137,0.002,0.454,108.099
1777835758.492334,23,25,0.07,0.002,0.607,111.773
1777835759.5013597,23,25,0.062,0.002,0.579,111.517
1777835760.5135655,23,5,0.045,0.002,0.207,110.606
1777835761.5310817,23,5,0.027,0.002,0.292,111.027
1777835762.5381331,23,5,0.024,0.001,0.206,108.073
1777835763.550656,23,5,0.026,0.002,0.126,109.826
1777835764.5846481,23,5,0.029,0.002,0.129,133.756
1777835765.5728672,23,25,0.055,0.002,0.413,111.071
1777835766.5826638,23,25,0.167,0.002,0.437,108.114
1777835767.6073585,23,25,0.09,0.003,0.431,117.969
1777835768.608002,23,25,0.056,0.002,0.401,108.777
1777835769.6292198,23,25,0.061,0.002,0.526,111.978
1777835770.6411474,23,25,0.084,0.002,0.433,112.619
1777835771.6508632,23,25,0.198,0.003,0.418,110.035
1777835772.665586,23,25,0.065,0.002,0.546,110.166
1777835773.6729817,23,25,0.054,0.002,0.394,108.381
1777835774.6852279,23,25,0.119,0.003,0.411,109.057
1777835775.702572,23,5,0.057,0.002,0.133,111.784
1777835776.7136502,23,5,0.025,0.001,0.118,110.101
1777835777.7269435,23,5,0.028,0.001,0.123,112.529
1777835778.7343993,23,5,0.026,0.001,0.125,110.086
1777835779.758664,23,5,0.032,0.001,0.258,117.56
1777835780.774136,23,25,0.053,0.002,0.414,118.169
1777835781.7842789,23,25,0.062,0.002,0.582,111.785
1777835782.8004026,23,25,0.066,0.002,0.608,112.223
1777835783.8096,23,25,0.057,0.002,0.444,110.527
1777835784.8313274,23,25,0.074,0.002,0.553,113.214
1777835785.835209,23,25,0.061,0.002,0.522,108.499
1777835786.8502438,23,25,0.063,0.002,0.669,111.693
1777835787.8640532,23,25,0.063,0.002,0.52,112.754
1777835788.878695,23,25,0.069,0.002,0.423,111.983
1777835789.8914344,23,25,0.076,0.002,0.654,112.49
1777835790.9039028,23,5,0.064,0.002,0.135,114.163
1777835791.9140718,23,5,0.034,0.002,0.231,112.785
1777835792.9284637,23,5,0.031,0.001,0.129,110.976
1777835793.943609,23,5,0.033,0.001,0.238,114.322
1777835794.9482572,23,5,0.033,0.002,0.154,107.897
1777835795.9708421,23,25,0.087,0.003,0.571,119.615
1777835796.9777648,23,25,0.08,0.002,0.423,116.047
1777835797.9837956,23,25,0.074,0.003,0.424,111.834
1777835799.000549,23,25,0.086,0.003,0.423,112.377
1777835800.0168839,23,25,0.08,0.002,0.425,114.408
1777835801.0240178,23,25,0.075,0.002,0.55,111.565
1777835802.039978,23,25,0.074,0.003,0.408,115.687
1777835803.0648127,23,25,0.065,0.002,0.576,132.025
1777835804.055266,23,25,0.062,0.002,0.579,111.284
1777835805.062126,23,25,0.064,0.002,0.625,109.3
1777835806.0717204,23,25,0.059,0.002,0.53,109.44
1777835807.0868773,23,25,0.057,0.003,0.445,113.027
1777835808.1000013,23,25,0.057,0.002,0.385,117.028
1777835809.1041188,23,25,0.069,0.002,0.623,111.383
1777835810.1185098,23,25,0.075,0.002,0.543,108.688
1777835811.1302185,23,25,0.226,0.002,0.688,111.854
1777835812.1456518,23,25,0.073,0.002,0.428,111.846
1777835813.1652634,23,25,0.085,0.002,0.429,112.894
1777835814.1830661,23,25,0.084,0.002,0.55,114.604
1777835815.1909125,23,25,0.073,0.002,0.437,112.28
1777835816.2044308,23,25,0.077,0.003,0.569,115.659
1777835817.2082584,23,25,0.069,0.003,0.628,111.004
1777835818.23021,23,25,0.067,0.002,0.43,115.594
1777835819.2334414,23,25,0.074,0.002,0.424,110.527
1777835820.2465856,23,25,0.074,0.002,0.408,112.725
1777835821.2552662,23,25,0.074,0.002,0.42,110.708
1777835822.2742376,23,25,0.113,0.003,0.695,122.549
1777835823.2847278,23,25,0.092,0.003,0.805,113.856
1777835824.2963994,23,25,0.071,0.002,0.599,112.896
1777835825.3005867,23,25,0.151,0.003,0.506,110.1
1777835826.3356876,23,25,0.14,0.004,0.803,122.276
1777835827.3568106,23,25,0.112,0.003,0.494,121.171
1777835828.3775904,23,25,0.202,0.005,0.49,116.296
1777835829.3844814,23,25,0.078,0.002,0.576,112.534
1777835830.3926923,23,25,0.077,0.002,0.521,111.868
1777835831.4044342,23,25,0.169,0.002,0.4,112.206
1777835832.417337,23,25,0.065,0.002,0.489,110.603
1777835833.426227,23,25,0.055,0.002,0.494,109.664
1777835834.4494915,23,25,0.067,0.002,0.402,118.661
1777835835.4582794,23,5,0.048,0.002,0.119,110.266
1777835836.4684474,23,25,0.151,0.002,0.535,111.381
1777835837.4774861,23,25,0.333,0.002,0.442,111.846
1777835838.487596,23,25,0.063,0.002,0.402,111.469
1777835839.4963713,23,25,0.14,0.002,0.413,108.97
1777835840.507124,23,25,0.056,0.002,0.499,109.459
1777835841.517438,23,25,0.056,0.001,0.604,110.245
1777835842.5247197,23,25,0.065,0.002,0.579,108.289
1777835843.5431433,23,25,0.052,0.002,0.39,112.067
1777835844.559484,23,25,0.144,0.002,0.507,111.379
1777835845.5774686,23,5,0.044,0.002,0.124,117.98
1777835846.5871167,23,5,0.029,0.002,0.141,110.167
1777835847.6008801,23,5,0.027,0.001,0.122,111.109
1777835848.6103828,23,5,0.029,0.001,0.126,109.591
1777835849.6225438,23,5,0.028,0.002,0.125,110.237
1777835850.6656806,23,25,0.055,0.002,0.429,138.799
1777835851.647447,23,25,0.069,0.002,0.59,110.28
1777835852.6555912,23,25,0.19,0.003,0.52,111.659
1777835853.6650474,23,25,0.079,0.002,0.622,111.641
1777835854.6772785,23,25,0.067,0.002,0.562,112.417
1777835855.6877415,23,25,0.061,0.003,0.421,111.911
1777835856.7003474,23,25,0.064,0.002,0.402,116.841
1777835857.7012625,23,25,0.183,0.003,0.413,111.562
1777835858.7105758,23,25,0.241,0.003,0.408,110.778
1777835859.7248178,23,25,0.087,0.003,0.495,113.784
1777835860.7346992,23,5,0.046,0.002,0.125,112.344
1777835861.774558,23,5,0.026,0.002,0.227,140.603
1777835862.7559547,23,5,0.094,0.002,0.136,110.723
1777835863.7707295,23,5,0.027,0.001,0.123,111.689
1777835864.7762916,23,5,0.025,0.002,0.127,108.885
1777835865.7956297,23,25,0.045,0.001,0.393,114.372
1777835866.8048246,23,25,0.054,0.002,0.54,112.205
1777835867.8207238,23,25,0.069,0.002,0.414,116.246
1777835868.8427324,23,25,0.124,0.003,1.943,126.27
1777835869.8436055,23,25,0.071,0.002,0.421,117.833
1777835870.8514965,23,25,0.062,0.002,0.395,117.134
1777835871.858052,23,25,0.061,0.001,0.594,112.401
1777835872.8643682,23,25,0.063,0.002,0.478,110.126
1777835873.8768704,23,25,0.065,0.002,0.426,112.736
1777835874.8885763,23,25,0.147,0.002,0.453,112.332
1777835875.8935173,23,25,0.083,0.002,0.39,108.843
1777835876.9056404,23,25,0.16,0.001,0.395,110.342
1777835877.9136512,23,25,0.074,0.002,0.757,111.023
1777835878.9228299,23,25,0.084,0.002,0.433,111.939
1777835879.9397757,23,25,0.082,0.002,0.414,112.545
1777835880.958224,23,25,0.067,0.002,0.531,112.813
1777835881.9665916,23,25,0.296,0.002,0.408,110.417
1777835882.975512,23,25,0.286,0.002,0.431,111.439
1777835883.9819632,23,25,0.102,0.002,0.429,109.251
1777835884.9926217,23,25,0.058,0.002,0.535,108.554
1777835886.0057378,23,25,0.201,0.002,0.404,111.122
1777835887.0140486,23,25,0.066,0.002,0.505,108.922
1777835888.032814,23,25,0.06,0.002,0.441,110.383
1777835889.0611985,23,25,0.084,0.002,0.436,120.56
1777835890.0744684,23,25,0.191,0.002,0.416,114.916
1777835891.0869787,23,25,0.069,0.002,0.397,112.88
1777835892.0907142,23,25,0.061,0.002,0.522,108.755
1777835893.1062834,23,25,0.062,0.002,0.657,111.698
1777835894.1339097,23,25,0.052,0.002,0.445,128.472
1777835895.130544,23,25,0.061,0.002,0.412,112.118
1777835896.140839,23,5,0.053,0.002,0.191,110.537
1777835897.157072,23,5,0.038,0.001,0.139,115.464
1777835898.174342,23,5,0.031,0.002,0.125,111.693
1777835899.1959689,23,5,0.03,0.002,0.122,115.726
1777835900.1992002,23,5,0.341,0.002,0.14,110.299
1777835901.2101202,23,25,0.054,0.003,0.54,112.126
1777835902.2195477,23,25,0.223,0.003,0.548,111.299
1777835903.2419398,23,25,0.072,0.002,0.505,119.111
1777835904.2418807,23,25,0.065,0.002,0.412,110.129
1777835905.2514796,23,25,0.113,0.002,0.49,109.219
1777835906.2741787,23,25,0.08,0.002,0.825,118.668
1777835907.2860324,23,25,0.061,0.002,0.631,113.666
1777835908.3271263,23,25,0.059,0.002,0.394,142.238
1777835909.3022816,23,25,0.061,0.002,0.412,109.031
1777835910.3184257,23,25,0.068,0.002,0.571,113.022
1777835911.326659,23,5,0.043,0.002,0.138,110.122
1777835912.3386455,23,5,0.025,0.001,0.12,110.435
1777835913.346313,23,5,0.03,0.002,0.219,109.79
1777835914.3602962,23,5,0.026,0.001,0.124,111.872
1777835915.3688662,23,5,0.027,0.002,0.121,110.372
1777835916.382627,23,25,0.156,0.002,0.422,111.829
1777835917.3944125,23,25,0.071,0.003,0.51,113.031
1777835918.4013066,23,25,0.062,0.002,0.545,110.466
1777835919.4175625,23,25,0.056,0.002,0.52,113.185
1777835920.432068,23,25,0.066,0.002,0.435,114.206
1777835921.4441652,23,25,0.071,0.002,0.515,112.868
1777835922.4583988,23,25,0.065,0.002,0.529,113.911
1777835923.4653084,23,25,0.063,0.002,0.648,111.914
1777835924.477733,23,25,0.072,0.002,0.42,112.345
1777835925.4892204,23,25,0.064,0.002,0.862,111.76
1777835926.4950938,23,5,0.04,0.002,0.122,109.175
1777835927.519423,23,5,0.024,0.002,0.114,112.301
1777835928.529871,23,5,0.023,0.001,0.119,111.266
1777835929.5369127,23,5,0.026,0.002,0.124,108.437
1777835930.554145,23,5,0.026,0.002,0.254,111.754
1777835931.5646498,23,25,0.042,0.002,0.392,110.972
1777835932.5759053,23,25,0.061,0.002,0.557,111.468
1777835933.5847409,23,25,0.06,0.002,0.401,110.241
1777835934.6007535,23,25,0.063,0.002,0.443,112.531
1777835935.6105251,23,25,0.163,0.002,0.545,111.201
1777835936.6190057,23,25,0.06,0.002,0.407,110.623
1777835937.6368256,23,25,0.056,0.002,0.431,112.204
1777835938.6526842,23,25,0.052,0.002,0.395,116.767
1777835939.6642816,23,25,0.1,0.003,0.635,112.771
1777835940.674821,23,25,0.072,0.002,0.445,112.609
1777835941.69058,23,25,0.068,0.002,0.424,114.096
1777835942.6962004,23,25,0.14,0.002,0.605,112.225
1777835943.7123842,23,25,0.073,0.002,0.41,114.359
1777835944.7225342,23,25,0.071,0.002,0.592,113.013
1777835945.7398477,23,25,0.072,0.002,0.525,117.593
1777835946.744104,23,25,0.067,0.002,0.63,111.475
1777835947.7548945,23,25,0.066,0.002,0.418,109.339
1777835948.785024,23,25,0.091,0.003,0.432,115.187
1777835949.7923925,23,25,0.061,0.002,0.542,113.635
1777835950.8040237,23,25,0.076,0.002,0.683,116.136
1777835951.8464458,23,25,0.095,0.004,1.795,148.236
1777835952.8332477,23,5,0.074,0.003,0.383,116.814
1777835953.84423,23,5,0.042,0.002,0.155,116.315
1777835954.8577893,23,5,0.042,0.003,0.296,121.31
1777835955.8695958,23,25,0.064,0.002,0.794,114.687
1777835956.8814785,23,25,0.079,0.002,0.591,113.198
1777835957.895485,23,25,0.382,0.003,0.448,116.059
1777835958.9067974,23,25,0.072,0.002,0.402,117.033
1777835959.9194713,23,25,0.098,0.002,0.453,118.965
1777835960.933002,23,25,0.092,0.002,0.696,111.719
1777835961.9455523,23,25,0.052,0.002,0.417,110.679
1777835962.9638658,23,25,0.076,0.002,0.403,115.039
1777835963.9801943,23,25,0.069,0.002,0.403,117.773
1777835964.9856198,23,25,0.08,0.003,0.41,112.229
1777835965.9958248,23,25,0.079,0.002,0.517,111.136
1777835967.011482,23,25,0.081,0.003,0.686,110.603
1777835968.025117,23,25,0.075,0.002,0.396,114.562
1777835969.0338445,23,25,0.079,0.002,0.421,109.142
1777835970.0481148,23,25,0.083,0.002,0.415,112.591
1777835971.0553303,23,25,0.076,0.003,0.457,109.05
1777835972.0818853,23,25,0.15,0.003,0.759,118.573
1777835973.0888433,23,25,0.073,0.001,0.419,117.238
1777835974.0959547,23,25,0.07,0.002,0.411,114.781
1777835975.1087303,23,25,0.225,0.002,0.672,110.317
1777835976.1196458,23,5,0.05,0.002,0.122,111.624
1777835977.1367543,23,5,0.044,0.002,0.218,119.321
1777835978.1461902,23,5,0.028,0.002,0.122,120.97
1777835979.149771,23,5,0.032,0.002,0.124,116.626
1777835980.1537373,23,5,0.03,0.002,0.124,111.636
1777835981.1706023,23,25,0.049,0.002,0.414,116.19
1777835982.194082,23,25,0.088,0.003,0.525,113.783
1777835983.2283044,23,25,0.077,0.002,0.434,114.496
1777835984.241361,23,25,0.108,0.003,0.686,111.3
1777835985.2513256,23,25,0.189,0.002,0.819,110.11
1777835986.2775872,23,25,0.069,0.002,0.413,109.262
1777835987.3155277,23,25,0.062,0.002,0.389,138.027
1777835988.2965908,23,25,0.085,0.003,0.428,111.627
1777835989.3101819,23,25,0.077,0.002,0.442,111.863
1777835990.319417,23,25,0.073,0.002,0.419,109.503
1777835991.3300278,23,25,0.075,0.002,0.421,112.931
1777835992.3340278,23,25,0.076,0.002,0.462,108.433
1777835993.3526385,23,25,0.074,0.003,0.746,110.238
1777835994.364363,23,25,0.074,0.003,0.411,110.366
1777835995.3761282,23,25,0.071,0.002,0.43,108.862
1777835996.390042,23,25,0.068,0.002,0.415,113.464
1777835997.4079206,23,25,0.095,0.003,0.498,118.449
1777835998.4126136,23,25,0.131,0.003,0.538,114.419
1777835999.4268634,23,25,0.094,0.004,0.435,118.517
1777836000.430564,23,25,0.081,0.002,0.425,114.98
1777836001.4462616,23,5,0.05,0.002,0.122,115.924
1777836002.4492192,23,5,0.034,0.002,0.139,110.116
1777836003.4690106,23,5,0.032,0.002,0.132,109.427
1777836004.4839067,23,5,0.041,0.002,0.128,115.556
1777836005.4948382,23,5,0.034,0.002,0.129,115.473
1777836006.5078804,23,25,0.061,0.002,0.4,116.526
1777836007.515935,23,25,0.07,0.002,0.413,108.89
1777836008.5292346,23,25,0.077,0.002,0.411,114.968
1777836009.5396254,23,25,0.188,0.002,0.423,114.105
1777836010.5435467,23,25,0.193,0.002,0.514,110.258
1777836011.5602639,23,25,0.171,0.002,0.541,110.408
1777836012.584421,23,25,0.078,0.002,0.553,119.977
1777836013.588069,23,25,0.077,0.002,0.526,111.677
1777836014.6035624,23,25,0.077,0.002,0.419,115.828
1777836015.611867,23,25,0.085,0.003,0.432,112.743
1777836016.6241024,23,5,0.047,0.002,0.264,111.962
1777836017.6400409,23,5,0.03,0.001,0.122,113.022
1777836018.6490073,23,5,0.035,0.002,0.253,111.555
1777836019.6621857,23,5,0.029,0.002,0.13,111.892
1777836020.6688387,23,5,0.029,0.002,0.127,109.693
1777836021.6876895,23,25,0.055,0.002,0.536,115.515
1777836022.6911206,23,25,0.076,0.002,0.443,111.601
1777836023.7111933,23,25,0.084,0.002,0.416,119.434
1777836024.7116547,23,25,0.068,0.002,0.408,109.31
1777836025.7272775,23,25,0.062,0.002,0.54,109.242
1777836026.7439737,23,25,0.065,0.002,0.569,117.067
1777836027.7621095,23,25,0.073,0.002,0.398,111.949
1777836028.7791626,23,25,0.075,0.002,0.536,112.505
1777836029.7989945,23,25,0.081,0.003,0.438,118.669
1777836030.805404,23,25,0.066,0.002,0.418,112.574
1777836031.8114293,23,5,0.044,0.002,0.118,108.984
1777836032.8332095,23,5,0.029,0.001,0.123,112.869
1777836033.8471816,23,5,0.031,0.002,0.131,110.832
1777836034.8595128,23,5,0.031,0.001,0.144,111.937
1777836035.8720593,23,5,0.031,0.002,0.123,111.907
1777836036.8901362,23,25,0.05,0.002,0.427,112.512
1777836037.9127984,23,25,0.095,0.003,0.427,119.87
1777836038.9217055,23,25,0.072,0.002,0.418,119.965
1777836039.9245167,23,25,0.06,0.002,0.546,111.942
1777836040.9297242,23,25,0.066,0.002,0.554,109.183
1777836041.951085,23,25,0.065,0.002,0.422,119.847
1777836042.9489636,23,25,0.069,0.002,0.433,109.755
1777836043.963146,23,25,0.077,0.002,0.633,111.754
1777836044.972715,23,25,0.06,0.002,0.396,113.844
1777836045.9868298,23,25,0.095,0.003,0.564,109.736
1777836047.0052743,23,25,0.076,0.003,0.444,109.85
1777836048.0231602,23,25,0.106,0.002,0.612,112.465
1777836049.0419946,23,25,0.07,0.002,0.825,112.777
1777836050.0505872,23,25,0.067,0.002,0.411,111.933
1777836051.0662036,23,25,0.077,0.002,0.416,114.303
1777836052.0723023,23,25,0.075,0.002,0.571,109.091
1777836053.0838661,23,25,0.073,0.002,0.593,111.086
1777836054.0943282,23,25,0.074,0.002,0.554,108.33
1777836055.1105897,23,25,0.073,0.002,0.575,113.238
1777836056.1313288,23,5,0.061,0.002,0.138,119.422
1777836057.1322997,23,25,0.049,0.001,0.574,109.935
1777836058.1566365,23,25,0.05,0.002,0.385,125.385
1777836059.1473947,23,25,0.067,0.002,0.418,108.32
1777836060.1613672,23,25,0.066,0.002,0.599,111.633
1777836061.1687531,23,25,0.076,0.002,0.46,111.34
1777836062.1864123,23,25,0.101,0.004,1.225,111.182
1777836063.2049317,23,25,0.065,0.002,0.52,116.85
1777836064.2113314,23,25,0.175,0.003,0.45,113.725
1777836065.219993,23,25,0.08,0.002,0.529,114.239
1777836066.2307177,23,5,0.049,0.002,0.193,113.447
1777836067.2437248,23,5,0.027,0.002,0.121,112.04
1777836068.2542598,23,5,0.031,0.001,0.13,112.247
1777836069.2652292,23,5,0.027,0.002,0.212,111.554
1777836070.2833834,23,5,0.03,0.002,0.123,115.285
1777836071.2937043,23,25,0.075,0.003,0.754,116.525
1777836072.3001518,23,25,0.075,0.002,0.605,111.283
1777836073.311368,23,25,0.064,0.002,0.551,110.98
1777836074.3257604,23,25,0.122,0.003,0.552,115.777
1777836075.3433897,23,25,0.157,0.002,0.422,117.575
1777836076.3534048,23,25,0.074,0.002,0.52,118.752
1777836077.360613,23,25,0.082,0.002,0.515,114.921
1777836078.3731418,23,25,0.074,0.002,0.407,111.411
1777836079.3832974,23,25,0.082,0.002,0.541,112.753
1777836080.402573,23,25,0.079,0.002,0.417,119.162
1777836081.4035237,23,25,0.153,0.003,0.507,111.179
1777836082.4163272,23,25,0.069,0.002,0.434,110.487
1777836083.4276795,23,25,0.094,0.004,0.844,112.184
1777836084.4363534,23,25,0.222,0.003,0.602,112.087
1777836085.4455242,23,25,0.181,0.003,0.43,112.508
1777836086.4655268,23,25,0.084,0.002,0.535,119.349
1777836087.466377,23,25,0.178,0.003,0.422,107.696
1777836088.4906316,23,25,0.337,0.003,0.477,116.068
1777836089.5005238,23,25,0.139,0.003,0.448,113.449
1777836090.5106695,23,25,0.078,0.002,0.423,112.966
1777836091.5167165,23,25,0.135,0.005,0.873,110.055
1777836092.5276444,23,25,0.276,0.002,0.41,109.874
1777836093.5446966,23,25,0.072,0.002,0.411,112.375
1777836094.5632455,23,25,0.076,0.002,0.541,117.091
1777836095.569282,23,25,0.079,0.001,0.587,113.127
1777836096.5748403,23,25,0.066,0.002,0.582,110.917
1777836097.5867758,23,25,0.086,0.003,0.437,112.527
1777836098.595743,23,25,0.363,0.002,0.53,113.183
1777836099.6190531,23,25,0.073,0.002,0.409,117.406
1777836100.6261156,23,25,0.066,0.002,0.685,110.958
1777836101.6385098,23,25,0.065,0.001,0.524,113.124
1777836102.650554,23,25,0.082,0.002,0.432,113.553
1777836103.6563385,23,25,0.145,0.002,0.548,110.821
1777836104.677369,23,25,0.169,0.003,0.594,112.913
1777836105.6887038,23,25,0.091,0.003,0.582,116.801
1777836106.6917844,23,25,0.067,0.002,0.41,110.424
1777836107.709377,23,25,0.085,0.002,0.457,113.656
1777836108.7514486,23,25,0.058,0.002,0.393,136.792
1777836109.7336676,23,25,0.081,0.002,0.473,110.305
1777836110.7453313,23,25,0.081,0.002,0.552,112.289
1777836111.7541296,23,25,0.07,0.002,0.625,110.611
1777836112.7624717,23,25,0.066,0.002,0.612,110.349
1777836113.7885232,23,25,0.158,0.002,0.438,120.668
1777836114.7992816,23,25,0.07,0.002,0.557,117.44
1777836115.8098366,23,25,0.22,0.002,0.424,116.734
1777836116.818984,23,25,0.062,0.002,0.407,111.701
1777836117.8493283,23,25,0.088,0.003,0.815,115.899
1777836118.8572235,23,25,0.085,0.002,0.587,112.392
1777836119.8749027,23,25,0.084,0.002,0.414,118.431
1777836120.8865597,23,25,0.076,0.002,0.423,112.31
1777836121.8934333,23,5,0.067,0.002,0.135,110.463
1777836122.9050071,23,5,0.038,0.002,0.141,112.493
1777836123.913777,23,5,0.028,0.002,0.23,110.275
1777836124.9322023,23,5,0.109,0.002,0.135,111.404
1777836125.9453242,23,5,0.031,0.001,0.145,111.542
1777836126.9594033,23,25,0.049,0.002,0.403,114.59
1777836127.968211,23,25,0.068,0.002,0.537,111.871
1777836128.9826243,23,25,0.08,0.002,0.62,112.216
1777836129.99706,23,25,0.078,0.002,0.489,110.643
1777836131.0177708,23,25,0.098,0.003,0.482,112.839
1777836132.026865,23,25,0.087,0.003,0.483,112.273
1777836133.0414617,23,25,0.08,0.002,0.423,112.059
1777836134.0535011,23,25,0.159,0.003,0.479,113.441
1777836135.0606005,23,25,0.153,0.002,0.541,110.218
1777836136.0735943,23,25,0.067,0.002,0.437,112.281
1777836137.085345,23,25,0.09,0.003,0.42,112.699
1777836138.0978997,23,25,0.075,0.002,0.408,114.101
1777836139.1091437,23,25,0.093,0.003,0.624,116.136
1777836140.1216524,23,25,0.199,0.003,0.45,116.981
1777836141.129715,23,25,0.068,0.002,0.398,111.621
1777836142.1419828,23,25,0.078,0.002,0.417,112.521
1777836143.1514337,23,25,0.058,0.002,0.519,112.263
1777836144.159832,23,25,0.061,0.002,0.494,111.419
1777836145.1712847,23,25,0.06,0.002,0.526,111.052
1777836146.1767094,23,25,0.062,0.003,0.507,107.88
1777836147.1921513,23,5,0.046,0.002,0.137,111.29
1777836148.2047417,23,5,0.028,0.001,0.126,112.288
1777836149.2147224,23,5,0.028,0.001,0.139,111.236
1777836150.2242212,23,5,0.049,0.002,0.329,111.789
1777836151.2359304,23,5,0.033,0.002,0.299,111.597
1777836152.251129,23,25,0.057,0.002,0.417,114.737
1777836153.2539058,23,25,0.157,0.002,0.42,109.617
1777836154.2714236,23,25,0.064,0.001,0.49,111.744
1777836155.281539,23,25,0.086,0.002,0.524,112.311
1777836156.3062556,23,25,0.078,0.002,0.561,119.983
1777836157.3107314,23,25,0.07,0.002,0.452,113.23
1777836158.3199232,23,25,0.056,0.002,0.405,111.386
1777836159.3277411,23,25,0.072,0.002,0.458,108.615
1777836160.34428,23,25,0.074,0.003,0.428,109.955
1777836161.351984,23,25,0.075,0.002,0.421,110.372
1777836162.3613527,23,25,0.068,0.002,0.739,110.674
1777836163.3705494,23,25,0.168,0.002,0.487,110.155
1777836164.3880694,23,25,0.069,0.002,0.399,112.36
1777836165.4022381,23,25,0.068,0.002,0.534,112.718
1777836166.415284,23,25,0.07,0.002,0.596,112.444
1777836167.4221566,23,25,0.064,0.002,0.628,110.89
1777836168.4354897,23,25,0.087,0.002,0.635,113.011
1777836169.4483252,23,25,0.069,0.002,0.407,111.308
1777836170.4637659,23,25,0.107,0.003,0.484,116.313
1777836171.476732,23,25,0.075,0.002,0.432,118.26
1777836172.4912426,23,5,0.057,0.002,0.134,114.673
1777836173.4942756,23,5,0.035,0.002,0.139,109.819
1777836174.514869,23,5,0.04,0.002,0.136,112.444
1777836175.526612,23,5,0.03,0.001,0.125,113.545
1777836176.5396059,23,25,0.068,0.002,0.585,112.84
1777836177.5493288,23,25,0.064,0.002,0.534,110.965
1777836178.564399,23,25,0.067,0.002,0.41,112.123
1777836179.5726726,23,25,0.072,0.002,0.409,110.395
1777836180.5858486,23,25,0.088,0.003,0.551,112.929
1777836181.593643,23,25,0.086,0.002,0.445,109.381
1777836182.612541,23,25,0.183,0.002,0.447,112.938
1777836183.6222682,23,25,0.069,0.002,0.621,110.735
1777836184.6393318,23,25,0.066,0.002,0.413,110.769
1777836185.6486595,23,25,0.082,0.002,0.417,110.309
1777836186.6594117,23,5,0.047,0.002,0.126,113.385
1777836187.6789076,23,5,0.03,0.002,0.123,114.258
1777836188.6885738,23,5,0.037,0.001,0.129,111.844
1777836189.696585,23,5,0.03,0.002,0.129,110.87
1777836190.7053988,23,5,0.034,0.002,0.133,111.678
1777836191.7220669,23,25,0.065,0.002,0.587,117.47
1777836192.7283275,23,25,0.084,0.002,0.564,112.957
1777836193.7395625,23,25,0.282,0.002,0.443,111.14
1777836194.7532005,23,25,0.072,0.002,0.572,112.813
1777836195.7597547,23,25,0.095,0.003,0.519,110.363
1777836196.7700253,23,25,0.08,0.002,0.682,112.023
1777836197.7833364,23,25,0.087,0.002,0.412,108.236
1777836198.8005831,23,25,0.093,0.002,0.423,113.275
1777836199.8079193,23,25,0.075,0.003,0.422,110.197
1777836200.8195055,23,25,0.084,0.002,0.566,110.712
1777836201.828524,23,25,0.137,0.002,0.632,110.525
1777836202.8473306,23,25,0.077,0.002,0.425,115.007
1777836203.857523,23,25,0.17,0.003,0.447,111.391
1777836204.88472,23,25,0.085,0.002,0.444,127.176
1777836205.8827338,23,25,0.07,0.002,0.66,112.457
1777836206.9045858,23,25,0.072,0.002,0.433,110.517
1777836207.9284306,23,25,0.101,0.003,0.436,118.633
1777836208.9333167,23,25,0.082,0.002,0.447,113.336
1777836209.9405522,23,25,0.263,0.003,0.445,111.467
1777836210.951383,23,25,0.131,0.003,0.696,112.457
1777836211.9683745,23,25,0.074,0.002,0.592,112.081
1777836212.9742367,23,25,0.07,0.002,0.533,109.008
1777836213.9843392,23,25,0.068,0.002,0.407,109.674
1777836215.0015025,23,25,0.073,0.002,0.657,112.679
1777836216.0143769,23,25,0.08,0.002,0.425,111.783
1777836217.0193784,23,25,0.072,0.002,0.404,108.55
1777836218.0325203,23,25,0.072,0.003,0.401,111.122
1777836219.0478327,23,25,0.075,0.002,0.416,113.373
1777836220.055184,23,25,0.065,0.002,0.675,110.151
1777836221.0666215,23,25,0.17,0.002,0.494,111.314
1777836222.0753443,23,5,0.051,0.002,0.129,109.936
1777836223.089023,23,5,0.03,0.001,0.128,111.604
1777836224.0965188,23,5,0.033,0.002,0.13,111.118
1777836225.118398,23,5,0.033,0.001,0.129,121.229
1777836226.127362,23,5,0.029,0.002,0.13,110.898
1777836227.135848,23,25,0.064,0.002,0.41,110.836
1777836228.1477306,23,25,0.062,0.002,0.502,111.602
1777836229.1564624,23,25,0.163,0.002,0.507,110.98
1777836230.1659071,23,25,0.06,0.002,0.425,109.033
1777836231.198636,23,25,0.052,0.002,0.393,130.53
1777836232.1940327,23,25,0.062,0.002,0.426,111.347
1777836233.2126093,23,25,0.062,0.002,0.416,111.782
1777836234.222445,23,25,0.058,0.002,0.545,111.336
1777836235.232046,23,25,0.064,0.002,0.542,110.809
1777836236.2428927,23,25,0.064,0.002,0.505,112.331
1777836237.2559233,23,25,0.059,0.001,0.532,110.367
1777836238.2687466,23,25,0.064,0.001,0.416,111.295
1777836239.2776365,23,25,0.065,0.002,0.401,110.515
1777836240.3011498,23,25,0.074,0.002,0.436,113.051
1777836241.317355,23,25,0.08,0.002,0.675,112.98
1777836242.3297646,23,25,0.11,0.003,0.984,117.716
1777836243.3368938,23,25,0.074,0.002,0.425,117.573
1777836244.3454797,23,25,0.226,0.002,0.449,110.687
1777836245.3625016,23,25,0.13,0.004,1.022,116.057
1777836246.3692982,23,25,0.069,0.002,0.585,112.629
1777836247.3865242,23,5,0.05,0.002,0.121,115.837
1777836248.3917093,23,5,0.125,0.001,0.126,109.996
1777836249.4084868,23,5,0.027,0.001,0.117,116.724
1777836250.416172,23,5,0.109,0.002,0.14,111.829
1777836251.4355276,23,5,0.035,0.002,0.134,119.76
1777836252.4380531,23,25,0.055,0.002,0.801,111.594
1777836253.4544091,23,25,0.081,0.003,0.422,115.117
1777836254.46082,23,25,0.069,0.002,0.54,111.845
1777836255.4759586,23,25,0.065,0.002,0.391,111.79
1777836256.4853098,23,25,0.249,0.003,0.602,110.775
1777836257.4960506,23,25,0.061,0.002,0.405,113.758
1777836258.511867,23,25,0.076,0.002,0.532,111.995
1777836259.5271304,23,25,0.072,0.002,0.814,114.849
1777836260.5355284,23,25,0.073,0.002,0.579,112.624
1777836261.5543232,23,25,0.078,0.002,0.54,114.19
1777836262.5674736,23,5,0.056,0.002,0.139,109.236
1777836263.5750175,23,5,0.035,0.002,0.135,109.367
1777836264.587789,23,5,0.03,0.002,0.142,111.324
1777836265.6033494,23,5,0.031,0.002,0.227,112.603
1777836266.6136968,23,5,0.037,0.002,0.129,112.469
1777836267.6264508,23,25,0.051,0.002,0.573,112.902
1777836268.6343498,23,25,0.068,0.002,0.619,110.536
1777836269.6472516,23,25,0.086,0.002,0.584,112.6
1777836270.6676724,23,25,0.083,0.002,0.535,115.0
1777836271.6725323,23,25,0.145,0.003,0.615,110.389
1777836272.6855083,23,25,0.068,0.002,0.657,112.824
1777836273.6907084,23,25,0.064,0.002,0.409,109.188
1777836274.7057018,23,25,0.081,0.002,0.431,112.566
1777836275.720778,23,25,0.07,0.002,0.403,115.794
1777836276.742065,23,25,0.124,0.004,0.679,125.661
1777836277.7468884,23,25,0.074,0.002,0.418,112.924
1777836278.757485,23,25,0.176,0.002,0.42,111.984
1777836279.7777746,23,25,0.066,0.002,0.411,113.489
1777836280.79209,23,25,0.068,0.001,0.531,111.952
1777836281.8082192,23,25,0.067,0.002,0.424,113.691
1777836282.8222277,23,25,0.075,0.002,0.559,112.952
1777836283.8372977,23,25,0.068,0.002,0.414,114.085
1777836284.853755,23,25,0.079,0.003,0.428,114.949
1777836285.863202,23,25,0.067,0.002,0.543,112.496
1777836286.878435,23,5,0.048,0.002,0.129,111.838
1777836287.8864799,23,5,0.026,0.001,0.137,110.225
1777836288.8965738,23,5,0.028,0.001,0.128,110.66
1777836289.9137597,23,5,0.028,0.001,0.127,116.486
1777836290.923671,23,5,0.027,0.002,0.123,111.106
1777836291.9376895,23,25,0.048,0.002,0.4,113.15
1777836292.9472725,23,25,0.085,0.003,0.502,114.18
1777836293.9513838,23,25,0.082,0.002,0.587,110.89
1777836294.969468,23,25,0.074,0.002,0.619,112.187
1777836295.9790323,23,25,0.184,0.002,0.503,110.881
1777836296.998564,23,25,0.062,0.002,0.834,110.399
1777836298.0224924,23,25,0.075,0.002,0.436,122.164
1777836299.0311608,23,25,0.084,0.003,0.44,115.174
1777836300.039865,23,25,0.136,0.003,0.71,114.797
1777836301.0564644,23,25,0.069,0.002,0.413,115.562
1777836302.0660772,23,5,0.053,0.002,0.247,111.443
1777836303.0850642,23,5,0.032,0.002,0.13,116.164
1777836304.0944698,23,5,0.032,0.002,0.13,114.305
1777836305.1196165,23,5,0.022,0.002,0.113,130.719
1777836306.1077347,23,5,0.025,0.001,0.113,110.078
1777836307.1170242,23,25,0.05,0.002,0.443,111.072
1777836308.154896,23,25,0.091,0.002,0.607,130.654
1777836309.1536996,23,25,0.069,0.002,0.532,114.119
1777836310.1604486,23,25,0.073,0.002,0.508,112.187
1777836311.1713033,23,25,0.076,0.002,0.542,112.093
1777836312.1813002,23,25,0.082,0.002,0.709,112.503
1777836313.1892018,23,25,0.072,0.002,0.554,111.923
1777836314.2147436,23,25,0.069,0.002,0.411,113.989
1777836315.2264347,23,25,0.077,0.002,0.422,113.309
1777836316.2335167,23,25,0.063,0.002,0.594,111.394
1777836317.2493985,23,25,0.068,0.002,0.551,110.641
1777836318.2721112,23,25,0.076,0.002,0.425,117.995
1777836319.278272,23,25,0.069,0.002,0.577,112.266
1777836320.288227,23,25,0.068,0.002,0.623,109.881
1777836321.2945817,23,25,0.071,0.002,0.562,109.562
1777836322.304538,23,25,0.068,0.003,0.564,107.926
1777836323.3197246,23,25,0.154,0.005,1.018,112.783
1777836324.329372,23,25,0.068,0.002,0.832,111.236
1777836325.3414454,23,25,0.142,0.002,0.554,112.531
1777836326.3551958,23,25,0.082,0.002,0.601,113.687
1777836327.3764305,23,5,0.052,0.002,0.217,118.853
1777836328.3833978,23,5,0.029,0.002,0.123,113.85
1777836329.4143367,23,5,0.028,0.002,0.131,112.831
1777836330.4216833,23,5,0.025,0.002,0.121,109.185
1777836331.4379299,23,5,0.036,0.002,0.137,112.637
1777836332.4448745,23,25,0.057,0.002,0.433,109.598
1777836333.4526553,23,25,0.076,0.003,0.418,109.281
1777836334.4646766,23,25,0.066,0.002,0.548,111.252
1777836335.4780467,23,25,0.066,0.002,0.394,116.989
1777836336.4839242,23,25,0.066,0.002,0.412,111.081
1777836337.5003114,23,25,0.071,0.002,0.584,111.813
1777836338.5103858,23,25,0.064,0.002,0.407,111.965
1777836339.5187056,23,25,0.141,0.002,0.491,110.261
1777836340.529497,23,25,0.058,0.002,0.751,111.803
1777836341.5437164,23,25,0.064,0.002,0.411,112.824
1777836342.5586927,23,25,0.058,0.002,0.394,118.563
1777836343.5608394,23,25,0.059,0.002,0.393,110.984
1777836344.5714276,23,25,0.069,0.002,0.431,111.9
1777836345.583825,23,25,0.071,0.002,0.402,112.941
1777836346.5959685,23,25,0.065,0.002,0.424,115.328
1777836347.6026425,23,25,0.059,0.002,0.446,108.835
1777836348.62094,23,25,0.062,0.002,0.399,112.663
1777836349.6321397,23,25,0.063,0.002,0.395,113.474
1777836350.6360288,23,25,0.065,0.002,0.438,109.85
1777836351.649591,23,25,0.064,0.001,0.42,112.434
1777836352.6556113,23,25,0.064,0.002,0.448,110.513
1777836353.6646085,23,25,0.06,0.002,0.41,110.799
1777836354.6790903,23,25,0.064,0.002,0.414,112.661
1777836355.6860788,23,25,0.075,0.002,0.435,110.883
1777836356.695185,23,25,0.076,0.002,0.421,110.875
1777836357.708955,23,25,0.064,0.002,0.418,115.613
1777836358.7144992,23,25,0.058,0.002,0.376,110.222
1777836359.7266755,23,25,0.061,0.002,0.425,111.338
1777836360.7380958,23,25,0.065,0.002,0.552,111.725
1777836361.7467315,23,25,0.085,0.003,0.44,110.274
1777836362.7554948,23,5,0.057,0.002,0.228,110.279
1777836363.7953062,23,5,0.028,0.001,0.139,133.792
1777836364.7798386,23,5,0.027,0.002,0.126,108.03
1777836365.7963998,23,5,0.036,0.002,0.134,111.806
1777836366.8011112,23,5,0.028,0.001,0.387,109.57
1777836367.8085458,23,25,0.192,0.002,0.415,109.498
1777836368.8303165,23,25,0.057,0.002,0.391,115.635
1777836369.8389964,23,25,0.069,0.002,0.439,112.359
1777836370.8440595,23,25,0.074,0.002,0.442,109.568
1777836371.8624146,23,25,0.069,0.002,0.531,112.37
1777836372.8734791,23,25,0.063,0.002,0.589,111.869
1777836373.8846736,23,25,0.142,0.003,0.53,110.912
1777836374.8924532,23,25,0.167,0.002,0.419,109.768
1777836375.9003785,23,25,0.066,0.002,0.53,109.88
1777836376.907214,23,25,0.056,0.002,0.403,108.704
1777836377.9217172,23,5,0.045,0.002,0.118,111.237
1777836378.9298036,23,5,0.032,0.002,0.131,110.662
1777836379.9445968,23,5,0.032,0.002,0.133,113.306
1777836380.9536605,23,5,0.029,0.001,0.149,111.287
1777836381.9618957,23,5,0.026,0.001,0.208,109.24
1777836382.973225,23,25,0.047,0.002,0.576,109.871
1777836383.9873033,23,25,0.058,0.002,0.636,111.405
1777836385.003038,23,25,0.066,0.001,0.411,112.047
1777836386.0163379,23,25,0.145,0.002,0.653,111.394
1777836387.029803,23,25,0.065,0.002,0.469,114.111
1777836388.042498,23,25,0.083,0.002,0.565,112.411
1777836389.0473764,23,25,0.075,0.002,0.647,108.499
1777836390.0696955,23,25,0.063,0.002,0.427,112.69
1777836391.084276,23,25,0.076,0.002,0.722,116.31
1777836392.09113,23,25,0.068,0.002,0.418,111.884
1777836393.0957835,23,5,0.057,0.002,0.132,108.939
1777836394.111523,23,5,0.026,0.001,0.124,111.537
1777836395.1302736,23,5,0.027,0.001,0.117,112.782
1777836396.1354542,23,5,0.028,0.001,0.176,110.139
1777836397.1469946,23,5,0.036,0.002,0.143,110.572
1777836398.1520092,23,25,0.044,0.001,0.397,108.374
1777836399.1683323,23,25,0.061,0.002,0.521,114.993
1777836400.1805606,23,25,0.06,0.002,0.631,111.773
1777836401.1911993,23,25,0.051,0.002,0.632,111.752
1777836402.1984801,23,25,0.067,0.002,0.408,108.474
1777836403.2096908,23,25,0.074,0.002,0.437,111.183
1777836404.2286253,23,25,0.056,0.002,0.406,113.887
1777836405.2366147,23,25,0.063,0.002,0.506,112.3
1777836406.2476385,23,25,0.069,0.002,0.415,113.098
1777836407.257527,23,5,0.045,0.002,0.146,112.62
1777836408.2672238,23,5,0.031,0.002,0.274,110.6
1777836409.2829993,23,5,0.035,0.002,0.134,115.357
1777836410.2905025,23,5,0.033,0.002,0.266,111.923
1777836411.3007777,23,5,0.024,0.001,0.12,110.313
1777836412.3124962,23,25,0.045,0.001,0.39,112.569
1777836413.3250716,23,25,0.119,0.012,0.471,112.743
1777836414.3315156,23,25,0.189,0.003,0.422,111.195
1777836415.3423274,23,25,0.076,0.002,0.563,112.014
1777836416.3549855,23,25,0.071,0.002,0.432,112.604
1777836417.3660936,23,25,0.073,0.002,0.418,113.648
1777836418.3738143,23,25,0.067,0.002,0.427,110.904
1777836419.3919346,23,25,0.058,0.002,0.397,112.294
1777836420.4023798,23,25,0.078,0.002,0.596,112.31
1777836421.4168284,23,25,0.072,0.002,0.541,115.143
1777836422.4317567,23,25,0.078,0.002,0.423,116.045
1777836423.4394877,23,25,0.155,0.003,0.542,112.063
1777836424.457717,23,25,0.064,0.002,0.397,113.666
1777836425.4645092,23,25,0.064,0.11,0.421,111.137
1777836426.478805,23,25,0.144,0.002,0.405,111.468
1777836427.4886787,23,25,0.065,0.001,0.412,112.364
1777836428.50446,23,25,0.062,0.002,0.532,116.11
1777836429.5059266,23,25,0.064,0.002,0.425,108.279
1777836430.5160985,23,25,0.068,0.002,0.522,110.734
1777836431.5220194,23,25,0.067,0.002,0.405,108.013
1777836432.5327227,23,25,0.069,0.002,0.427,110.73
1777836433.5429702,23,25,0.06,0.002,0.416,110.301
1777836434.5523689,23,25,0.058,0.002,0.395,109.424
1777836435.5667772,23,25,0.091,0.002,0.433,111.627
1777836436.5729563,23,25,0.07,0.002,0.409,108.488
1777836437.5884259,23,25,0.06,0.002,0.54,112.081
1777836438.6025293,23,25,0.067,0.002,0.427,112.27
1777836439.612454,23,25,0.146,0.002,0.414,110.469
1777836440.6502545,23,25,0.062,0.002,0.386,139.019
1777836441.6382678,23,25,0.059,0.002,0.409,117.599
1777836442.6368089,23,5,0.042,0.002,0.123,108.158
1777836443.6515765,23,5,0.025,0.001,0.12,110.913
1777836444.67011,23,5,0.028,0.001,0.261,111.781
1777836445.6786344,23,5,0.026,0.002,0.119,110.632
1777836446.6888463,23,5,0.028,0.001,0.124,112.024
1777836447.6977372,23,25,0.046,0.002,0.422,108.149
1777836448.7131517,23,25,0.082,0.002,0.42,112.482
1777836449.7200787,23,25,0.072,0.002,0.435,111.55
1777836450.7384157,23,25,0.078,0.002,0.443,117.888
1777836451.7403054,23,25,0.057,0.002,0.391,112.636
1777836452.7505178,23,25,0.063,0.002,0.445,112.832
1777836453.7599537,23,25,0.062,0.002,0.403,112.361
1777836454.7712526,23,25,0.065,0.002,0.556,112.19
1777836455.7831213,23,25,0.065,0.002,0.563,112.566
1777836456.7947285,23,25,0.059,0.002,0.397,111.722
1777836457.8110604,23,25,0.062,0.002,0.417,112.231
1777836458.819931,23,25,0.06,0.002,0.492,111.003
1777836459.833984,23,25,0.058,0.002,0.505,113.174
1777836460.8487077,23,25,0.073,0.002,0.542,113.144
1777836461.8667064,23,25,0.07,0.002,0.406,113.652
1777836462.8831043,23,25,0.062,0.002,0.411,114.895
1777836463.8907664,23,25,0.081,0.003,0.42,111.602
1777836464.9064105,23,25,0.068,0.002,0.396,118.856
1777836465.9058077,23,25,0.087,0.003,0.466,109.88
1777836466.9249635,23,25,0.174,0.002,0.412,112.682
1777836467.9364376,23,25,0.158,0.002,0.44,112.854
1777836468.9451473,23,25,0.059,0.063,0.552,111.405
1777836469.9672174,23,25,0.067,0.002,0.456,113.976
1777836470.9813151,23,25,0.068,0.002,0.417,115.672
1777836471.9848688,23,25,0.063,0.002,0.511,111.065
1777836473.0009472,23,25,0.062,0.002,0.397,115.432
1777836474.006971,23,25,0.062,0.002,0.391,112.627
1777836475.0182395,23,25,0.088,0.002,0.794,113.431
1777836476.032214,23,25,0.073,0.002,0.571,113.42
1777836477.0453653,23,25,0.068,0.002,0.565,109.958
1777836478.0574415,23,5,0.052,0.002,0.131,111.492
1777836479.0677,23,5,0.028,0.002,0.122,111.537
1777836480.084304,23,5,0.03,0.001,0.125,114.956
1777836481.0930936,23,5,0.032,0.002,0.131,111.897
1777836482.1061356,23,5,0.041,0.002,0.252,112.12
1777836483.1260707,23,25,0.058,0.003,0.435,124.576
1777836484.1295836,23,25,0.075,0.002,0.424,112.447
1777836485.147747,23,25,0.079,0.002,0.419,116.107
1777836486.1556556,23,25,0.072,0.003,0.45,113.148
1777836487.1696427,23,25,0.073,0.002,0.414,111.245
1777836488.1771274,23,25,0.063,0.002,0.399,110.337
1777836489.1869571,23,25,0.063,0.002,0.432,108.927
1777836490.198112,23,25,0.073,0.002,0.551,110.586
1777836491.209661,23,25,0.17,0.002,0.413,110.43
1777836492.2181523,23,25,0.071,0.002,0.604,111.123
1777836493.226073,23,25,0.071,0.002,0.555,108.607
1777836494.239864,23,25,0.066,0.002,0.5,110.803
1777836495.251359,23,25,0.18,0.002,0.537,111.178
1777836496.2649689,23,25,0.075,0.002,0.41,113.825
1777836497.275295,23,25,0.069,0.002,0.394,112.619
1777836498.2848935,23,25,0.063,0.002,0.506,112.085
1777836499.2904935,23,25,0.067,0.002,0.399,108.984
1777836500.3036892,23,25,0.071,0.002,0.413,112.558
1777836501.3088696,23,25,0.066,0.002,0.54,109.633
1777836502.3231914,23,25,0.067,0.001,0.448,116.353
1777836503.3305507,23,5,0.047,0.002,0.131,111.806
1777836504.3410277,23,5,0.027,0.001,0.127,110.057
1777836505.3590088,23,5,0.028,0.002,0.135,112.451
1777836506.3700027,23,5,0.036,0.002,0.134,112.532
1777836507.3781857,23,5,0.034,0.002,0.269,110.829
1777836508.3850706,23,25,0.06,0.003,0.441,109.465
1777836509.3990166,23,25,0.074,0.002,0.522,111.548
1777836510.4088545,23,25,0.082,0.003,0.445,110.374
1777836511.420038,23,25,0.306,0.002,0.557,110.552
1777836512.428392,23,25,0.079,0.003,0.697,111.172
1777836513.4397378,23,25,0.097,0.003,0.78,110.9
1777836514.4502873,23,25,0.069,0.002,0.534,111.737
1777836515.4611464,23,25,0.068,0.002,0.634,111.484
1777836516.4687817,23,25,0.072,0.002,0.409,110.192
1777836517.4923975,23,25,0.062,0.002,0.387,117.307
1777836518.5023007,23,25,0.058,0.002,0.494,110.424
1777836519.5253694,23,25,0.139,0.002,0.48,114.123
1777836520.5409808,23,25,0.068,0.002,0.527,113.487
1777836521.5482228,23,25,0.062,0.002,0.574,110.455
1777836522.5625393,23,25,0.154,0.002,0.431,112.394
1777836523.5704956,23,25,0.147,0.002,0.444,110.778
1777836524.5832367,23,25,0.061,0.002,0.713,111.52
1777836525.614752,23,25,0.067,0.002,0.41,132.945
1777836526.6068053,23,25,0.086,0.002,0.507,112.178
1777836527.6163518,23,25,0.135,0.002,0.56,110.576
1777836528.6293514,23,25,0.073,0.002,0.577,111.207
1777836529.63874,23,25,0.074,0.002,0.417,109.665
1777836530.6564,23,25,0.078,0.002,0.413,112.649
1777836531.6660857,23,25,0.07,0.002,0.564,112.051
1777836532.6795058,23,25,0.073,0.002,0.55,112.45
1777836533.692828,23,25,0.069,0.002,0.532,113.558
1777836534.7060277,23,25,0.069,0.002,0.412,112.573
1777836535.7109945,23,25,0.068,0.002,0.411,109.368
1777836536.7226815,23,25,0.072,0.002,0.437,110.816
1777836537.7327816,23,5,0.049,0.001,0.135,110.338
1777836538.7472267,23,5,0.034,0.002,0.13,113.332
1777836539.7525244,23,5,0.027,0.002,0.125,109.949
1777836540.7672827,23,5,0.033,0.002,0.129,112.031
1777836541.7778344,23,5,0.03,0.002,0.125,108.637
1777836542.792588,23,25,0.048,0.002,0.421,112.467
1777836543.8221772,23,25,0.319,0.003,0.838,129.113
1777836544.8125503,23,25,0.15,0.002,0.412,109.617
1777836545.8448203,23,25,0.061,0.002,0.409,125.949
1777836546.8356917,23,25,0.062,0.002,0.412,109.338
1777836547.847486,23,25,0.26,0.002,0.552,109.873
1777836548.8712306,23,25,0.067,0.003,0.399,116.154
1777836549.8753314,23,25,0.078,0.002,0.615,112.045
1777836550.889139,23,25,0.073,0.002,0.537,112.277
1777836551.8975027,23,25,0.144,0.002,0.444,111.039
1777836552.9146292,23,5,0.049,0.002,0.117,110.908
1777836553.92919,23,5,0.044,0.002,0.254,112.149
1777836554.9385672,23,5,0.027,0.001,0.12,110.56
1777836555.9724257,23,5,0.031,0.001,0.124,131.892
1777836556.9587858,23,5,0.027,0.001,0.124,108.38
1777836557.9783468,23,25,0.051,0.002,0.529,113.251
1777836558.993796,23,25,0.077,0.002,0.404,112.538
1777836560.0095158,23,25,0.073,0.002,0.554,119.052
1777836561.01638,23,25,0.096,0.002,0.56,116.489
1777836562.0204272,23,25,0.085,0.002,0.531,111.009
1777836563.0342498,23,25,0.071,0.002,0.409,112.014
1777836564.0446708,23,25,0.073,0.002,0.437,112.338
1777836565.059654,23,25,0.342,0.003,0.444,111.144
1777836566.078545,23,25,0.064,0.002,0.525,116.944
1777836567.0907779,23,25,0.073,0.002,0.406,111.741
1777836568.1083212,23,5,0.046,0.002,0.124,113.415
1777836569.1198823,23,5,0.163,0.002,0.2,110.565
1777836570.1324506,23,5,0.028,0.001,0.232,111.018
1777836571.1653018,23,5,0.022,0.001,0.118,130.803
1777836572.1568518,23,5,0.038,0.002,0.127,113.146
1777836573.1612985,23,25,0.055,0.002,0.458,109.809
1777836574.1761703,23,25,0.066,0.002,0.679,112.225
1777836575.1892307,23,25,0.069,0.002,0.566,113.17
1777836576.2062352,23,25,0.064,0.002,0.396,114.882
1777836577.2160895,23,25,0.081,0.003,0.551,112.858
1777836578.2239819,23,25,0.065,0.002,0.692,110.943
1777836579.234419,23,25,0.065,0.002,0.728,110.187
1777836580.2450469,23,25,0.076,0.002,0.42,110.473
1777836581.2586699,23,25,0.064,0.002,0.425,115.801
1777836582.2662327,23,25,0.069,0.002,0.547,112.203
1777836583.276489,23,5,0.052,0.001,0.131,111.648
1777836584.2887034,23,5,0.031,0.001,0.125,111.517
1777836585.3108175,23,5,0.029,0.001,0.122,116.431
1777836586.316486,23,5,0.028,0.002,0.127,112.429
1777836587.3289654,23,5,0.029,0.002,0.328,117.199
1777836588.3341386,23,25,0.183,0.003,0.601,112.049
1777836589.3435066,23,25,0.065,0.002,0.581,111.341
1777836590.361885,23,25,0.064,0.002,0.429,111.722
1777836591.3759685,23,25,0.061,0.002,0.415,115.31
1777836592.3775182,23,25,0.066,0.003,0.536,108.627
1777836593.3871899,23,25,0.062,0.001,0.411,109.403
1777836594.4064682,23,25,0.087,0.073,0.42,115.589
1777836595.4069293,23,25,0.064,0.002,0.402,108.899
1777836596.4295273,23,25,0.069,0.002,0.412,116.002
1777836597.435169,23,25,0.066,0.002,0.551,111.047
1777836598.4494941,23,5,0.052,0.002,0.127,112.401
1777836599.462868,23,5,0.034,0.001,0.134,111.569
1777836600.4792247,23,5,0.028,0.002,0.121,112.81
1777836601.49263,23,5,0.028,0.001,0.124,112.014
1777836602.509215,23,5,0.031,0.001,0.126,117.023
1777836603.512774,23,25,0.05,0.002,0.411,109.586
1777836604.522708,23,25,0.084,0.002,0.423,111.068
1777836605.5349076,23,25,0.063,0.002,0.398,111.295
1777836606.5489957,23,25,0.062,0.002,0.447,111.65
1777836607.5588338,23,25,0.236,0.002,0.442,110.936
1777836608.5706646,23,25,0.107,0.002,0.412,111.756
1777836609.5815752,23,25,0.147,0.002,0.525,111.798
1777836610.5963597,23,25,0.082,0.002,0.429,112.01
1777836611.6093931,23,25,0.08,0.003,0.64,111.753
1777836612.6249495,23,25,0.069,0.002,0.415,110.516
1777836613.6366196,23,25,0.079,0.002,0.546,111.737
1777836614.6492772,23,25,0.079,0.002,0.443,115.913
1777836615.6561868,23,25,0.256,0.003,0.665,110.44
1777836616.6742184,23,25,0.068,0.002,0.412,112.205
1777836617.6943989,23,25,0.078,0.002,0.606,114.151
1777836618.700653,23,25,0.09,0.002,0.424,111.47
1777836619.7159367,23,25,0.074,0.002,0.422,115.79
1777836620.7238162,23,25,0.068,0.003,0.504,111.089
1777836621.731911,23,25,0.067,0.002,0.408,110.41
1777836622.7412539,23,25,0.139,0.002,0.399,111.451
1777836623.7534823,23,25,0.068,0.002,0.549,111.88
1777836624.7597902,23,25,0.069,0.002,0.407,109.876
1777836625.7705388,23,25,0.145,0.002,0.425,112.131
1777836626.7808702,23,25,0.08,0.002,0.603,110.38
1777836627.7905831,23,25,0.078,0.002,0.561,112.216
1777836628.79969,23,25,0.131,0.002,0.442,111.269
1777836629.8186338,23,25,0.15,0.003,0.409,112.58
1777836630.8249223,23,25,0.071,0.002,0.543,109.772
1777836631.8393438,23,25,0.13,0.002,0.605,111.161
1777836632.8528924,23,5,0.061,0.002,0.138,112.801
1777836633.8631094,23,25,0.056,0.002,0.644,111.924
1777836634.8773882,23,25,0.067,0.002,0.505,110.894
1777836635.8845823,23,25,0.07,0.002,0.601,110.486
1777836636.9000158,23,25,0.175,0.002,0.54,111.2
1777836637.9075243,23,25,0.062,0.002,0.411,109.158
1777836638.9262881,23,25,0.063,0.002,0.541,112.186
1777836639.9362066,23,25,0.272,0.003,0.686,112.294
1777836640.953504,23,25,0.187,0.003,0.451,112.943
1777836641.9625473,23,25,0.062,0.002,0.52,110.201
1777836642.970815,23,5,0.047,0.002,0.137,108.677
1777836643.981942,23,5,0.028,0.001,0.124,109.363
1777836644.9940598,23,5,0.101,0.002,0.243,111.339
1777836646.0015423,23,5,0.027,0.001,0.122,109.205
1777836647.011075,23,5,0.03,0.001,0.131,108.953
1777836648.0282104,23,25,0.058,0.002,0.42,110.508
1777836649.0362368,23,25,0.079,0.002,0.586,110.855
1777836650.0683155,23,25,0.071,0.002,0.428,130.38
1777836651.0644598,23,25,0.081,0.002,0.557,112.368
1777836652.084539,23,25,0.088,0.002,0.548,115.557
1777836653.0984466,23,25,0.161,0.002,0.544,111.281
1777836654.116441,23,25,0.07,0.002,0.506,112.171
1777836655.1255782,23,25,0.217,0.003,0.436,113.023
1777836656.1414645,23,25,0.129,0.003,0.791,117.325
1777836657.1506734,23,25,0.072,0.002,0.418,112.146
1777836658.1581094,23,25,0.059,0.002,0.649,108.246
1777836659.1730094,23,25,0.059,0.002,0.485,111.328
1777836660.1944604,23,25,0.066,0.002,0.394,118.352
1777836661.2059653,23,25,0.061,0.002,0.412,122.115
1777836662.2032611,23,25,0.057,0.002,0.549,109.426
1777836663.2159934,23,25,0.058,0.002,0.399,111.127
1777836664.2303307,23,25,0.065,0.003,0.564,112.11
1777836665.2467718,23,25,0.063,0.002,0.398,112.15
1777836666.2544637,23,25,0.064,0.002,0.399,110.776
1777836667.261389,23,25,0.073,0.002,0.595,109.821
1777836668.2707462,23,5,0.046,0.002,0.312,108.839
1777836669.2855544,23,5,0.028,0.002,0.129,111.482
1777836670.2990105,23,5,0.031,0.001,0.38,112.002
1777836671.3057504,23,5,0.028,0.001,0.206,110.053
1777836672.3218517,23,5,0.036,0.002,0.14,115.265
1777836673.3278682,23,25,0.052,0.002,0.406,112.48
1777836674.336446,23,25,0.078,0.002,0.535,111.099
1777836675.3491466,23,25,0.074,0.002,0.728,112.327
1777836676.3617039,23,25,0.074,0.002,0.423,112.085
1777836677.3770645,23,25,0.067,0.002,0.409,112.465
1777836678.3896277,23,25,0.18,0.003,0.536,112.522
1777836679.4014668,23,25,0.188,0.002,0.468,111.917
1777836680.4078748,23,25,0.075,0.002,0.638,110.092
1777836681.418362,23,25,0.067,0.002,0.697,110.153
1777836682.4263554,23,25,0.08,0.002,0.537,110.79
1777836683.4445252,23,5,0.068,0.003,0.144,112.387
1777836684.4554179,23,5,0.033,0.002,0.134,111.951
1777836685.4701269,23,5,0.034,0.002,0.242,117.781
1777836686.485406,23,5,0.03,0.002,0.126,116.873
1777836687.4914222,23,5,0.03,0.002,0.125,112.822
1777836688.5080433,23,25,0.049,0.002,0.404,114.744
1777836689.5194523,23,25,0.069,0.002,0.575,112.385
1777836690.527482,23,25,0.17,0.003,0.415,111.142
1777836691.5351727,23,25,0.065,0.001,0.534,108.79
1777836692.5493753,23,25,0.088,0.003,0.57,110.671
1777836693.5661306,23,25,0.064,0.002,0.508,111.023
1777836694.584769,23,25,0.073,0.002,0.41,113.741
1777836695.6016443,23,25,0.082,0.002,0.442,116.0
1777836696.6104193,23,25,0.072,0.002,0.567,112.247
1777836697.6203847,23,25,0.07,0.002,0.6,111.715
1777836698.6390095,23,5,0.071,0.002,0.144,118.914
1777836699.63894,23,5,0.028,0.002,0.128,109.413
1777836700.6558425,23,5,0.025,0.001,0.116,112.489
1777836701.6650314,23,5,0.038,0.002,0.136,111.767
1777836702.6746907,23,5,0.03,0.001,0.208,110.375
1777836703.6841264,23,25,0.047,0.002,0.579,110.822
1777836704.696084,23,25,0.093,0.002,0.606,112.913
1777836705.7108974,23,25,0.086,0.002,0.47,112.769
1777836706.7193701,23,25,0.068,0.002,0.568,110.657
1777836707.7325234,23,25,0.069,0.002,0.578,110.334
1777836708.7449932,23,25,0.067,0.002,0.602,110.998
1777836709.758308,23,25,0.147,0.003,0.596,113.461
1777836710.7732966,23,25,0.062,0.002,0.654,111.454
1777836711.78459,23,25,0.069,0.002,0.416,111.068
1777836712.7987761,23,25,0.069,0.002,0.434,109.864
1777836713.8132458,23,5,0.05,0.002,0.129,112.473
1777836714.8281648,23,5,0.035,0.002,0.132,115.38
1777836715.833298,23,5,0.029,0.002,0.128,108.463
1777836716.8503582,23,5,0.037,0.002,0.14,111.866
1777836717.8569355,23,5,0.033,0.001,0.129,109.258
1777836718.8694701,23,25,0.166,0.002,0.516,111.139
1777836719.8820572,23,25,0.065,0.002,0.55,110.329
1777836720.9042332,23,25,0.069,0.002,0.502,114.477
1777836721.908647,23,25,0.078,0.002,0.428,110.077
1777836722.9297743,23,25,0.073,0.002,0.42,120.017
1777836723.9334981,23,25,0.067,0.081,0.449,112.597
1777836724.9394457,23,25,0.059,0.002,0.563,109.883
1777836725.981645,23,25,0.066,0.002,0.413,134.444
1777836726.9678462,23,25,0.082,0.002,0.428,112.723
1777836727.9813566,23,25,0.09,0.002,0.732,115.93
1777836728.9949677,23,5,0.093,0.002,0.15,113.642
1777836730.0091095,23,5,0.031,0.001,0.263,111.831
1777836731.0199556,23,5,0.029,0.002,0.239,111.994
1777836732.0321472,23,5,0.101,0.002,0.235,113.184
1777836733.0453877,23,5,0.028,0.001,0.103,116.047
1777836734.0460508,23,25,0.093,0.002,0.416,108.8
1777836735.073729,23,25,0.07,0.002,0.545,121.674
1777836736.082473,23,25,0.07,0.002,0.57,118.044
1777836737.0852892,23,25,0.072,0.002,0.662,112.405
1777836738.1036477,23,25,0.086,0.003,0.427,115.886
1777836739.1108675,23,25,0.074,0.003,0.414,113.374
1777836740.1254404,23,25,0.091,0.002,0.405,113.284
1777836741.1451693,23,25,0.079,0.003,0.649,120.206
1777836742.1452668,23,25,0.085,0.003,0.606,111.486
1777836743.1542711,23,25,0.069,0.003,0.578,111.039
1777836744.1712165,23,5,0.049,0.002,0.23,118.431
1777836745.1741428,23,5,0.243,0.002,0.139,111.238
1777836746.18646,23,5,0.039,0.002,0.18,112.818
1777836747.1993248,23,5,0.033,0.002,0.25,112.229
1777836748.2187264,23,25,0.051,0.002,0.437,115.101
1777836749.2275093,23,25,0.065,0.002,0.403,111.239
1777836750.2541454,23,25,0.092,0.002,0.44,120.438
1777836751.2556891,23,25,0.071,0.002,0.417,112.37
1777836752.2649262,23,25,0.075,0.002,0.415,111.458
1777836753.3075542,23,25,0.077,0.002,0.43,136.967
1777836754.288506,23,25,0.064,0.002,0.591,110.511
1777836755.2965188,23,25,0.139,0.003,0.431,110.201
1777836756.3148134,23,25,0.072,0.002,0.398,114.816
1777836757.3289587,23,25,0.068,0.002,0.522,112.305
1777836758.3441832,23,25,0.065,0.002,0.545,111.382
1777836759.3549724,23,25,0.06,0.002,0.623,111.698
1777836760.3629098,23,25,0.059,0.002,0.425,110.783
1777836761.3704455,23,25,0.055,0.002,0.614,109.961
1777836762.3851979,23,25,0.16,0.002,0.547,110.301
1777836763.4240103,23,25,0.073,0.002,0.417,111.9
1777836764.4323275,23,25,0.069,0.002,0.523,112.955
1777836765.4465878,23,25,0.063,0.002,0.41,111.275
1777836766.4605901,23,25,0.065,0.002,0.428,112.102
1777836767.4683847,23,25,0.062,0.002,0.491,109.106
1777836768.4824414,23,5,0.058,0.002,0.129,112.232
1777836769.4927294,23,5,0.025,0.001,0.117,113.961
1777836770.506621,23,5,0.025,0.001,0.143,111.831
1777836771.5209508,23,5,0.029,0.001,0.124,111.377
1777836772.5323505,23,5,0.028,0.001,0.148,110.765
1777836773.5478358,23,25,0.054,0.002,0.437,109.604
1777836774.5585477,23,25,0.141,0.002,0.414,110.059
1777836775.5762885,23,25,0.079,0.002,0.586,116.469
1777836776.5799863,23,25,0.063,0.001,0.43,110.595
1777836777.5876548,23,25,0.064,0.002,0.409,109.141
1777836778.6045592,23,25,0.056,0.002,0.4,109.393
1777836779.6206696,23,25,0.151,0.002,0.424,113.856
1777836780.6260047,23,25,0.067,0.002,0.524,111.411
1777836781.6376593,23,25,0.063,0.002,0.543,111.806
1777836782.6458178,23,25,0.064,0.002,0.507,112.02
1777836783.6521688,23,5,0.046,0.002,0.232,108.557
1777836784.6883695,23,5,0.039,0.002,0.147,132.056
1777836785.6722944,23,5,0.03,0.002,0.224,108.096
1777836786.6843338,23,5,0.034,0.002,0.15,110.974
1777836787.6989815,23,5,0.032,0.002,0.126,113.982
1777836788.709491,23,25,0.155,0.002,0.426,108.494
1777836789.7192316,23,25,0.062,0.002,0.52,110.347
1777836790.7300394,23,25,0.09,0.002,0.422,112.625
1777836791.7438228,23,25,0.059,0.002,0.396,117.041
1777836792.7548645,23,25,0.063,0.002,0.424,110.706
1777836793.7736175,23,25,0.077,0.002,0.55,115.834
1777836794.7767007,23,25,0.063,0.002,0.64,108.861
1777836795.785997,23,25,0.07,0.002,0.421,110.059
1777836796.7969084,23,25,0.063,0.002,0.434,111.038
1777836797.8118744,23,25,0.061,0.001,0.389,115.23
1777836798.8160548,23,25,0.068,0.002,0.426,111.161
1777836799.828007,23,25,0.057,0.002,0.383,112.796
1777836800.8380644,23,25,0.055,0.002,0.414,112.833
1777836801.8450937,23,25,0.066,0.002,0.463,111.778
1777836802.85912,23,25,0.058,0.002,0.38,115.952
1777836803.8675034,23,25,0.067,0.002,0.417,115.708
1777836804.8697937,23,25,0.131,0.002,0.43,108.014
1777836805.8882115,23,25,0.065,0.002,0.406,111.887
1777836806.8941488,23,25,0.062,0.002,0.399,109.984
1777836807.9053462,23,25,0.066,0.002,0.64,111.055
1777836808.9190426,23,5,0.04,0.002,0.244,111.875
1777836809.9354117,23,5,0.027,0.001,0.12,117.295
1777836810.9352589,23,5,0.029,0.002,0.249,109.34
1777836811.9532185,23,5,0.025,0.002,0.286,111.271
1777836812.9587648,23,5,0.025,0.002,0.122,108.154
1777836813.969781,23,25,0.044,0.002,0.441,110.023
1777836814.9969182,23,25,0.053,0.002,0.413,126.794
1777836815.9893663,23,25,0.079,0.002,0.52,110.048
1777836817.0043526,23,25,0.066,0.002,0.395,117.173
1777836818.012583,23,25,0.061,0.002,0.513,109.257
1777836819.0301287,23,25,0.072,0.002,0.411,118.415
1777836820.0410535,23,25,0.062,0.002,0.395,118.576
1777836821.0396798,23,25,0.067,0.002,0.428,108.433
1777836822.0594144,23,25,0.07,0.001,0.437,112.901
1777836823.0702252,23,25,0.068,0.002,0.57,112.415
1777836824.0815797,23,25,0.067,0.002,0.561,113.195
1777836825.088334,23,25,0.06,0.002,0.645,110.747
1777836826.1307788,23,25,0.067,0.002,0.399,111.089
1777836827.1493113,23,25,0.064,0.002,0.521,112.108
1777836828.1599674,23,25,0.063,0.002,0.444,113.54
1777836829.1693444,23,25,0.062,0.001,0.553,111.892
1777836830.1738713,23,25,0.084,0.002,0.607,108.542
1777836831.190498,23,25,0.061,0.002,0.396,110.673
1777836832.1974273,23,25,0.061,0.002,0.593,109.481
1777836833.2127414,23,25,0.056,0.002,0.423,110.153
1777836834.2282827,23,25,0.058,0.002,0.554,115.656
1777836835.2344027,23,25,0.064,0.002,0.41,108.517
1777836836.2469418,23,25,0.06,0.002,0.387,112.761
1777836837.2593336,23,25,0.057,0.002,0.579,111.964
1777836838.2697666,23,25,0.066,0.002,0.43,111.561
1777836839.278094,23,25,0.075,0.003,0.507,110.239
1777836840.2981117,23,25,0.096,0.003,0.551,118.21
1777836841.3028133,23,25,0.071,0.002,0.622,113.32
1777836842.311382,23,25,0.071,0.002,0.675,112.226
1777836843.346429,23,25,0.057,0.002,0.404,131.609
1777836844.3359115,23,25,0.062,0.002,0.396,110.296
1777836845.345375,23,25,0.066,0.002,0.497,110.908
1777836846.3640692,23,25,0.065,0.002,0.53,111.929
1777836847.3732042,23,25,0.067,0.002,0.584,111.575
1777836848.3802977,23,25,0.11,0.002,0.53,109.373
1777836849.3905983,23,25,0.124,0.002,0.397,108.394
1777836850.4094663,23,25,0.062,0.002,0.557,112.369
1777836851.4192672,23,25,0.069,0.002,0.617,111.307
1777836852.4286833,23,25,0.106,0.003,0.681,111.792
1777836853.433619,23,25,0.144,0.002,0.401,109.402
1777836854.469259,23,25,0.06,0.001,0.539,112.149
1777836855.4797502,23,25,0.263,0.002,0.583,111.033
1777836856.4959793,23,25,0.062,0.003,0.551,112.577
1777836857.5027556,23,25,0.065,0.002,0.421,109.655
1777836858.5169172,23,25,0.076,0.002,0.547,113.422
1777836859.529063,23,25,0.074,0.002,0.42,115.22
1777836860.54836,23,25,0.074,0.002,0.517,109.708
1777836861.5666347,23,25,0.079,0.002,0.438,112.884
1777836862.5717723,23,25,0.062,0.002,0.515,109.391
1777836863.5827377,23,25,0.065,0.002,0.428,109.957
1777836864.595549,23,25,0.062,0.002,0.566,111.395
1777836865.606964,23,25,0.161,0.002,0.577,111.221
1777836866.6354809,23,25,0.077,0.002,0.408,112.15
1777836867.6469223,23,25,0.06,0.002,0.385,111.795
1777836868.6566787,23,25,0.063,0.002,0.553,110.186
1777836869.67019,23,25,0.062,0.002,0.543,111.182
1777836870.6820202,23,25,0.066,0.002,0.438,115.56
1777836871.685961,23,25,0.071,0.002,0.617,110.731
1777836872.697808,23,25,0.058,0.002,0.394,113.709
1777836873.704614,23,25,0.069,0.002,0.461,110.351
1777836874.7222338,23,25,0.078,0.002,0.403,112.727
1777836875.7271578,23,25,0.073,0.002,0.615,109.314
1777836876.743176,23,25,0.078,0.002,0.419,113.933
1777836877.7589772,23,25,0.083,0.003,0.429,118.508
1777836878.7867746,23,25,0.07,0.002,0.551,117.151
1777836879.7961874,23,25,0.064,0.002,0.406,111.462
1777836880.8089871,23,25,0.056,0.002,0.415,110.624
1777836881.8154714,23,25,0.062,0.002,0.421,108.995
1777836882.82872,23,25,0.061,0.002,0.405,110.99
1777836883.839799,23,5,0.106,0.003,0.135,110.231
1777836884.8611984,23,5,0.029,0.002,0.119,109.972
1777836885.884768,23,5,0.037,0.002,0.136,114.804
1777836886.8932385,23,5,0.021,0.001,0.118,108.386
1777836887.909144,23,5,0.031,0.001,0.122,111.6
1777836888.9177535,23,25,0.06,0.002,0.423,111.055
1777836889.937813,23,25,0.058,0.002,0.536,111.978
1777836890.946403,23,25,0.063,0.002,0.399,110.626
1777836891.9533792,23,25,0.062,0.002,0.596,110.425
1777836892.965607,23,25,0.067,0.002,0.412,112.939
1777836893.9784026,23,25,0.068,0.002,0.407,113.621
1777836894.9898434,23,25,0.071,0.002,0.438,112.158
1777836895.9997165,23,25,0.059,0.002,0.431,112.052
1777836897.0081298,23,25,0.07,0.002,0.636,109.077
1777836898.0194447,23,25,0.14,0.002,0.404,109.578
1777836899.0281913,23,25,0.07,0.002,0.615,109.444
1777836900.0350864,23,25,0.139,0.002,0.437,109.03
1777836901.0464134,23,25,0.17,0.003,0.427,111.415
1777836902.05762,23,25,0.076,0.002,0.413,112.971
1777836903.0723896,23,25,0.075,0.002,0.537,113.29
1777836904.0780447,23,25,0.072,0.002,0.529,109.735
1777836905.0934958,23,25,0.149,0.002,0.447,111.96
1777836906.1030338,23,25,0.063,0.002,0.503,110.426
1777836907.118905,23,25,0.069,0.002,0.399,112.765
1777836908.1391044,23,25,0.099,0.003,0.438,125.769
1777836909.1411114,23,5,0.184,0.002,0.216,111.917
1777836910.147701,23,5,0.03,0.001,0.144,109.069
1777836911.1580048,23,5,0.028,0.002,0.195,110.595
1777836912.1757443,23,5,0.034,0.002,0.144,116.442
1777836913.1825383,23,5,0.031,0.002,0.289,110.904
1777836914.1885982,23,25,0.042,0.002,0.389,109.023
1777836915.19968,23,25,0.057,0.002,0.407,110.128
1777836916.21261,23,25,0.058,0.002,0.449,108.703
1777836917.224853,23,25,0.057,0.002,0.405,110.547
1777836918.2382982,23,25,0.06,0.002,0.416,112.697
1777836919.2442636,23,25,0.061,0.002,0.394,110.366
1777836920.2563818,23,25,0.093,0.003,0.401,111.44
1777836921.2626514,23,25,0.059,0.002,0.432,108.555
1777836922.2744207,23,25,0.141,0.002,0.424,109.812
1777836923.281816,23,25,0.063,0.001,0.433,108.996
1777836924.297469,23,25,0.147,0.002,0.408,112.137
1777836925.3072002,23,25,0.057,0.002,0.702,111.125
1777836926.3206797,23,25,0.062,0.002,0.428,112.349
1777836927.3416576,23,25,0.069,0.002,0.443,112.926
1777836928.3532665,23,25,0.072,0.003,0.415,115.35
1777836929.3572807,23,25,0.066,0.002,0.685,110.432
1777836930.3699417,23,25,0.06,0.002,0.516,108.934
1777836931.3786488,23,25,0.06,0.002,0.499,109.556
1777836932.3902538,23,25,0.062,0.002,0.552,110.811
1777836933.4101787,23,25,0.067,0.002,0.389,115.886
1777836934.4171722,23,5,0.052,0.003,0.159,112.895
1777836935.4238288,23,5,0.044,0.002,0.131,110.737
1777836936.429393,23,5,0.03,0.001,0.128,109.493
1777836937.4504116,23,5,0.028,0.001,0.122,114.344
1777836938.481989,23,5,0.031,0.002,0.127,115.309
1777836939.4923205,23,25,0.052,0.002,0.62,109.982
1777836940.5058346,23,25,0.066,0.002,0.407,114.014
1777836941.5221388,23,25,0.07,0.002,0.4,116.882
1777836942.5306191,23,25,0.063,0.002,0.416,115.419
1777836943.5366802,23,25,0.066,0.002,0.423,113.519
1777836944.5523381,23,25,0.076,0.002,0.581,115.481
1777836945.559094,23,25,0.062,0.002,0.516,111.856
1777836946.591744,23,25,0.061,0.002,0.4,112.068
1777836947.599481,23,25,0.065,0.002,0.571,110.15
1777836948.609373,23,25,0.192,0.002,0.577,110.074
1777836949.6252291,23,5,0.047,0.001,0.119,118.064
1777836950.6350222,23,5,0.026,0.001,0.121,111.688
1777836951.6399624,23,5,0.025,0.001,0.121,108.865
1777836952.6515422,23,5,0.028,0.002,0.124,109.281
1777836953.6666682,23,5,0.028,0.002,0.124,111.537
1777836954.6888068,23,25,0.044,0.002,0.418,115.934
1777836955.701417,23,25,0.064,0.002,0.504,112.161
1777836956.7054508,23,25,0.061,0.002,0.512,108.258
1777836957.7262332,23,25,0.061,0.002,0.409,113.389
1777836958.737502,23,25,0.059,0.002,0.545,111.648
1777836959.7473392,23,25,0.062,0.002,0.395,113.355
1777836960.7502909,23,25,0.058,0.002,0.412,108.356
1777836961.7638748,23,25,0.167,0.002,0.406,110.364
1777836962.7772696,23,25,0.064,0.003,0.526,112.489
1777836963.7857058,23,25,0.063,0.002,0.409,112.22
1777836964.7904341,23,5,0.044,0.002,0.123,108.893
1777836965.804274,23,5,0.031,0.002,0.148,114.376
1777836966.8095846,23,5,0.027,0.002,0.122,109.673
1777836967.825692,23,5,0.025,0.002,0.12,111.635
1777836968.8330479,23,5,0.025,0.001,0.116,110.721
1777836969.8412118,23,25,0.046,0.002,0.543,109.773
1777836970.8527114,23,25,0.131,0.003,0.44,111.201
1777836971.8606827,23,25,0.135,0.002,0.431,110.169
1777836972.8696396,23,25,0.06,0.002,0.407,111.039
1777836973.8858674,23,25,0.063,0.002,0.436,111.96
1777836974.926916,23,25,0.057,0.002,0.402,136.755
1777836975.9073331,23,25,0.07,0.003,0.412,108.155
1777836976.9268212,23,25,0.06,0.002,0.414,118.09
1777836977.9320817,23,25,0.063,0.002,0.407,112.491
1777836978.9413526,23,5,0.054,0.002,0.237,113.647
1777836979.9538453,23,25,0.051,0.002,0.4,113.658
1777836980.9722133,23,25,0.05,0.002,0.396,124.294
1777836981.9703958,23,25,0.06,0.002,0.482,108.47
1777836982.9793751,23,25,0.072,0.003,0.529,108.411
1777836984.0019338,23,25,0.065,0.002,0.412,112.166
1777836985.0069058,23,25,0.06,0.002,0.524,109.955
1777836986.013916,23,25,0.14,0.003,0.43,109.469
1777836987.044518,23,25,0.055,0.003,0.443,131.89
1777836988.0425286,23,25,0.147,0.002,0.417,112.65
1777836989.048555,23,5,0.053,0.002,0.128,109.983
1777836990.0627565,23,5,0.028,0.002,0.147,111.161
1777836991.0686955,23,5,0.03,0.001,0.134,107.822
1777836992.0800915,23,5,0.027,0.001,0.226,109.421
1777836993.0908234,23,5,0.031,0.002,0.137,110.327
1777836994.1003807,23,25,0.058,0.002,0.628,111.196
1777836995.1141102,23,25,0.13,0.002,0.72,111.771
1777836996.150732,23,25,0.061,0.002,0.507,114.333
1777836997.1659145,23,25,0.082,0.002,0.457,116.966
1777836998.1768606,23,25,0.082,0.002,0.445,117.137
1777836999.1878355,23,25,0.096,0.002,0.584,112.889
1777837000.1996918,23,25,0.097,0.002,0.416,112.68
1777837001.211735,23,25,0.074,0.002,0.426,113.245
1777837002.2212536,23,25,0.097,0.003,0.576,112.01
1777837003.2396579,23,25,0.064,0.002,0.552,111.514
1777837004.2496786,23,25,0.062,0.002,0.518,111.057
1777837005.2613811,23,25,0.064,0.002,0.401,108.734
1777837006.276031,23,25,0.066,0.002,0.45,112.138
1777837007.2935338,23,25,0.072,0.002,0.537,118.403
1777837008.298396,23,25,0.066,0.002,0.419,114.091
1777837009.3204103,23,25,0.079,0.003,0.438,119.669
1777837010.3436,23,25,0.066,0.003,0.426,133.921
1777837011.3389578,23,25,0.071,0.002,0.572,113.807
1777837012.3543386,23,25,0.072,0.002,0.738,111.298
1777837013.361874,23,25,0.133,0.003,0.424,110.288
1777837014.3748248,23,25,0.076,0.002,0.41,112.95
1777837015.414512,23,25,0.056,0.002,0.431,139.477
1777837016.3972583,23,25,0.077,0.002,0.652,111.983
1777837017.4097574,23,25,0.06,0.002,0.448,112.645
1777837018.418296,23,25,0.065,0.002,0.575,112.678
1777837019.4397125,23,25,0.077,0.002,0.418,116.62
1777837020.4689512,23,25,0.056,0.002,0.414,134.025
1777837021.4684234,23,25,0.073,0.002,0.578,113.634
1777837022.4744947,23,25,0.067,0.002,0.545,112.467
1777837023.4915109,23,25,0.082,0.003,0.452,119.089
1777837024.5216584,23,25,0.079,0.002,0.589,110.654
1777837025.5350678,23,25,0.088,0.002,0.601,114.533
1777837026.5476546,23,25,0.103,0.003,0.454,116.241
1777837027.5543416,23,25,0.066,0.003,0.64,111.917
1777837028.5664992,23,25,0.071,0.002,0.545,112.512
1777837029.5761623,23,25,0.082,0.002,0.514,111.857
1777837030.5927808,23,25,0.064,0.002,0.427,113.352
1777837031.6123328,23,25,0.073,0.003,0.42,116.519
1777837032.6174474,23,25,0.158,0.002,0.415,112.074
1777837033.6327589,23,25,0.077,0.002,0.46,115.202
1777837034.6407125,23,5,0.051,0.002,0.127,110.227
1777837035.6504524,23,5,0.032,0.001,0.127,109.107
1777837036.6600199,23,5,0.029,0.002,0.129,108.223
1777837037.6778762,23,5,0.028,0.002,0.131,112.334
1777837038.6855936,23,5,0.029,0.002,0.124,111.987
1777837039.6922395,23,25,0.052,0.001,0.643,109.581
1777837040.7043436,23,25,0.074,0.003,0.543,110.512
1777837041.7205763,23,25,0.073,0.002,0.417,114.429
1777837042.733748,23,25,0.071,0.002,0.414,117.883
1777837043.7341664,23,25,0.063,0.002,0.421,107.806
1777837044.7567723,23,25,0.056,0.002,0.668,114.212
1777837045.7655096,23,25,0.145,0.002,0.418,112.125
1777837046.778368,23,25,0.059,0.002,0.54,113.047
1777837047.7922833,23,25,0.075,0.002,0.415,112.702
1777837048.8063023,23,25,0.071,0.002,0.558,112.404
1777837049.8101404,23,5,0.056,0.003,0.228,108.498
1777837050.8205554,23,5,0.101,0.002,0.15,109.434
1777837051.8358994,23,5,0.027,0.002,0.123,109.308
1777837052.8428156,23,5,0.026,0.001,0.124,108.047
1777837053.8533845,23,5,0.026,0.002,0.222,108.188
1777837054.8663619,23,25,0.049,0.002,0.5,111.007
1777837055.8965664,23,25,0.061,0.003,0.415,132.267
1777837056.8874462,23,25,0.064,0.002,0.589,112.171
1777837057.9015062,23,25,0.089,0.002,0.778,113.153
1777837058.911457,23,25,0.068,0.002,0.57,111.346
1777837059.9266841,23,25,0.063,0.002,0.523,118.884
1777837060.9350846,23,25,0.057,0.002,0.556,112.017
1777837061.9466846,23,25,0.062,0.002,0.428,112.929
1777837062.9536278,23,25,0.066,0.002,0.578,110.195
1777837063.9634314,23,25,0.145,0.002,0.435,111.109
1777837064.9818609,23,5,0.057,0.002,0.131,111.341
1777837065.9887547,23,5,0.03,0.002,0.131,109.246
1777837067.010855,23,5,0.039,0.002,0.19,117.846
1777837068.0228221,23,5,0.033,0.002,0.158,112.253
1777837069.0383599,23,5,0.026,0.002,0.14,110.129
1777837070.0568645,23,25,0.05,0.002,0.439,113.685
1777837071.066051,23,25,0.071,0.002,0.606,111.457
1777837072.084209,23,25,0.067,0.002,0.496,111.767
1777837073.0894496,23,25,0.201,0.003,0.425,109.215
1777837074.1085973,23,25,0.078,0.002,0.438,111.572
1777837075.1241653,23,25,0.058,0.001,0.523,112.561
1777837076.129435,23,25,0.059,0.002,0.546,109.731
1777837077.145607,23,25,0.06,0.002,0.405,116.939
1777837078.1483245,23,25,0.064,0.002,0.54,111.535
1777837079.1562912,23,25,0.062,0.002,0.587,110.486
1777837080.1730702,23,25,0.058,0.002,0.413,117.555
1777837081.178318,23,25,0.059,0.002,0.706,111.135
1777837082.1863742,23,25,0.351,0.003,0.419,109.635
1777837083.1973367,23,25,0.175,0.002,0.415,109.653
1777837084.2096815,23,25,0.193,0.002,0.571,113.403
1777837085.222184,23,25,0.059,0.002,0.531,113.13
1777837086.2375004,23,25,0.058,0.002,0.533,111.443
1777837087.256224,23,25,0.068,0.002,0.545,112.595
1777837088.2610157,23,25,0.061,0.002,0.425,109.259
1777837089.2911239,23,25,0.06,0.003,0.384,128.97
1777837090.2820616,23,5,0.05,0.002,0.126,108.794
1777837091.2961395,23,5,0.026,0.002,0.252,111.882
1777837092.3124974,23,5,0.034,0.002,0.132,112.281
1777837093.3215516,23,5,0.03,0.002,0.129,109.887
1777837094.3539402,23,25,22.365,0.003,0.449,131.793
1777837095.3465326,23,25,0.064,0.002,0.433,117.683
1777837096.3516595,23,25,0.066,0.002,0.429,111.515
1777837097.3618789,23,25,0.07,0.002,0.543,111.039
1777837098.3695,23,25,0.066,0.002,0.565,109.081
1777837099.3854647,23,25,0.089,0.002,0.422,112.6
1777837100.3939564,23,25,0.075,0.003,0.424,110.763
1777837101.4040914,23,25,0.077,0.002,0.64,111.111
1777837102.4203024,23,25,0.064,0.002,0.547,116.656
1777837103.4274101,23,25,0.06,0.002,0.538,111.862
1777837104.4361496,23,5,0.054,0.002,0.134,108.964
1777837105.454359,23,5,0.03,0.002,0.125,111.233
1777837106.4858232,23,5,21.184,0.002,0.162,131.341
1777837107.472804,23,5,0.028,0.001,0.132,109.269
1777837108.4915059,23,5,0.026,0.001,0.125,111.603
1777837109.5027535,23,25,0.166,0.002,0.404,111.389
1777837110.5160701,23,25,0.064,0.002,0.398,117.107
1777837111.5257158,23,25,0.161,0.005,0.885,115.391
1777837112.5284503,23,25,0.232,0.002,0.423,109.464
1777837113.5452983,23,25,0.072,0.002,0.389,117.143
1777837114.5460446,23,25,0.057,0.002,0.521,110.316
1777837115.5616758,23,25,0.064,0.002,0.397,112.369
1777837116.5727825,23,25,0.073,0.002,0.463,110.695
1777837117.586859,23,25,0.08,0.002,0.552,113.672
1777837118.5943456,23,25,0.083,0.002,0.56,110.863
1777837119.6011825,23,25,0.064,0.002,0.404,109.348
1777837120.6105382,23,25,0.145,0.002,0.416,108.712
1777837121.62982,23,25,0.064,0.002,0.491,112.062
1777837122.6430182,23,25,0.062,0.002,0.388,116.255
1777837123.6510952,23,25,0.059,0.002,0.404,113.575
1777837124.666525,23,25,0.076,0.002,0.408,112.102
1777837125.678388,23,25,0.06,0.002,0.503,112.827
1777837126.694166,23,25,0.153,0.003,0.417,112.855
1777837127.7120395,23,25,0.071,0.002,0.414,114.772
1777837128.7221885,23,25,0.061,0.002,0.547,111.67
1777837129.7313704,23,5,0.044,0.002,0.126,108.293
1777837130.7397156,23,5,0.027,0.001,0.126,108.569
1777837131.7524343,23,5,0.127,0.001,0.123,109.895
1777837132.7654579,23,5,0.027,0.002,0.222,115.907
1777837133.7691374,23,5,0.104,0.002,0.222,109.863
1777837134.7877204,23,25,0.056,0.002,0.402,115.0
1777837135.7965057,23,25,0.073,0.003,0.551,112.548
1777837136.8059604,23,25,0.062,0.002,0.401,115.315
1777837137.812653,23,25,0.069,0.002,0.413,110.108
1777837138.8282125,23,25,0.061,0.002,0.57,110.986
1777837139.8392007,23,25,0.059,0.002,0.643,111.004
1777837140.8508115,23,25,0.071,0.003,0.399,111.989
1777837141.868439,23,25,0.074,0.002,0.498,112.506
1777837142.8809843,23,25,0.068,0.002,0.418,115.956
1777837143.8896608,23,25,0.068,0.003,0.399,111.284
1777837144.9103086,23,25,0.058,0.002,0.526,113.295
1777837145.9251983,23,25,0.145,0.003,0.619,112.48
1777837146.9433262,23,25,0.076,0.002,0.428,117.052
1777837147.9494052,23,25,0.09,0.002,0.617,112.113
1777837148.9564447,23,25,0.067,0.002,0.547,109.93
1777837149.9682767,23,25,0.062,0.002,0.642,111.541
1777837150.9737866,23,25,0.066,0.003,0.444,107.536
1777837151.9920292,23,25,0.069,0.002,0.559,114.312
1777837153.011478,23,25,0.056,0.002,0.401,116.276
1777837154.0188944,23,25,0.06,0.002,0.416,112.14
1777837155.0307744,23,25,0.062,0.002,0.403,112.146
1777837156.043909,23,25,0.065,0.002,0.522,117.403
1777837157.0528467,23,25,0.07,0.002,0.504,112.041
1777837158.06329,23,25,0.068,0.002,0.628,111.927
1777837159.076238,23,25,0.069,0.002,0.546,112.2
1777837160.0907505,23,25,0.065,0.002,0.423,113.108
1777837161.098538,23,25,0.142,0.003,0.435,110.622
1777837162.1145077,23,25,0.067,0.002,0.521,112.086
1777837163.1245615,23,25,0.063,0.002,0.413,109.96
1777837164.131268,23,25,0.068,0.003,0.521,108.796
1777837165.146173,23,25,0.062,0.002,0.823,111.685
1777837166.1526027,23,25,0.204,0.002,0.501,110.44
1777837167.1701436,23,25,0.059,0.002,0.52,111.506
1777837168.1798928,23,25,0.072,0.002,0.495,111.704
1777837169.1963985,23,25,0.065,0.002,0.414,117.792
1777837170.2214913,23,25,0.052,0.002,0.387,130.382
1777837171.210123,23,25,0.062,0.002,0.515,108.89
1777837172.2190034,23,25,0.105,0.002,0.409,109.74
1777837173.2263541,23,25,0.099,0.002,0.529,109.198
1777837174.2456024,23,25,0.057,0.001,0.521,112.728
1777837175.2537682,23,5,0.042,0.001,0.121,108.466
1777837176.2620792,23,5,0.023,0.002,0.121,107.587
1777837177.278737,23,5,0.03,0.002,0.131,112.12
1777837178.29114,23,5,0.028,0.001,0.234,111.781
1777837179.3000977,23,5,0.026,0.001,0.139,109.607
1777837180.318703,23,25,0.109,0.002,0.432,112.39
1777837181.3249688,23,25,0.067,0.002,0.603,109.289
1777837182.3335104,23,25,0.06,0.002,0.631,109.997
1777837183.3491335,23,25,0.063,0.002,0.546,112.5
1777837184.366961,23,25,0.124,0.003,0.654,118.428
1777837185.378315,23,25,0.067,0.002,0.588,112.435
1777837186.389365,23,25,0.054,0.002,0.405,115.285
1777837187.3946867,23,25,0.078,0.002,0.43,112.416
1777837188.4068289,23,25,0.062,0.002,0.391,114.812
1777837189.4170702,23,25,0.061,0.002,0.405,117.033
1777837190.417564,23,25,0.061,0.002,0.412,108.997
1777837191.4272134,23,25,0.071,0.002,0.624,110.259
1777837192.4350996,23,25,0.06,0.002,0.399,110.25
1777837193.4463253,23,25,0.074,0.002,0.567,111.002
1777837194.4540415,23,25,0.082,0.003,0.491,110.477
1777837195.462725,23,25,0.067,0.002,0.412,109.376
1777837196.481212,23,25,0.067,0.002,0.661,112.483
1777837197.5137103,23,25,0.064,0.002,0.428,113.275
1777837198.5204058,23,25,0.129,0.003,0.428,110.279
1777837199.5302708,23,25,0.147,0.003,0.381,112.172
1777837200.5361376,23,5,0.052,0.002,0.139,108.501
1777837201.552044,23,5,0.031,0.002,0.128,115.682
1777837202.5537338,23,5,0.03,0.002,0.132,109.28
1777837203.587587,23,5,0.024,0.001,0.117,133.436
1777837204.5830083,23,5,0.045,0.002,0.142,116.046
1777837205.5851808,23,25,0.045,0.002,0.409,110.586
1777837206.5938988,23,25,0.064,0.002,0.403,110.052
1777837207.604837,23,25,0.063,0.002,0.432,111.436
1777837208.6245003,23,25,0.065,0.002,0.413,118.397
1777837209.6396663,23,25,0.085,0.002,0.499,118.598
1777837210.6440563,23,25,0.068,0.002,0.534,112.062
1777837211.6534538,23,25,0.129,0.002,0.533,110.979
1777837212.660869,23,25,0.061,0.002,0.396,111.029
1777837213.667247,23,25,0.061,0.001,0.511,110.011
1777837214.6845136,23,25,0.06,0.002,0.52,111.962
1777837215.693272,23,5,0.043,0.002,0.139,110.553
1777837216.7103899,23,5,0.026,0.001,0.19,109.656
1777837217.7268882,23,5,0.032,0.002,0.145,108.905
1777837218.738859,23,5,0.023,0.002,0.122,110.673
1777837219.7513864,23,25,0.055,0.002,0.399,111.958
1777837220.7636783,23,25,0.069,0.002,0.569,113.329
1777837221.7760549,23,25,0.066,0.002,0.409,111.62
1777837222.7829616,23,25,0.059,0.002,0.407,110.617
1777837223.7974274,23,25,0.059,0.002,0.412,116.824
1777837224.810571,23,25,0.062,0.002,0.525,113.324
1777837225.8162713,23,25,0.065,0.002,0.517,110.087
1777837226.8257957,23,25,0.058,0.002,0.435,108.414
1777837227.8392167,23,25,0.056,0.002,0.529,109.983
1777837228.8475146,23,25,0.06,0.002,0.398,108.247
1777837229.869057,23,25,0.065,0.002,0.403,112.528
1777837230.8887045,23,25,0.054,0.003,0.391,114.016
1777837231.8962286,23,25,0.073,0.002,0.531,111.991
1777837232.9228034,23,25,0.062,0.003,0.393,110.314
1777837233.9422092,23,25,0.069,0.002,0.607,114.412
1777837234.9454327,23,25,0.112,0.002,0.559,109.125
1777837235.9782453,23,25,0.076,0.002,0.441,112.213
1777837236.9906807,23,25,0.064,0.002,0.407,112.261
1777837238.0038128,23,25,0.079,0.002,0.41,111.752
1777837239.0162435,23,25,0.082,0.002,0.838,113.399
1777837240.02854,23,5,0.057,0.002,0.134,111.138
1777837241.03674,23,5,0.028,0.002,0.122,109.529
1777837242.0448565,23,5,0.029,0.002,0.127,108.429
1777837243.064303,23,5,0.03,0.001,0.124,118.156
1777837244.0640752,23,5,0.031,0.002,0.13,109.248
1777837245.0761795,23,25,0.047,0.002,0.535,110.422
1777837246.0888965,23,25,0.067,0.002,0.396,115.004
1777837247.0944626,23,25,0.106,0.004,0.737,109.235
1777837248.104766,23,25,0.061,0.002,0.547,109.993
1777837249.113742,23,25,0.067,0.003,0.41,109.215
1777837250.1263578,23,25,0.066,0.002,0.575,111.651
1777837251.1378167,23,25,0.066,0.002,0.398,112.117
1777837252.1497264,23,25,0.084,0.002,0.456,113.054
1777837253.1657798,23,25,0.074,0.002,0.418,112.565
1777837254.1773772,23,25,0.071,0.002,0.525,113.254
1777837255.1911473,23,25,0.071,0.002,0.611,110.683
1777837256.208193,23,25,0.073,0.002,0.41,110.144
1777837257.2460225,23,25,0.209,0.002,0.423,112.109
1777837258.257767,23,25,0.079,0.003,0.535,111.144
1777837259.263055,23,25,0.06,0.002,0.451,108.953
1777837260.2743208,23,25,0.078,0.002,0.507,110.916
1777837261.2911634,23,25,0.06,0.002,0.651,112.638
1777837262.3044677,23,25,0.062,0.002,0.52,117.248
1777837263.3217309,23,25,0.063,0.002,0.408,118.779
1777837264.335582,23,25,0.079,0.002,0.412,116.232
1777837265.3396606,23,25,0.067,0.002,0.412,109.775
1777837266.3523393,23,25,0.06,0.002,0.408,112.917
1777837267.3595939,23,25,0.062,0.002,0.395,110.832
1777837268.3748589,23,25,0.066,0.002,0.391,112.519
1777837269.383632,23,25,0.065,0.002,0.393,111.55
1777837270.3913848,23,25,0.073,0.002,0.55,110.967
1777837271.3992198,23,25,0.062,0.002,0.407,110.689
1777837272.4176533,23,25,0.057,0.002,0.391,112.067
1777837273.4334335,23,25,0.121,0.003,0.699,111.092
1777837274.4523978,23,25,0.092,0.002,0.599,113.885
1777837275.464694,23,5,0.19,0.004,0.151,116.459
1777837276.475996,23,5,0.03,0.002,0.129,109.978
1777837277.4856617,23,5,0.041,0.002,0.2,110.094
1777837278.4961872,23,5,0.03,0.002,0.128,110.131
1777837279.515883,23,5,0.025,0.002,0.115,122.71
1777837280.5117507,23,25,0.05,0.002,0.429,110.107
1777837281.529956,23,25,0.068,0.002,0.44,115.301
1777837282.5318809,23,25,0.065,0.002,0.507,110.686
1777837283.5447235,23,25,0.063,0.002,0.404,114.223
1777837284.5553882,23,25,0.068,0.001,0.408,115.242
1777837285.5671139,23,25,0.067,0.002,0.42,114.985
1777837286.5792763,23,25,0.062,0.002,0.425,111.998
1777837287.5955222,23,25,0.07,0.002,0.444,116.454
1777837288.5977807,23,25,0.064,0.002,0.413,110.353
1777837289.6092598,23,25,0.061,0.002,0.646,110.335
1777837290.6218593,23,5,0.05,0.001,0.371,109.325
1777837291.6325247,23,5,0.032,0.001,0.131,110.936
1777837292.6417515,23,5,0.029,0.002,0.126,110.524
1777837293.6615543,23,5,0.026,0.002,0.125,113.944
1777837294.6679645,23,5,0.036,0.002,0.121,111.748
1777837295.6793008,23,25,0.049,0.002,0.384,113.052
1777837296.686949,23,25,0.056,0.002,0.399,110.67
1777837297.6967063,23,25,0.06,0.002,0.399,111.757
1777837298.703058,23,25,0.059,0.002,0.53,108.397
1777837299.7223098,23,25,0.057,0.002,0.395,118.14
1777837300.7242856,23,25,0.058,0.002,0.491,113.045
1777837301.735778,23,25,0.059,0.002,0.536,109.666
1777837302.752721,23,25,0.077,0.002,0.442,110.899
1777837303.760232,23,25,0.073,0.002,0.437,109.943
1777837304.76936,23,25,0.073,0.002,0.508,110.442
1777837305.786385,23,25,0.068,0.002,0.406,115.2
1777837306.7988498,23,25,0.064,0.002,0.438,111.641
1777837307.8072352,23,25,0.062,0.002,0.53,109.478
1777837308.8516948,23,25,0.116,0.002,0.782,127.292
1777837309.8541577,23,25,0.076,0.002,0.416,113.145
1777837310.8830254,23,25,0.067,0.002,0.444,121.629
1777837311.8842854,23,25,0.067,0.002,0.545,111.745
1777837312.8997157,23,25,0.072,0.002,0.528,113.101
1777837313.9143085,23,25,0.07,0.002,0.813,112.437
1777837314.9240532,23,25,0.064,0.002,0.54,112.577
1777837315.933826,23,5,0.05,0.002,0.132,110.281
1777837316.941737,23,5,0.027,0.001,0.125,109.395
1777837317.9541647,23,5,0.024,0.001,0.223,109.998
1777837318.9607618,23,5,0.026,0.002,0.12,109.305
1777837319.9803207,23,5,0.032,0.001,0.123,111.321
1777837320.9927442,23,25,0.045,0.002,0.525,111.572
1777837322.0084574,23,25,0.064,0.002,0.567,112.067
1777837323.015722,23,25,0.065,0.002,0.442,111.11
1777837324.0582054,23,25,0.073,0.002,0.573,142.918
1777837325.035509,23,25,0.084,0.002,0.486,112.296
1777837326.0427673,23,25,0.073,0.002,0.417,111.202
1777837327.0718956,23,25,0.14,0.003,2.788,127.165
1777837328.0689192,23,25,0.064,0.002,0.416,112.148
1777837329.0758183,23,25,0.077,0.002,0.449,111.148
1777837330.1003041,23,25,0.051,0.002,0.4,117.495
1777837331.1006913,23,25,0.069,0.002,0.412,109.696
1777837332.1208458,23,25,0.061,0.002,0.424,112.388
1777837333.1329703,23,25,0.066,0.002,0.415,112.073
1777837334.1443722,23,25,0.064,0.002,0.535,112.17
1777837335.155429,23,25,0.068,0.002,0.407,111.689
1777837336.171408,23,25,0.196,0.002,0.665,112.144
1777837337.185646,23,25,0.061,0.002,0.414,111.509
1777837338.2008429,23,25,0.059,0.002,0.414,111.556
1777837339.212703,23,25,0.057,0.002,0.396,112.385
1777837340.2223053,23,25,0.064,0.002,0.575,111.14
1777837341.2278335,23,25,0.065,0.002,0.395,109.376
1777837342.2411888,23,25,0.079,0.003,0.694,111.455
1777837343.2566178,23,25,0.072,0.011,0.405,112.312
1777837344.270862,23,25,0.077,0.002,0.434,111.39
1777837345.2857556,23,25,0.061,0.002,0.405,111.135
1777837346.3183887,23,25,0.054,0.002,0.392,131.912
1777837347.310233,23,25,0.058,0.002,0.604,111.815
1777837348.3234704,23,25,0.061,0.002,0.567,111.76
1777837349.332366,23,25,0.128,0.003,0.672,111.376
1777837350.3502998,23,25,0.07,0.002,0.64,117.903
1777837351.3547115,23,25,0.083,0.002,0.461,112.18
1777837352.3742497,23,25,0.067,0.002,0.399,113.493
1777837353.3847857,23,25,0.068,0.002,0.44,111.744
1777837354.394434,23,25,0.066,0.002,0.632,111.556
1777837355.40095,23,25,0.101,0.002,0.431,108.153
1777837356.4113038,23,25,0.066,0.002,0.401,111.462
1777837357.4265041,23,25,0.066,0.002,0.401,114.428
1777837358.4324005,23,25,0.073,0.002,0.454,108.59
1777837359.4460752,23,25,0.08,0.002,0.429,114.158
1777837360.4630404,23,25,0.095,0.003,0.416,116.37
1777837361.4655185,23,25,0.071,0.002,0.413,110.574
1777837362.473032,23,25,0.068,0.002,0.441,110.842
1777837363.4853,23,25,0.059,0.002,0.407,112.126
1777837364.5060475,23,25,0.062,0.002,0.46,114.44
1777837365.5129945,23,25,0.066,0.002,0.409,108.719
1777837366.5318162,23,25,0.073,0.002,0.389,114.394
1777837367.541208,23,25,0.073,0.002,0.653,112.202
1777837368.5482783,23,25,0.064,0.002,0.399,110.57
1777837369.556936,23,25,0.062,0.002,0.443,107.57
1777837370.5690367,23,25,0.066,0.002,0.41,110.56
1777837371.5764136,23,25,0.07,0.002,0.606,109.794
1777837372.5860496,23,25,0.071,0.002,0.419,111.874
1777837373.6047664,23,25,0.065,0.002,0.406,113.203
1777837374.6181548,23,25,0.102,0.002,0.714,113.266
1777837375.6251364,23,25,0.062,0.002,0.597,110.55
1777837376.6349545,23,25,0.075,0.003,0.526,110.336
1777837377.6521146,23,25,0.079,0.002,0.442,111.731
1777837378.6623957,23,25,0.138,0.002,0.529,111.021
1777837379.6859465,23,25,0.055,0.002,0.417,115.563
1777837380.6915324,23,5,0.044,0.002,0.124,109.994
1777837381.7026308,23,5,0.027,0.002,0.124,109.602
1777837382.7156808,23,5,0.03,0.002,0.127,110.292
1777837383.7256103,23,5,0.027,0.001,0.123,110.311
1777837384.7325757,23,5,0.029,0.002,0.146,109.895
1777837385.7477353,23,25,0.051,0.002,0.435,113.222
1777837386.7554688,23,25,0.076,0.002,0.764,111.989
1777837387.7636352,23,25,0.067,0.002,0.507,111.824
1777837388.778588,23,25,0.062,0.002,0.609,112.246
1777837389.7935727,23,25,0.07,0.002,0.432,112.25
1777837390.8055341,23,25,0.184,0.002,0.427,111.101
1777837391.812215,23,25,0.059,0.002,0.519,109.561
1777837392.8276699,23,25,0.062,0.002,0.407,112.475
1777837393.8489535,23,25,0.069,0.002,0.4,118.449
1777837394.856024,23,25,0.075,0.002,0.407,113.591
1777837395.8775892,23,25,0.074,0.002,0.437,112.118
1777837396.8822794,23,25,0.072,0.002,0.555,108.745
1777837397.896301,23,25,0.068,0.002,0.659,112.743
1777837398.90816,23,25,0.064,0.003,0.708,109.891
1777837399.9178584,23,25,0.066,0.002,0.427,109.246
1777837400.9421194,23,25,0.075,0.002,0.407,119.644
1777837401.941687,23,25,0.105,0.002,0.424,108.956
1777837402.969163,23,25,0.063,0.002,0.392,129.05
1777837403.963136,23,25,0.134,0.003,0.601,110.409
1777837404.979735,23,25,0.078,0.141,0.431,118.467
1777837405.9842954,23,5,0.049,0.002,0.127,110.601
1777837406.9920855,23,5,0.031,0.002,0.139,109.283
1777837408.00315,23,5,0.027,0.002,0.499,110.665
1777837409.0122373,23,5,0.025,0.001,0.12,109.084
1777837410.027292,23,5,0.026,0.001,0.207,116.42
1777837411.031835,23,25,0.054,0.002,0.459,111.925
1777837412.0503855,23,25,0.082,0.002,0.563,113.311
1777837413.0615451,23,25,0.187,0.002,0.434,112.145
1777837414.092202,23,25,0.1,0.003,0.416,133.585
1777837415.0791693,23,25,0.074,0.002,0.558,110.445
1777837416.0961607,23,25,0.063,0.002,0.52,112.37
1777837417.105457,23,25,0.07,0.002,0.672,110.66
1777837418.125035,23,25,0.064,0.002,0.414,111.911
1777837419.1362963,23,25,0.074,0.002,0.443,110.679
1777837420.1500816,23,25,0.064,0.002,0.542,112.24
1777837421.1635206,23,5,0.054,0.002,0.125,111.748
1777837422.169987,23,5,0.025,0.001,0.124,107.742
1777837423.1846564,23,5,0.026,0.001,0.204,110.698
1777837424.2006721,23,5,0.026,0.001,0.122,111.512
1777837425.2150013,23,5,0.024,0.002,0.126,115.657
1777837426.223124,23,25,0.063,0.002,0.476,111.937
1777837427.239649,23,25,0.067,0.002,0.414,112.34
1777837428.2498043,23,25,0.065,0.002,0.401,112.101
1777837429.2690113,23,25,0.068,0.002,0.425,116.316
1777837430.2840083,23,25,0.07,0.002,0.355,121.275
1777837431.28895,23,25,0.064,0.002,0.503,111.296
1777837432.3038554,23,25,0.061,0.002,0.426,109.474
1777837433.316164,23,25,0.062,0.002,0.643,111.277
1777837434.3334835,23,25,0.072,0.002,0.561,118.104
1777837435.3397205,23,25,0.08,0.002,0.553,108.797
1777837436.3576236,23,25,0.063,0.002,0.404,112.194
1777837437.3645582,23,25,0.057,0.001,0.628,110.533
1777837438.382591,23,25,0.063,0.002,0.55,110.879
1777837439.392761,23,25,0.061,0.002,0.408,110.998
1777837440.4131339,23,25,0.067,0.002,0.42,116.934
1777837441.4320445,23,25,0.056,0.002,0.414,127.259
1777837442.429819,23,25,0.068,0.002,0.393,117.407
1777837443.4400773,23,25,0.062,0.002,0.602,118.239
1777837444.4502933,23,25,0.114,0.003,0.555,112.624
1777837445.4568162,23,5,0.052,0.002,0.126,110.137
1777837446.4931657,23,5,0.028,0.002,0.262,109.015
1777837447.506505,23,5,0.026,0.002,0.124,110.21
1777837448.5180838,23,5,0.026,0.002,0.126,110.308
1777837449.5293257,23,5,0.026,0.002,0.124,110.669
1777837450.534355,23,25,0.048,0.002,0.418,107.093
1777837451.5468376,23,25,0.055,0.002,0.436,110.445
1777837452.5835176,23,25,0.066,0.002,0.434,133.853
1777837453.5712533,23,25,0.171,0.002,0.614,110.509
1777837454.5848532,23,25,0.071,0.002,0.521,116.656
1777837455.5883908,23,25,0.063,0.001,0.602,109.736
1777837456.6040626,23,25,0.07,0.002,0.515,117.659
1777837457.6056817,23,25,0.068,0.002,0.611,111.073
1777837458.6140308,23,25,0.067,0.002,0.421,110.358
1777837459.6264052,23,25,0.231,0.002,0.515,110.84
1777837460.6332161,23,5,0.045,0.002,0.225,109.392
1777837461.6444001,23,5,0.129,0.002,0.125,110.739
1777837462.6554694,23,5,0.027,0.002,0.126,111.819
1777837463.6699216,23,5,0.031,0.002,0.127,113.267
1777837464.6769993,23,5,0.029,0.002,0.215,109.279
1777837465.6894963,23,25,0.058,0.002,0.552,110.579
1777837466.6981568,23,25,0.063,0.002,0.515,110.195
1777837467.7123702,23,25,0.07,0.002,0.531,112.864
1777837468.7411318,23,25,0.114,0.002,0.411,133.69
1777837469.7279398,23,25,0.062,0.002,0.529,109.536
1777837470.7387307,23,25,0.057,0.002,0.419,110.204
1777837471.7527254,23,25,0.057,0.002,0.389,111.517
1777837472.7642114,23,25,0.061,0.002,0.657,111.104
1777837473.771202,23,25,0.058,0.002,0.617,109.597
1777837474.7871866,23,25,0.06,0.002,0.547,113.403
1777837475.8003714,23,25,0.061,0.002,0.386,116.154
1777837476.7995768,23,25,0.058,0.002,0.406,108.302
1777837477.8111703,23,25,0.054,0.001,0.51,110.271
1777837478.8171382,23,25,0.057,0.002,0.513,108.159
1777837479.831438,23,25,0.069,0.002,0.679,111.068
1777837480.8375928,23,25,0.066,0.002,0.551,109.125
1777837481.8466291,23,25,0.208,0.002,0.44,110.793
1777837482.8550787,23,25,0.064,0.002,0.503,109.819
1777837483.8647974,23,25,0.098,0.002,0.524,109.653
1777837484.8826518,23,25,0.075,0.002,0.413,112.207
1777837485.9113035,23,21,0.063,0.002,0.486,111.065
1777837486.922003,23,21,0.058,0.002,0.353,108.696
1777837487.9316802,23,21,0.053,0.002,0.391,108.213
1777837488.946239,23,21,0.049,0.001,0.476,111.932
1777837489.9547935,23,21,0.059,0.002,0.355,108.837
1777837490.9753313,23,25,0.073,0.002,0.432,113.476
1777837491.9802155,23,25,0.117,0.002,0.567,109.44
1777837493.000547,23,25,0.072,0.002,0.626,111.627
1777837494.0121868,23,25,0.064,0.002,0.442,109.859
1777837495.024305,23,25,0.06,0.002,0.392,113.948
1777837496.030195,23,9,0.055,0.002,0.293,110.612
1777837497.0453396,23,9,0.039,0.002,0.186,117.9
1777837498.069695,23,9,0.031,0.002,0.176,133.741
1777837499.0613194,23,9,0.035,0.001,0.176,115.226
1777837500.0627873,23,9,0.037,0.001,0.189,108.378
1777837501.0794468,23,25,0.055,0.002,0.542,111.76
1777837502.0892603,23,25,0.068,0.003,0.616,111.522
1777837503.1000216,23,25,0.068,0.002,0.617,111.261
1777837504.1153467,23,25,0.067,0.002,0.515,112.533
1777837505.1251528,23,25,0.067,0.002,0.62,111.9
1777837506.1366503,23,25,0.069,0.002,0.404,113.516
1777837507.150128,23,25,0.062,0.001,0.718,111.447
1777837508.1660113,23,25,0.114,0.003,0.838,115.185
1777837509.17208,23,25,0.063,0.002,0.54,111.168
1777837510.179688,23,25,0.077,0.003,0.461,110.069
1777837511.1984484,23,5,0.049,0.002,0.123,112.743
1777837512.2091458,23,5,0.032,0.001,0.127,114.627
1777837513.2177389,23,5,0.028,0.002,0.141,112.088
1777837514.2362638,23,5,0.024,0.001,0.118,113.012
1777837515.248935,23,5,0.03,0.001,0.141,111.557
1777837516.2708194,23,25,0.069,0.002,0.717,121.509
1777837517.2809706,23,25,0.149,0.002,0.41,114.166
1777837518.2908614,23,25,0.065,0.002,0.392,111.761
1777837519.2974422,23,25,0.062,0.002,0.414,109.694
1777837520.309539,23,25,0.142,0.002,0.491,111.763
1777837521.3213794,23,25,0.064,0.002,0.542,112.188
1777837522.3312294,23,25,0.067,0.002,0.614,112.086
1777837523.3473938,23,25,0.057,0.002,0.5,116.817
1777837524.3533561,23,25,0.055,0.002,0.529,111.139
1777837525.3657444,23,25,0.062,0.002,0.438,111.561
1777837526.3720925,23,5,0.163,0.002,0.128,110.175
1777837527.388448,23,5,0.026,0.001,0.122,110.458
1777837528.406251,23,5,0.114,0.002,0.131,111.967
1777837529.4138157,23,5,0.024,0.002,0.124,109.646
1777837530.4232132,23,5,0.027,0.001,0.132,108.021
1777837531.4516747,23,25,0.04,0.002,0.384,128.182
1777837532.4437988,23,25,0.073,0.002,0.522,110.938
1777837533.4562702,23,25,0.083,0.003,0.536,112.435
1777837534.4622178,23,25,0.084,0.003,0.704,110.507
1777837535.480694,23,25,0.066,0.002,0.427,112.756
1777837536.4967887,23,25,0.066,0.002,0.388,111.855
1777837537.5076036,23,25,0.067,0.002,0.4,114.663
1777837538.5210512,23,25,0.064,0.002,0.651,111.449
1777837539.535829,23,25,0.066,0.003,0.44,110.013
1777837540.5537229,23,25,0.079,0.002,0.396,112.199
1777837541.5685363,23,25,0.062,0.002,0.397,117.232
1777837542.5715525,23,25,0.145,0.002,0.413,111.144
1777837543.5780904,23,25,0.064,0.002,0.65,108.451
1777837544.5913868,23,25,0.08,0.002,0.537,113.279
1777837545.6000533,23,25,0.068,0.003,0.515,110.573
1777837546.614541,23,25,0.135,0.003,0.44,111.734
1777837547.6232085,23,25,0.057,0.002,0.41,109.038
1777837548.6411738,23,25,0.062,0.002,0.525,112.504
1777837549.6467147,23,25,0.062,0.002,0.404,110.33
1777837550.656758,23,25,0.079,0.002,0.493,111.239
1777837551.6630402,23,25,0.061,0.002,0.706,109.57
1777837552.6703904,23,25,0.069,0.002,0.504,108.059
1777837553.6792862,23,25,0.06,0.002,0.524,108.496
1777837554.7116702,23,25,0.057,0.002,0.442,110.992
1777837555.723205,23,25,0.066,0.002,0.552,112.141
1777837556.7347686,23,25,0.057,0.002,0.414,111.342
1777837557.7406056,23,25,0.062,0.002,0.427,107.634
1777837558.7616813,23,25,0.072,0.002,0.411,111.221
1777837559.7678587,23,25,0.065,0.002,0.406,108.649
1777837560.7850518,23,5,0.057,0.002,0.13,111.965
1777837561.7967823,23,5,0.03,0.002,0.129,108.262
1777837562.804475,23,5,0.031,0.002,0.127,108.328
1777837563.8160493,23,5,0.028,0.002,0.212,110.183
1777837564.8283355,23,5,0.029,0.001,0.125,110.94
1777837565.8370304,23,25,0.043,0.002,0.599,111.616
1777837566.8497458,23,25,0.064,0.002,0.418,112.954
1777837567.8572032,23,25,0.066,0.002,0.53,111.289
1777837568.8770945,23,25,0.068,0.002,0.406,112.538
1777837569.8874567,23,25,0.076,0.002,0.446,112.103
1777837570.8995225,23,25,0.076,0.002,0.426,112.809
1777837571.9131107,23,25,0.068,0.002,0.65,116.038
1777837572.9207907,23,25,0.078,0.002,0.395,112.533
1777837573.9297206,23,25,0.062,0.002,0.413,111.183
1777837574.9470935,23,25,0.062,0.002,0.41,118.58
1777837575.950878,23,5,0.045,0.002,0.122,111.564
1777837576.961637,23,5,0.025,0.002,0.122,112.042
1777837577.9738336,23,5,0.027,0.002,0.125,111.857
1777837578.9885206,23,5,0.025,0.002,0.12,118.605
1777837579.9932559,23,5,0.028,0.001,0.124,112.71
1777837581.00152,23,25,0.129,0.002,0.411,110.937
1777837582.0121813,23,25,0.132,0.002,0.54,111.969
1777837583.0195756,23,25,0.064,0.002,0.415,109.067
1777837584.0305498,23,25,0.062,0.002,0.507,109.771
1777837585.0400562,23,25,0.06,0.002,0.621,110.785
1777837586.0496552,23,25,0.058,0.002,0.404,110.226
1777837587.0661395,23,25,0.059,0.002,0.59,111.754
1777837588.0839877,23,25,0.075,0.002,0.43,112.371
1777837589.098876,23,25,0.068,0.002,0.403,118.048
1777837590.1016324,23,25,0.062,0.003,0.418,110.348
1777837591.1113636,23,5,0.049,0.002,0.127,109.526
1777837592.1233764,23,5,0.029,0.002,0.262,110.11
1777837593.1426651,23,5,0.031,0.002,0.131,111.953
1777837594.1504772,23,5,0.023,0.002,0.121,111.252
1777837595.1617465,23,5,0.026,0.001,0.123,111.398
1777837596.1675057,23,25,0.044,0.001,0.539,108.243
1777837597.185326,23,25,0.108,0.003,0.921,114.479
1777837598.195356,23,25,0.063,0.002,0.715,113.023
1777837599.1983037,23,25,0.061,0.003,0.413,107.931
1777837600.2167435,23,25,0.061,0.002,0.399,111.5
1777837601.2285717,23,25,0.066,0.002,0.409,112.011
1777837602.2429001,23,25,0.09,0.002,0.395,116.492
1777837603.2477674,23,25,0.063,0.002,0.415,109.229
1777837604.2633855,23,25,0.061,0.002,0.555,111.131
1777837605.2764053,23,25,0.058,0.01,0.399,116.117
1777837606.2808557,23,5,0.044,0.002,0.123,109.553
1777837607.2984684,23,5,0.035,0.002,0.123,109.147
1777837608.311141,23,5,0.026,0.002,0.245,110.382
1777837609.3223953,23,5,0.036,0.002,0.233,113.485
1777837610.3274405,23,5,0.031,0.002,0.129,109.923
1777837611.341891,23,25,0.044,0.002,0.382,116.788
1777837612.3447561,23,25,0.064,0.001,0.398,109.828
1777837613.3592708,23,25,0.067,0.002,0.571,112.478
1777837614.3762643,23,25,0.062,0.001,0.423,111.882
1777837615.388796,23,25,0.063,0.002,0.407,112.94
1777837616.4067953,23,25,0.083,0.002,0.412,112.365
1777837617.4171083,23,25,0.066,0.002,0.577,112.459
1777837618.429819,23,25,0.067,0.002,0.417,116.978
1777837619.4359863,23,25,0.072,0.002,0.412,112.104
1777837620.4477894,23,25,0.069,0.002,0.414,112.684
1777837621.4657586,23,5,0.047,0.002,0.228,121.931
1777837622.4614964,23,5,0.107,0.002,0.134,108.341
1777837623.4742339,23,5,0.032,0.002,0.133,108.95
1777837624.4839952,23,5,0.032,0.002,0.127,108.562
1777837625.4962537,23,5,0.03,0.002,0.125,110.636
1777837626.5017567,23,25,0.048,0.002,0.448,108.934
1777837627.5193174,23,25,0.062,0.002,0.396,118.773
1777837628.5224848,23,25,0.064,0.002,0.5,111.152
1777837629.5388322,23,25,0.061,0.002,0.405,111.677
1777837630.5506651,23,25,0.06,0.002,0.408,113.894
1777837631.5594742,23,25,0.057,0.002,0.499,113.886
1777837632.56784,23,25,0.155,0.002,0.545,111.541
1777837633.5855927,23,25,0.068,0.002,0.421,111.978
1777837634.600821,23,25,0.074,0.002,0.406,115.473
1777837635.6073632,23,25,0.076,0.002,0.551,112.6
1777837636.6111522,23,5,0.054,0.002,0.282,108.544
1777837637.6286306,23,5,0.028,0.002,0.117,112.893
1777837638.6349971,23,5,0.028,0.001,0.251,109.316
1777837639.6455793,23,5,0.028,0.002,0.135,109.031
1777837640.6614883,23,5,0.031,0.001,0.124,117.855
1777837641.6666543,23,25,0.048,0.002,0.406,112.02
1777837642.6792989,23,25,0.067,0.002,0.664,111.471
1777837643.7027266,23,25,0.054,0.002,0.395,125.276
1777837644.704792,23,25,0.059,0.002,0.54,110.554
1777837645.7233512,23,25,0.062,0.002,0.572,111.962
1777837646.7409122,23,25,0.059,0.002,0.408,111.684
1777837647.7475154,23,25,0.062,0.002,0.523,110.036
1777837648.7574224,23,25,0.061,0.002,0.536,110.802
1777837649.784908,23,25,0.144,0.002,0.422,130.514
1777837650.7795231,23,25,0.058,0.002,0.397,116.719
1777837651.782542,23,5,0.046,0.002,0.125,109.846
1777837652.7958775,23,5,0.031,0.002,0.131,108.786
1777837653.8095715,23,5,0.03,0.001,0.122,114.788
1777837654.8211508,23,5,0.028,0.001,0.227,113.274
1777837655.8285232,23,5,0.024,0.001,0.12,109.126
1777837656.840833,23,25,0.046,0.002,0.398,110.636
1777837657.8499205,23,25,0.09,0.002,0.435,108.613
1777837658.8668325,23,25,0.058,0.001,0.515,111.836
1777837659.8776133,23,25,0.06,0.002,0.426,111.041
1777837660.8853338,23,25,0.063,0.002,0.556,109.993
1777837661.902728,23,25,0.067,0.002,0.438,112.169
1777837662.9121628,23,25,0.062,0.002,0.618,110.393
1777837663.9277887,23,25,0.072,0.002,0.41,118.023
1777837664.9345284,23,25,0.062,0.002,0.526,112.609
1777837665.9457586,23,25,0.062,0.002,0.405,110.603
1777837666.974356,23,25,0.056,0.002,0.448,131.548
1777837667.9669447,23,25,0.059,0.003,0.401,114.57
1777837668.9748852,23,25,0.064,0.002,0.41,109.874
1777837669.985249,23,25,0.062,0.002,0.405,108.716
1777837671.0035877,23,25,0.085,0.002,0.415,111.893
1777837672.011928,23,25,0.06,0.002,0.409,108.35
1777837673.0309033,23,25,0.066,0.002,0.413,112.134
1777837674.0448713,23,25,0.069,0.002,0.528,117.24
1777837675.0557663,23,25,0.058,0.002,0.4,111.193
1777837676.0689325,23,13,0.067,0.002,0.248,111.475
1777837677.074219,23,25,0.057,0.002,0.445,108.383
1777837678.0929754,23,25,0.065,0.002,0.411,117.921
1777837679.098661,23,25,0.069,0.002,0.423,112.085
1777837680.1106358,23,25,0.077,0.002,0.414,112.066
1777837681.125129,23,25,0.067,0.002,0.535,112.915
1777837682.1386037,23,25,0.074,0.002,0.418,112.175
1777837683.141686,23,25,0.072,0.003,0.412,107.65
1777837684.1633244,23,25,0.061,0.002,0.605,111.455
1777837685.1725008,23,25,0.057,0.002,0.521,110.818
1777837686.1874192,23,5,0.046,0.002,0.225,113.057
1777837687.1949053,23,5,0.027,0.001,0.118,112.451
1777837688.2086513,23,5,0.031,0.002,0.13,112.806
1777837689.2183373,23,5,0.031,0.001,0.338,109.527
1777837690.2334852,23,5,0.024,0.001,0.123,112.061
1777837691.2443643,23,25,0.046,0.002,0.52,111.656
1777837692.250322,23,25,0.062,0.002,0.404,108.599
1777837693.2621164,23,25,0.062,0.002,0.512,110.784
1777837694.2707798,23,25,0.06,0.002,0.413,109.359
1777837695.2843258,23,25,0.061,0.002,0.67,112.266
1777837696.318906,23,25,0.055,0.002,0.394,116.08
1777837697.3213654,23,25,0.061,0.002,0.645,109.776
1777837698.336648,23,25,0.062,0.002,0.517,111.284
1777837699.3452606,23,25,0.141,0.002,0.612,110.499
1777837700.3597472,23,25,0.057,0.002,0.404,109.947
1777837701.3706496,23,5,0.045,0.001,0.205,110.427
1777837702.4089158,23,5,0.038,0.002,0.134,133.837
1777837703.394192,23,5,0.032,0.002,0.137,109.883
1777837704.4072094,23,5,0.028,0.001,0.127,110.582
1777837705.4119375,23,5,0.028,0.002,0.129,108.112
1777837706.4263058,23,25,0.121,0.002,0.562,111.161
1777837707.4422808,23,25,0.094,0.003,0.437,113.347
1777837708.4568796,23,25,0.063,0.002,0.4,111.667
1777837709.4616284,23,25,0.06,0.002,0.577,108.814
1777837710.4759665,23,25,0.066,0.002,0.42,111.504
1777837711.4816637,23,25,0.074,0.003,0.459,109.092
1777837712.4956405,23,25,0.068,0.002,0.437,111.23
1777837713.5062602,23,25,0.068,0.002,0.606,112.419
1777837714.5158849,23,25,0.067,0.001,0.5,111.057
1777837715.5303488,23,25,0.129,0.003,0.582,111.336
1777837716.538658,23,25,0.067,0.002,0.579,110.159
1777837717.5516362,23,25,0.063,0.002,0.52,111.985
1777837718.557643,23,25,0.06,0.002,0.405,108.778
1777837719.5667043,23,25,0.064,0.002,0.517,110.815
1777837720.5754368,23,25,0.068,0.002,0.528,110.09
1777837721.587048,23,25,0.128,0.002,0.425,111.566
1777837722.6046448,23,25,0.073,0.002,0.432,111.828
1777837723.619583,23,25,0.172,0.003,0.561,111.153
1777837724.631158,23,25,0.083,0.002,0.546,111.552
1777837725.6451225,23,25,0.066,0.011,0.402,111.032
1777837726.6564682,23,25,0.069,0.002,0.611,111.215
1777837727.6681702,23,25,0.064,0.002,0.653,111.763
1777837728.6776452,23,25,0.172,0.002,0.524,110.327
1777837729.690853,23,25,0.067,0.002,0.411,112.406
1777837730.7165942,23,25,0.072,0.002,0.409,112.641
1777837731.7201312,23,25,0.112,0.003,0.416,109.177
1777837732.7318068,23,25,0.061,0.002,0.571,108.71
1777837733.7407143,23,25,0.062,0.002,0.524,108.954
1777837734.7575295,23,25,0.062,0.002,0.43,110.966
1777837735.768925,23,25,0.062,0.002,0.591,110.995
1777837736.7767076,23,5,0.041,0.002,0.125,111.021
1777837737.793592,23,5,0.025,0.001,0.119,116.762
1777837738.7985556,23,5,0.028,0.002,0.123,110.133
1777837739.8068454,23,5,0.03,0.002,0.131,110.176
1777837740.8225763,23,5,0.033,0.002,0.145,112.455
1777837741.8313348,23,25,0.052,0.002,0.65,110.299
1777837742.8447428,23,25,0.067,0.002,0.403,114.147
1777837743.855827,23,25,0.061,0.002,0.504,110.99
1777837744.8657331,23,25,0.06,0.002,0.412,110.192
1777837745.892518,23,25,0.088,0.002,0.459,113.7
1777837746.8993542,23,25,0.065,0.002,0.563,108.882
1777837747.9239926,23,25,0.082,0.002,0.444,111.311
1777837748.929302,23,25,0.109,0.002,0.408,109.287
1777837749.949623,23,25,0.078,0.002,0.541,117.458
1777837750.9819767,23,25,0.053,0.002,0.433,135.124
1777837751.9784627,23,25,0.166,0.003,0.656,117.014
1777837752.9864302,23,25,0.068,0.002,0.554,112.128
1777837753.9954472,23,25,0.131,0.003,0.409,110.632
1777837755.0100393,23,25,0.062,0.002,0.62,110.347
1777837756.032368,23,25,0.061,0.002,0.524,124.17
1777837757.034275,23,25,0.071,0.002,0.53,114.476
1777837758.0376625,23,25,0.071,0.002,0.429,109.463
1777837759.053426,23,25,0.066,0.002,0.525,112.64
1777837760.0637522,23,25,0.132,0.003,0.436,111.178
1777837761.082819,23,25,0.068,0.002,0.413,112.533
1777837762.0961325,23,25,0.066,0.002,0.418,113.719
1777837763.1105974,23,25,0.218,0.003,0.439,114.364
1777837764.1363783,23,25,0.224,0.002,0.594,116.48
1777837765.142404,23,25,0.079,0.002,0.643,112.292
1777837766.1525772,23,25,0.064,0.002,0.516,111.103
1777837767.1635432,23,25,0.064,0.002,0.601,111.311
1777837768.175352,23,25,0.069,0.002,0.404,115.438
1777837769.187836,23,25,0.062,0.002,0.408,111.952
1777837770.1962483,23,25,0.07,0.002,0.635,111.1
1777837771.2188513,23,25,0.245,0.004,0.721,122.19
1777837772.2169027,23,5,0.059,0.002,0.14,108.634
1777837773.2325194,23,5,0.03,0.002,0.131,112.012
1777837774.2422256,23,5,0.029,0.002,0.268,111.527
1777837775.260353,23,5,0.122,0.002,0.135,114.266
1777837776.270976,23,5,0.029,0.002,0.125,113.511
1777837777.278376,23,25,0.054,0.002,0.599,110.466
1777837778.2969334,23,25,0.065,0.002,0.403,116.385
1777837779.2981596,23,25,0.065,0.002,0.406,109.665
1777837780.3124132,23,25,0.091,0.002,0.433,113.333
1777837781.338704,23,25,0.069,0.001,0.508,122.152
1777837782.3443046,23,25,0.077,0.002,0.532,112.032
1777837783.3583953,23,25,0.074,0.002,0.567,112.203
1777837784.3664162,23,25,0.08,0.003,0.516,111.947
1777837785.3752456,23,25,0.149,0.002,0.425,109.896
1777837786.4089239,23,25,0.063,0.002,0.391,114.504
1777837787.41975,23,25,0.082,0.003,0.41,112.559
1777837788.4313855,23,25,0.06,0.002,0.53,110.46
1777837789.4427607,23,25,0.128,0.002,0.414,111.263
1777837790.4507487,23,25,0.062,0.002,0.586,111.068
1777837791.477013,23,25,0.167,0.004,0.537,113.019
1777837792.4902909,23,25,0.08,0.002,0.628,114.748
1777837793.508778,23,25,0.097,0.003,0.512,120.973
1777837794.5086958,23,25,0.077,0.002,0.509,111.148
1777837795.5274806,23,25,0.079,0.002,0.394,114.929
1777837796.5585158,23,5,0.055,0.002,0.127,113.602
1777837797.574679,23,5,0.028,0.001,0.124,111.998
1777837798.58214,23,5,0.17,0.003,0.141,110.884
1777837799.5983403,23,5,0.037,0.002,0.247,112.834
1777837800.6121454,23,5,0.176,0.003,0.15,116.484
1777837801.61974,23,25,0.085,0.003,0.58,113.026
1777837802.6268823,23,25,0.072,0.002,0.407,109.606
1777837803.6421473,23,25,0.086,0.003,0.568,110.882
1777837804.6564004,23,25,0.068,0.002,0.439,111.371
1777837805.6695607,23,25,0.094,0.003,0.9,112.881
1777837806.6933532,23,25,0.055,0.002,0.397,125.111
1777837807.6927412,23,25,0.066,0.002,0.405,111.984
1777837808.709732,23,25,0.112,0.003,1.107,112.097
1777837809.7303293,23,25,0.093,0.003,0.457,117.078
1777837810.7750573,23,25,0.062,0.002,0.572,149.154
1777837811.7542062,23,25,0.099,0.003,0.44,117.276
1777837812.7533503,23,25,0.069,0.002,0.444,109.073
1777837813.7750456,23,25,0.079,0.002,0.631,114.769
1777837814.780567,23,25,0.068,0.002,0.511,111.989
1777837815.7857473,23,25,0.072,0.002,0.435,109.25
1777837816.801423,23,25,0.074,0.002,0.394,117.255
1777837817.8033013,23,25,0.06,0.002,0.461,109.944
1777837818.811088,23,25,0.079,0.003,0.43,109.441
1777837819.8270104,23,25,0.083,0.002,0.598,111.682
1777837820.8385758,23,25,0.225,0.003,0.525,112.892
1777837821.85055,23,5,0.057,0.002,0.361,113.269
1777837822.8559375,23,5,0.031,0.002,0.128,110.201
1777837823.8757944,23,5,0.031,0.001,0.127,116.744
1777837824.8945878,23,5,0.031,0.002,0.135,118.264
1777837825.9242818,23,5,0.027,0.001,0.121,137.623
1777837826.9143517,23,25,0.051,0.003,0.398,112.853
1777837827.9205453,23,25,0.073,0.002,0.409,110.813
1777837828.9335337,23,25,0.066,0.002,0.431,111.867
1777837829.9449816,23,25,0.063,0.002,0.517,110.245
1777837830.969985,23,25,0.065,0.002,0.446,111.427
1777837831.9792335,23,25,0.062,0.001,0.548,111.102
1777837832.9884183,23,25,0.069,0.002,0.612,109.613
1777837834.0019543,23,25,0.155,0.002,0.417,112.751
1777837835.0115662,23,25,0.064,0.002,0.538,111.048
1777837836.021719,23,25,0.182,0.002,0.412,110.638
1777837837.0394235,23,5,0.039,0.002,0.113,114.504
1777837838.0480292,23,5,0.036,0.002,0.136,112.591
1777837839.0657403,23,5,0.035,0.001,0.244,113.379
1777837840.0843732,23,5,0.039,0.002,0.13,115.824
1777837841.0842836,23,5,0.027,0.001,0.127,108.198
1777837842.095431,23,25,0.047,0.136,0.459,110.727
1777837843.113169,23,25,0.107,0.003,0.855,116.678
1777837844.1193805,23,25,0.072,0.002,0.411,111.598
1777837845.1258976,23,25,0.07,0.002,0.408,109.611
1777837846.1488664,23,25,0.071,0.002,0.417,116.528
1777837847.1493664,23,25,0.059,0.002,0.52,108.509
1777837848.1649525,23,25,0.178,0.002,0.512,111.37
1777837849.1797633,23,25,0.062,0.002,0.44,111.37
1777837850.1952794,23,25,0.063,0.002,0.654,113.427
1777837851.228301,23,25,0.064,0.002,0.405,112.496
1777837852.233993,23,25,0.068,0.002,0.439,110.297
1777837853.244735,23,25,0.065,0.002,0.536,110.475
1777837854.2542028,23,25,0.066,0.002,0.573,110.001
1777837855.2630286,23,25,0.065,0.002,0.631,109.357
1777837856.3179944,23,25,0.077,0.003,0.435,114.024
1777837857.3223283,23,25,0.061,0.002,0.525,109.481
1777837858.3454535,23,25,0.22,0.003,0.43,114.527
1777837859.3528254,23,25,0.086,0.002,0.446,113.806
1777837860.3605917,23,25,0.169,0.003,0.477,110.12
1777837861.3814178,23,25,0.274,0.003,1.195,118.98
1777837862.3904366,23,25,0.069,0.002,0.447,116.164
1777837863.399647,23,25,0.102,0.002,0.571,112.605
1777837864.4125428,23,25,0.168,0.003,0.521,112.309
1777837865.4172983,23,25,0.062,0.002,0.419,108.954
1777837866.4354436,23,25,0.075,0.002,0.409,112.523
1777837867.4452193,23,25,0.077,0.002,0.414,112.01
1777837868.456414,23,25,0.066,0.002,0.563,113.152
1777837869.4660838,23,25,0.071,0.002,0.535,112.168
1777837870.4880364,23,25,0.076,0.003,0.551,112.079
1777837871.5014796,23,25,0.075,0.002,0.525,115.377
1777837872.5090213,23,25,0.066,0.002,0.399,111.266
1777837873.517543,23,25,0.07,0.002,0.421,112.788
1777837874.5307724,23,25,0.067,0.002,0.433,113.985
1777837875.5442739,23,25,0.081,0.002,0.5,112.814
1777837876.5766091,23,25,0.156,0.003,0.422,135.15
1777837877.5599556,23,25,0.068,0.002,0.525,110.354
1777837878.5723212,23,25,0.139,0.003,0.41,111.602
1777837879.5852997,23,25,0.065,0.002,0.561,112.716
1777837880.6007352,23,25,0.067,0.002,0.407,111.935
1777837881.6404643,23,25,0.056,0.002,0.39,135.087
1777837882.6230783,23,5,0.045,0.001,0.244,109.282
1777837883.6427553,23,5,0.031,0.002,0.124,111.318
1777837884.6575038,23,5,0.03,0.001,0.125,115.597
1777837885.6956577,23,5,0.028,0.001,0.124,138.563
1777837886.6783636,23,5,0.04,0.002,0.143,108.61
1777837887.6935196,23,25,0.165,0.002,0.791,113.904
1777837888.7053444,23,25,0.078,0.002,0.422,113.983
1777837889.7358549,23,25,0.063,0.002,0.399,134.466
1777837890.7413788,23,25,0.075,0.002,0.489,121.512
1777837891.751266,23,25,0.069,0.002,0.407,114.988
1777837892.7660542,23,25,0.068,0.002,0.528,111.721
1777837893.7763014,23,25,0.067,0.002,0.634,112.656
1777837894.788269,23,25,0.069,0.002,0.688,112.604
1777837895.7956474,23,25,0.078,0.002,0.418,111.614
1777837896.8112588,23,25,0.067,0.002,0.405,113.783
1777837897.818082,23,5,0.134,0.002,0.324,113.011
1777837898.835591,23,5,0.027,0.002,0.121,114.958
1777837899.8431416,23,5,0.029,0.002,0.231,111.497
1777837900.8634703,23,5,0.029,0.002,0.13,111.014
1777837901.878246,23,25,0.057,0.002,1.334,111.867
1777837902.8832793,23,25,0.062,0.002,0.419,109.329
1777837903.9002607,23,25,0.187,0.003,0.501,113.295
1777837904.9116244,23,25,0.111,0.003,0.916,114.453
1777837905.9280553,23,25,0.08,0.002,0.646,115.741
1777837906.9386408,23,25,0.087,0.003,0.61,109.322
1777837907.956586,23,25,0.074,0.002,0.42,114.318
1777837908.9705632,23,25,0.081,0.001,0.409,119.95
1777837909.989678,23,25,0.076,0.002,0.615,117.362
1777837910.9987864,23,25,0.082,0.002,0.565,109.606
1777837912.0200276,23,5,0.045,0.002,0.121,120.474
1777837913.0270433,23,5,0.031,0.002,0.124,117.378
1777837914.0356522,23,5,0.029,0.002,0.132,108.202
1777837915.0487797,23,5,0.027,0.001,0.129,111.434
1777837916.074455,23,5,0.095,0.017,0.405,120.245
1777837917.077659,23,25,0.047,0.002,0.395,112.11
1777837918.0933807,23,25,0.077,0.002,0.57,114.086
1777837919.1086745,23,25,0.072,0.002,0.408,116.521
1777837920.1167393,23,25,0.108,0.003,0.63,112.875
1777837921.1351972,23,25,0.092,0.002,0.565,118.998
1777837922.1431742,23,25,0.072,0.002,0.567,112.075
1777837923.1598282,23,25,0.08,0.002,0.619,116.199
1777837924.1762767,23,25,0.066,0.002,0.571,113.884
1777837925.2206223,23,25,0.077,0.002,0.429,139.716
1777837926.2005916,23,25,0.069,0.002,0.597,111.231
1777837927.2131257,23,25,0.064,0.002,0.509,112.808
1777837928.2351537,23,25,0.095,0.002,0.439,124.227
1777837929.2434852,23,25,0.069,0.002,0.511,120.959
1777837930.2520142,23,25,0.069,0.001,0.457,113.422
1777837931.264024,23,25,0.064,0.002,0.416,112.517
1777837932.2784972,23,25,0.193,0.003,0.429,113.401
1777837933.2909338,23,25,0.086,0.002,0.418,112.597
1777837934.3212051,23,25,0.064,0.002,0.54,129.899
1777837935.3124523,23,25,0.074,0.003,0.432,113.25
1777837936.3252301,23,25,0.071,0.002,0.44,116.506
1777837937.3270664,23,25,0.061,0.002,0.425,110.543
1777837938.3414164,23,25,0.068,0.002,0.393,115.113
1777837939.350728,23,25,0.08,0.002,0.73,110.302
1777837940.3693776,23,25,0.074,0.002,0.578,118.985
1777837941.3707166,23,25,0.07,0.002,0.409,112.112
1777837942.3902698,23,25,0.074,0.003,0.427,119.667
1777837943.4005501,23,25,0.078,0.002,0.622,112.833
1777837944.4060798,23,25,0.068,0.002,0.484,110.125
1777837945.4235883,23,25,0.082,0.002,0.429,118.873
1777837946.4286666,23,25,0.07,0.002,0.41,113.122
1777837947.4466524,23,25,0.171,0.002,0.448,116.479
1777837948.4519567,23,25,0.07,0.002,0.441,111.206
1777837949.506527,23,25,0.194,0.003,0.439,153.559
1777837950.4755678,23,25,0.078,0.002,0.592,109.399
1777837951.4899857,23,25,0.083,0.002,0.424,112.587
1777837952.5082786,23,25,0.064,0.002,0.411,112.682
1777837953.5304263,23,25,0.076,0.002,0.43,119.388
1777837954.5357146,23,25,0.086,0.002,0.427,112.34
1777837955.5439844,23,25,0.069,0.002,0.411,110.867
1777837956.5548272,23,25,0.081,0.003,0.458,113.086
1777837957.564143,23,5,0.047,0.002,0.27,110.875
1777837958.578246,23,5,0.041,0.003,0.161,115.194
1777837959.5877442,23,5,0.032,0.002,0.133,112.512
1777837960.59425,23,5,0.026,0.002,0.334,110.383
1777837961.6142526,23,5,0.198,0.003,0.157,117.727
1777837962.621886,23,25,0.057,0.002,0.42,113.258
1777837963.6328933,23,25,0.074,0.002,0.414,113.226
1777837964.6496632,23,25,0.067,0.002,0.403,114.336
1777837965.6620536,23,25,0.07,0.002,0.399,113.172
1777837966.6926782,23,25,22.511,0.003,0.45,133.194
1777837967.6825862,23,25,0.065,0.002,0.409,111.768
1777837968.7006843,23,25,0.066,0.002,0.428,112.449
1777837969.7073123,23,25,0.066,0.002,0.649,111.209
1777837970.7151387,23,25,0.119,0.002,0.438,109.494
1777837971.7324865,23,25,0.068,0.002,0.568,113.533
1777837972.7463746,23,25,0.067,0.001,0.554,116.052
1777837973.7544615,23,25,0.076,0.002,0.557,113.825
1777837974.7568789,23,25,0.061,0.002,0.413,108.38
1777837975.7767572,23,25,0.368,0.003,0.621,114.149
1777837976.789834,23,25,0.07,0.002,0.419,109.978
1777837977.8139327,23,25,0.066,0.002,0.407,117.146
1777837978.8230524,23,25,0.072,0.001,0.419,115.383
1777837979.8394558,23,25,0.086,0.003,0.416,117.985
1777837980.8458345,23,25,0.088,0.002,0.44,114.263
1777837981.8595533,23,25,0.062,0.003,0.564,113.827
1777837982.863681,23,25,0.07,0.002,0.421,109.991
1777837983.8744538,23,25,0.066,0.002,0.671,110.909
1777837984.898458,23,25,0.071,0.003,0.411,122.446
1777837985.8974051,23,25,0.083,0.002,0.569,112.033
1777837986.9087434,23,25,0.077,0.002,0.518,110.207
1777837987.9254763,23,25,0.077,0.003,0.624,112.167
1777837988.9433935,23,25,0.078,0.003,0.461,115.528
1777837989.9663525,23,25,0.053,0.002,0.388,129.787
1777837990.9623132,23,25,0.076,0.002,0.417,113.474
1777837991.9715242,23,25,0.164,0.002,0.499,112.334
1777837992.988435,23,5,0.052,0.002,0.126,113.044
1777837994.0085213,23,5,0.041,0.002,0.225,115.192
1777837995.0165675,23,5,0.034,0.002,0.138,112.745
1777837996.0354998,23,5,0.033,0.001,0.136,109.131
1777837997.0569093,23,5,0.03,0.002,0.133,111.879
1777837998.0696628,23,25,0.063,0.002,0.44,115.438
1777837999.0726395,23,25,0.064,0.002,0.542,109.005
1777838000.0904272,23,25,0.07,0.001,0.575,112.575
1777838001.110619,23,25,0.084,0.002,0.533,114.36
1777838002.1226873,23,25,0.068,0.002,0.418,111.872
1777838003.1427813,23,25,0.074,0.002,0.435,115.126
1777838004.1496816,23,25,0.07,0.002,0.424,112.317
1777838005.161542,23,25,0.069,0.002,0.566,111.909
1777838006.1790106,23,25,0.077,0.003,0.445,116.398
1777838007.1925256,23,5,0.067,0.002,0.144,112.492
1777838008.209522,23,5,0.037,0.002,0.136,117.437
1777838009.2152257,23,5,0.034,0.002,0.25,114.131
1777838010.2241838,23,5,0.033,0.002,0.128,112.906
1777838011.244399,23,5,0.032,0.002,0.124,114.18
1777838012.250744,23,25,0.049,0.002,0.394,111.763
1777838013.2777169,23,25,0.077,0.002,0.408,118.417
1777838014.2857125,23,25,0.072,0.003,0.551,115.433
1777838015.2979708,23,25,0.176,0.003,0.442,110.677
1777838016.3093393,23,25,0.075,0.002,0.461,111.817
1777838017.3200605,23,25,0.077,0.003,0.412,112.392
1777838018.3330407,23,25,0.072,0.002,0.405,113.574
1777838019.3531485,23,25,0.076,0.001,0.591,114.517
1777838020.3620405,23,25,0.085,0.002,0.435,112.894
1777838021.369219,23,25,0.066,0.002,0.715,111.988
1777838022.3868883,23,5,0.05,0.002,0.123,114.407
1777838023.3905966,23,5,0.03,0.002,0.216,110.299
1777838024.4020433,23,5,0.031,0.002,0.128,112.461
1777838025.4134495,23,5,0.123,0.002,0.132,113.261
1777838026.4308069,23,5,0.028,0.002,0.122,114.588
1777838027.447047,23,25,0.047,0.001,0.545,114.291
1777838028.4526677,23,25,0.077,0.003,0.41,110.811
1777838029.4649997,23,25,0.072,0.002,0.424,112.685
1777838030.4790835,23,25,0.098,0.003,0.574,116.488
1777838031.494969,23,25,0.094,0.003,0.472,121.472
1777838032.499584,23,25,0.067,0.002,0.412,113.38
1777838033.521856,23,25,0.069,0.002,0.579,117.864
1777838034.5312066,23,25,0.075,0.002,0.408,115.943
1777838035.5372825,23,25,0.083,0.002,0.65,112.444
1777838036.5474112,23,25,0.066,0.002,0.539,112.404
1777838037.5680032,23,25,0.078,0.003,0.694,118.388
1777838038.5771408,23,25,0.067,0.002,0.415,118.921
1777838039.580852,23,25,0.071,0.002,0.447,112.239
1777838040.5912845,23,25,0.072,0.002,0.668,112.484
1777838041.5984633,23,25,0.067,0.002,0.632,110.635
1777838042.6084402,23,25,0.075,0.002,0.53,110.222
1777838043.6230083,23,25,0.162,0.002,0.429,116.46
1777838044.6293256,23,25,0.076,0.002,0.731,112.183
1777838045.642781,23,25,0.089,0.002,0.598,116.369
1777838046.6650522,23,25,0.114,0.003,0.621,118.249
1777838047.7021904,23,25,0.081,0.002,0.431,113.103
1777838048.7111354,23,25,0.085,0.002,0.577,111.204
1777838049.7252078,23,25,0.09,0.002,0.571,113.814
1777838050.7442923,23,25,0.073,0.002,0.408,117.951
1777838051.749727,23,25,0.068,0.002,0.419,112.43
1777838052.7605608,23,25,0.057,0.002,0.42,113.351
1777838053.7674859,23,25,0.215,0.003,0.437,110.621
1777838054.782232,23,25,0.074,0.002,0.581,113.824
1777838055.7921972,23,25,0.083,0.002,0.682,113.478
1777838056.8133895,23,25,0.084,0.002,0.424,119.264
1777838057.8285038,23,25,0.078,0.002,0.446,115.946
1777838058.8321404,23,25,0.074,0.003,0.404,111.804
1777838059.8416493,23,25,0.214,0.002,0.438,110.205
1777838060.8564956,23,25,0.108,0.003,0.807,109.467
1777838061.8665497,23,25,0.072,0.002,0.412,110.908
1777838062.8763437,23,25,0.079,0.003,0.408,111.828
1777838063.8939664,23,25,0.066,0.002,0.414,116.754
1777838064.9032116,23,25,0.073,0.003,0.44,113.604
1777838065.9133596,23,25,0.1,0.003,0.446,113.646
1777838066.9247434,23,25,0.062,0.002,0.407,115.141
1777838067.934432,23,5,0.051,0.001,0.127,109.086
1777838068.947856,23,5,0.03,0.002,0.13,107.67
1777838069.964682,23,5,0.029,0.002,0.122,114.576
1777838070.9682171,23,5,0.272,0.003,0.17,110.137
1777838071.9775953,23,5,0.026,0.002,0.123,112.172
1777838072.9978647,23,25,0.057,0.002,0.43,116.357
1777838074.007009,23,25,0.068,0.002,0.415,116.546
1777838075.0076752,23,25,0.074,0.003,0.444,108.844
1777838076.0225663,23,25,0.088,0.002,0.583,116.331
1777838077.0369625,23,25,0.063,0.002,0.398,115.255
1777838078.0495408,23,25,0.116,0.003,0.594,119.447
1777838079.0496042,23,25,0.177,0.002,0.526,111.017
1777838080.0579643,23,25,0.066,0.002,0.403,110.231
1777838081.071286,23,25,0.079,0.003,0.684,108.316
1777838082.0851395,23,25,0.104,0.003,0.539,114.246
1777838083.0975401,23,5,0.056,0.002,0.142,116.315
1777838084.1037295,23,5,0.029,0.002,0.134,113.025
1777838085.1124344,23,5,0.027,0.001,0.117,112.107
1777838086.121817,23,5,0.032,0.002,0.136,111.917
1777838087.136834,23,5,0.051,0.002,0.204,117.589
1777838088.142901,23,25,0.047,0.002,0.432,109.209
1777838089.1564856,23,25,0.063,0.002,0.414,113.058
1777838090.1696286,23,25,0.071,0.002,0.436,115.727
1777838091.1825771,23,25,0.063,0.002,0.392,117.137
1777838092.1836224,23,25,0.065,0.002,0.458,110.694
1777838093.203659,23,25,0.064,0.002,0.453,116.247
1777838094.2089093,23,25,0.118,0.003,0.422,108.436
1777838095.2228274,23,25,0.064,0.002,0.398,113.862
1777838096.2271392,23,25,0.065,0.002,0.431,107.824
1777838097.2452526,23,25,0.075,0.002,0.417,116.387
1777838098.2505403,23,5,0.061,0.002,0.143,113.81
1777838099.2685018,23,5,0.031,0.001,0.14,116.276
1777838100.2708738,23,5,0.025,0.001,0.121,111.163
1777838101.2798805,23,5,0.028,0.002,0.125,107.806
1777838102.2920675,23,5,0.026,0.001,0.12,111.412
1777838103.307815,23,25,0.045,0.002,0.425,112.684
1777838104.3390226,23,25,0.064,0.003,0.398,116.291
1777838105.3474789,23,25,0.077,0.002,0.587,109.752
1777838106.3654678,23,25,0.063,0.001,0.399,114.424
1777838107.3855212,23,25,0.089,0.003,0.444,118.41
1777838108.3864455,23,25,0.067,0.002,0.542,111.172
1777838109.3953073,23,25,0.061,0.002,0.558,110.931
1777838110.4039166,23,25,0.077,0.002,0.422,111.375
1777838111.414371,23,25,0.089,0.002,0.558,111.589
1777838112.434599,23,25,0.112,0.003,0.447,120.243
1777838113.4355218,23,25,0.063,0.002,0.429,112.649
1777838114.4470627,23,25,0.068,0.002,0.526,112.359
1777838115.473068,23,25,0.216,0.005,0.471,120.94
1777838116.4771528,23,25,0.09,0.003,0.49,113.753
1777838117.4932163,23,25,0.112,0.003,0.597,116.314
1777838118.494681,23,25,0.073,0.002,0.424,108.912
1777838119.5115588,23,25,0.132,0.002,0.425,109.756
1777838120.5212202,23,25,0.069,0.003,0.553,110.351
1777838121.5327048,23,25,0.081,0.002,0.406,111.892
1777838122.545461,23,25,0.075,0.002,0.441,112.941
1777838123.567115,23,25,0.071,0.002,0.615,118.525
1777838124.5666904,23,25,0.067,0.002,0.407,110.267
1777838125.5843892,23,25,0.066,0.002,0.392,115.296
1777838126.5947073,23,25,0.317,0.004,0.615,114.963
1777838127.604778,23,25,0.081,0.002,0.438,112.455
1777838128.6194713,23,25,0.351,0.002,0.446,111.453
1777838129.6296148,23,25,0.066,0.002,0.403,110.753
1777838130.6473174,23,25,0.069,0.002,0.57,111.316
1777838131.6691456,23,25,0.07,0.002,0.55,109.21
1777838132.6809578,23,5,0.05,0.002,0.216,109.522
1777838133.6937072,23,5,0.031,0.001,0.127,111.447
1777838134.7049863,23,5,0.03,0.002,0.131,111.346
1777838135.7142518,23,5,0.028,0.002,0.128,109.45
1777838136.7238276,23,5,0.024,0.002,0.123,111.265
1777838137.7327528,23,25,0.055,0.002,0.49,111.393
1777838138.7502751,23,25,0.072,0.002,0.572,112.887
1777838139.7590075,23,25,0.08,0.002,0.435,111.224
1777838140.7743273,23,25,0.079,0.002,0.417,116.675
1777838141.7989635,23,25,0.066,0.002,0.434,130.253
1777838142.7916934,23,25,0.072,0.002,0.401,111.364
1777838143.8202078,23,25,0.112,0.004,0.949,123.723
1777838144.8180192,23,25,0.078,0.002,0.679,111.875
1777838145.8547807,23,25,0.067,0.003,0.421,113.601
1777838146.8681426,23,25,0.06,0.002,0.395,113.635
1777838147.878935,23,5,0.048,0.002,0.121,111.687
1777838148.8947272,23,5,0.031,0.002,0.128,111.641
1777838149.8983567,23,5,0.032,0.001,0.129,108.159
1777838150.9104981,23,5,0.028,0.002,0.127,110.321
1777838151.920984,23,5,0.031,0.002,0.229,110.197
1777838152.9303975,23,25,0.059,0.002,0.776,111.33
1777838153.9528217,23,25,0.133,0.003,0.523,125.206
1777838154.946349,23,25,0.131,0.002,0.412,109.228
1777838155.9757853,23,25,0.064,0.002,0.429,111.511
1777838156.9842381,23,25,0.067,0.002,0.601,108.857
1777838158.0049868,23,25,0.062,0.002,0.406,112.528
1777838159.0115132,23,25,0.064,0.002,0.485,109.782
1777838160.0232666,23,25,0.065,0.002,0.407,109.813
1777838161.0394566,23,25,0.08,0.002,0.413,111.788
1777838162.049599,23,25,0.081,0.002,0.412,112.213
1777838163.0622036,23,25,0.07,0.002,0.406,111.724
1777838164.0698442,23,25,0.075,0.002,0.505,110.426
1777838165.0923235,23,25,0.17,0.002,0.746,113.069
1777838166.1089056,23,25,0.071,0.002,0.596,119.642
1777838167.1111069,23,25,0.082,0.003,0.69,111.744
1777838168.1219537,23,25,0.073,0.002,0.49,110.21
1777838169.141023,23,25,0.07,0.002,0.437,111.842
1777838170.148617,23,25,0.064,0.002,0.525,109.403
1777838171.1598651,23,25,0.065,0.002,0.515,111.001
1777838172.1711895,23,25,0.087,0.003,0.561,114.372
1777838173.1802688,23,25,0.067,0.003,0.715,111.046
1777838174.1975322,23,25,0.072,0.003,0.403,112.046
1777838175.208787,23,25,0.193,0.002,0.406,111.155
1777838176.219631,23,25,0.065,0.003,0.494,110.788
1777838177.2293503,23,25,0.263,0.003,0.577,111.418
1777838178.2660115,23,25,0.085,0.002,0.414,138.033
1777838179.2540593,23,25,0.061,0.002,0.388,117.512
1777838180.2619786,23,25,0.068,0.002,0.407,112.167
1777838181.2731278,23,25,0.067,0.002,0.52,112.879
1777838182.2898872,23,25,0.072,0.002,0.547,115.944
1777838183.3033628,23,5,0.051,0.002,0.237,111.25
1777838184.3258164,23,5,0.047,0.002,0.146,117.77
1777838185.3338156,23,5,0.045,0.002,0.249,115.174
1777838186.346737,23,5,0.03,0.002,0.144,117.891
1777838187.3585794,23,5,0.034,0.002,0.131,117.648
1777838188.3653035,23,25,0.049,0.002,0.557,112.565
1777838189.383132,23,25,0.074,0.002,0.413,112.252
1777838190.402106,23,25,0.151,0.002,0.401,113.352
1777838191.4252114,23,25,0.067,0.003,0.517,129.197
1777838192.426473,23,25,0.097,0.003,0.45,114.651
1777838193.435508,23,25,0.067,0.002,0.587,112.665
1777838194.4408813,23,25,0.066,0.002,0.417,109.394
1777838195.4552577,23,25,0.056,0.001,0.53,112.298
1777838196.4727345,23,25,0.064,0.002,0.514,111.938
1777838197.4801004,23,25,0.35,0.002,0.68,109.893
1777838198.491898,23,5,0.052,0.002,0.125,110.116
1777838199.5065749,23,5,0.031,0.002,0.128,110.662
1777838200.5206509,23,5,0.03,0.002,0.124,112.45
1777838201.565994,23,5,0.041,0.002,0.141,147.293
1777838202.5450888,23,5,0.031,0.002,0.123,112.266
1777838203.5632555,23,25,0.051,0.002,0.407,116.51
1777838204.5692415,23,25,0.073,0.002,0.535,112.051
1777838205.5823967,23,25,0.078,0.002,0.402,114.692
1777838206.5918612,23,25,0.065,0.002,0.498,116.776
1777838207.6008167,23,25,0.066,0.002,0.403,112.119
1777838208.6189923,23,25,0.071,0.002,0.442,114.061
1777838209.623374,23,25,0.062,0.002,0.42,109.096
1777838210.63574,23,25,0.067,0.002,0.508,109.444
1777838211.6437025,23,25,0.074,0.002,0.646,108.569
1777838212.6643372,23,25,0.075,0.002,0.393,112.547
1777838213.6734524,23,25,0.067,0.002,0.518,110.826
1777838214.6878042,23,25,0.062,0.002,0.401,117.886
1777838215.6984208,23,25,0.064,0.002,0.393,119.628
1777838216.7081177,23,25,0.055,0.001,0.795,116.11
1777838217.7122412,23,25,0.08,0.002,0.592,111.091
1777838218.7238212,23,25,0.067,0.002,0.456,110.228
1777838219.732251,23,25,0.065,0.002,0.62,109.843
1777838220.7393587,23,25,0.063,0.002,0.557,108.551
1777838221.7549658,23,25,0.059,0.002,0.399,116.365
1777838222.7582743,23,25,0.069,0.002,0.523,109.094
1777838223.7783113,23,25,0.067,0.002,0.538,111.192
1777838224.785209,23,25,0.062,0.002,0.601,109.139
1777838225.8026516,23,25,0.141,0.002,0.406,108.496
1777838226.8158836,23,25,0.063,0.002,0.5,110.042
1777838227.8244362,23,25,0.08,0.003,0.59,110.747
1777838228.8806062,23,25,0.069,0.002,0.412,131.875
1777838229.875587,23,25,0.059,0.002,0.499,112.977
1777838230.8981924,23,25,0.075,0.002,0.607,119.539
1777838231.9053745,23,25,0.06,0.002,0.419,110.654
1777838232.9514196,23,5,0.047,0.002,0.119,115.813
1777838233.9555662,23,5,0.03,0.001,0.13,110.908
1777838234.9661162,23,5,0.032,0.002,0.131,112.434
1777838235.9824123,23,5,0.034,0.002,0.134,112.04
1777838236.9982777,23,5,0.035,0.002,0.169,112.043
1777838238.0106308,23,25,0.043,0.002,0.387,111.879
1777838239.0289118,23,25,0.068,0.002,0.388,111.713
1777838240.0419219,23,25,0.062,0.002,0.414,111.945
1777838241.0557847,23,25,0.059,0.002,0.41,111.887
1777838242.0673234,23,25,0.063,0.002,0.587,112.102
1777838243.076219,23,25,0.07,0.002,0.822,112.509
1777838244.0853822,23,25,0.062,0.002,0.547,110.733
1777838245.0987363,23,25,0.071,0.002,0.435,112.282
1777838246.1092565,23,25,0.062,0.002,0.727,111.606
1777838247.1265543,23,25,0.072,0.002,0.709,115.733
1777838248.1517918,23,25,0.056,0.01,0.386,124.501
1777838249.1538324,23,25,0.069,0.002,0.401,114.416
1777838250.1587915,23,25,0.075,0.002,0.435,111.355
1777838251.1736486,23,25,0.064,0.002,0.395,115.357
1777838252.1768072,23,25,0.08,0.002,0.46,109.25
1777838253.1936781,23,25,0.08,0.002,0.412,115.868
1777838254.2058709,23,25,0.067,0.002,0.421,108.467
1777838255.2156985,23,25,0.06,0.002,0.407,110.481
1777838256.2315285,23,25,0.06,0.002,0.401,114.246
1777838257.2505953,23,25,0.081,0.003,0.457,119.12
1777838258.2542067,23,21,0.071,0.003,0.387,114.494
1777838259.258058,23,21,0.073,0.002,0.372,110.932
1777838260.2771425,23,21,0.057,0.002,0.356,115.517
1777838261.2904766,23,21,0.071,0.002,0.344,114.713
1777838262.298766,23,21,0.061,0.002,0.357,113.186
1777838263.3099344,23,25,0.059,0.002,0.44,115.002
1777838264.318153,23,25,0.066,0.002,0.401,113.399
1777838265.3247657,23,25,0.069,0.002,0.425,110.948
1777838266.3307052,23,25,0.066,0.002,0.503,109.864
1777838267.3443274,23,25,0.066,0.003,0.51,111.994
1777838268.3564255,23,9,0.057,0.002,0.269,114.881
1777838269.3636131,23,9,0.04,0.002,0.182,109.324
1777838270.3719099,23,9,0.041,0.002,0.258,109.622
1777838271.3837495,23,9,0.042,0.002,0.2,110.093
1777838272.3926625,23,9,0.035,0.002,0.207,109.533
1777838273.4062917,23,21,0.047,0.001,0.499,112.687
1777838274.417957,23,21,0.053,0.002,0.557,112.052
1777838275.4281142,23,21,0.06,0.002,0.36,113.494
1777838276.442179,23,21,0.053,0.002,0.34,114.131
1777838277.4459207,23,21,0.058,0.001,0.344,110.184
1777838278.4689064,23,25,0.063,0.001,0.419,115.431
1777838279.477686,23,25,0.063,0.002,0.423,108.731
1777838280.4900978,23,25,0.073,0.002,0.436,111.569
1777838281.503526,23,25,0.066,0.002,0.407,108.17
1777838282.515565,23,25,0.074,0.002,0.416,112.118
1777838283.5265708,23,9,0.056,0.002,0.192,108.843
1777838284.5480468,23,9,0.032,0.002,0.175,115.133
1777838285.5590065,23,9,0.033,0.002,0.177,114.756
1777838286.569479,23,9,0.043,0.002,0.194,110.505
1777838287.5985553,23,9,0.042,0.002,0.188,114.822
1777838288.6084845,23,21,0.051,0.002,0.375,115.378
1777838289.6160836,23,21,0.142,0.004,0.571,113.127
1777838290.6235275,23,21,0.052,0.002,0.348,107.467
1777838291.647114,23,21,0.05,0.002,0.34,115.944
1777838292.6526325,23,21,0.264,0.002,0.379,108.968
1777838293.663854,23,25,0.061,0.002,0.437,111.58
1777838294.672462,23,25,0.073,0.001,0.402,110.833
1777838295.6857123,23,25,0.067,0.002,0.626,112.98
1777838296.7126698,23,25,0.064,0.002,0.429,129.99
1777838297.7060823,23,25,0.061,0.002,0.592,110.664
1777838298.714706,23,9,0.051,0.002,0.188,109.697
1777838299.733189,23,9,0.038,0.002,0.185,111.267
1777838300.7508876,23,9,0.039,0.002,0.34,118.971
1777838301.7542741,23,9,0.034,0.001,0.376,110.599
1777838302.771014,23,9,0.095,0.002,0.19,110.261
1777838303.7904956,23,21,0.049,0.002,0.496,118.21
1777838304.790603,23,21,0.071,0.002,0.365,109.969
1777838305.810884,23,21,0.072,0.002,0.365,112.936
1777838306.8181221,23,21,0.054,0.002,0.572,111.234
1777838307.8314939,23,21,0.057,0.002,0.484,110.513
1777838308.8485646,23,25,0.077,0.002,0.417,111.551
1777838309.8548336,23,25,0.071,0.002,0.42,109.071
1777838310.8732393,23,25,0.081,0.002,0.567,111.102
1777838311.8807611,23,25,0.07,0.002,0.456,108.461
1777838312.9043312,23,25,0.064,0.001,0.407,115.354
1777838313.9137688,23,25,0.07,0.002,0.471,113.189
1777838314.9223769,23,25,0.085,0.002,0.591,110.788
1777838315.9368384,23,25,0.069,0.002,0.499,112.389
1777838316.950907,23,25,0.084,0.003,0.431,111.982
1777838317.968082,23,25,0.058,0.001,0.503,114.674
1777838318.9971256,23,21,0.051,0.001,0.34,132.619
1777838319.9830184,23,21,0.055,0.002,0.34,109.376
1777838320.9994068,23,21,0.097,0.002,0.364,114.148
1777838322.0152209,23,21,0.093,0.002,0.528,113.577
1777838323.0226643,23,21,0.072,0.002,0.366,109.82
1777838324.04064,23,25,0.069,0.002,0.495,112.244
1777838325.0531118,23,25,0.069,0.002,0.408,112.619
1777838326.070312,23,25,0.077,0.002,0.57,112.436
1777838327.082549,23,25,0.123,0.001,0.417,109.307
1777838328.093378,23,25,0.062,0.002,0.607,111.851
1777838329.1063786,23,25,0.071,0.002,0.502,110.134
1777838330.115746,23,25,0.062,0.002,0.427,110.484
1777838331.1327386,23,25,0.074,0.002,0.43,118.332
1777838332.1412716,23,25,0.073,0.002,0.416,112.715
1777838333.1511579,23,5,0.048,0.002,0.27,111.441
1777838334.1612928,23,5,0.029,0.002,0.129,110.36
1777838335.1730397,23,5,0.029,0.002,0.124,112.227
1777838336.1865962,23,5,0.028,0.001,0.123,117.164
1777838337.1884012,23,5,0.076,0.002,0.131,108.492
1777838338.2035165,23,25,0.056,0.002,0.406,111.681
1777838339.2086685,23,25,0.067,0.002,0.544,109.924
1777838340.2246976,23,25,0.061,0.002,0.585,114.789
1777838341.2461495,23,25,0.181,0.002,1.061,126.524
1777838342.2405899,23,25,0.065,0.002,0.402,110.853
1777838343.2606225,23,25,0.076,0.002,0.41,115.604
1777838344.2783456,23,25,0.061,0.002,0.552,110.041
1777838345.2916458,23,25,0.072,0.002,0.404,115.641
1777838346.3015027,23,25,0.069,0.002,0.519,112.65
1777838347.3092065,23,25,0.067,0.002,0.617,111.498
1777838348.3172576,23,25,0.066,0.002,0.518,109.171
1777838349.331552,23,25,0.067,0.002,0.464,112.658
1777838350.3513336,23,25,0.057,0.001,0.394,124.553
1777838351.3461523,23,25,0.067,0.002,0.516,109.622
1777838352.3622758,23,25,0.064,0.002,0.402,111.664
1777838353.37732,23,25,0.071,0.002,0.428,110.041
1777838354.4021142,23,25,0.067,0.002,0.518,117.963
1777838355.4035678,23,25,0.069,0.002,0.425,110.737
1777838356.4146626,23,25,0.071,0.002,0.422,112.035
1777838357.4320192,23,25,0.065,0.002,0.399,112.184
1777838358.439689,23,25,0.075,0.002,0.417,110.156
1777838359.4533768,23,25,0.075,0.002,0.546,111.931
1777838360.4679034,23,25,0.073,0.002,0.438,110.941
1777838361.475799,23,25,0.069,0.002,0.409,108.584
1777838362.486366,23,25,0.072,0.002,0.53,111.134
1777838363.5005233,23,25,0.175,0.002,0.447,112.973
1777838364.51114,23,25,0.081,0.002,0.572,112.055
1777838365.52705,23,25,0.075,0.002,0.438,110.967
1777838366.5386984,23,25,0.068,0.002,0.418,111.784
1777838367.5541418,23,25,0.074,0.002,0.444,112.997
1777838368.565916,23,5,0.046,0.002,0.118,114.287
1777838369.5757344,23,5,0.03,0.002,0.122,113.932
1777838370.5852978,23,5,0.035,0.002,0.127,116.605
1777838371.5936463,23,5,0.036,0.002,0.136,109.242
1777838372.616199,23,5,0.028,0.002,0.123,116.179
1777838373.6168857,23,25,0.066,0.003,0.512,108.344
1777838374.6317506,23,25,0.068,0.002,0.399,113.959
1777838375.635672,23,25,0.061,0.002,0.43,110.645
1777838376.653689,23,25,0.068,0.002,0.4,116.371
1777838377.656152,23,25,0.065,0.002,0.434,110.947
1777838378.6730893,23,25,0.063,0.001,0.401,116.647
1777838379.688371,23,25,0.08,0.002,0.416,116.475
1777838380.7055724,23,25,0.071,0.002,0.421,118.308
1777838381.7057283,23,25,0.064,0.002,0.564,111.141
1777838382.7139282,23,25,0.063,0.002,0.403,110.621
1777838383.7257497,23,25,0.063,0.002,0.414,109.61
1777838384.7471554,23,25,0.068,0.002,0.437,116.503
1777838385.7618937,23,25,0.065,0.002,0.411,115.536
1777838386.7700377,23,25,0.073,0.002,0.453,113.935
1777838387.7737834,23,25,0.068,0.002,0.407,107.688
1777838388.785953,23,25,0.058,0.002,0.396,108.067
1777838389.7967644,23,25,0.062,0.002,0.412,108.725
1777838390.8161504,23,25,0.068,0.002,0.407,116.009
1777838391.8269336,23,25,0.065,0.002,0.436,113.708
1777838392.831538,23,25,0.059,0.002,0.483,110.582
1777838393.8431962,23,5,0.13,0.002,0.243,111.105
1777838394.8506162,23,5,0.073,0.002,0.128,108.969
1777838395.859894,23,5,0.026,0.002,0.125,107.73
1777838396.8766632,23,5,0.028,0.002,0.121,111.346
1777838397.8985925,23,5,0.024,0.002,0.119,125.164
1777838398.8994098,23,25,0.047,0.002,0.675,110.422
1777838399.9107254,23,25,0.065,0.002,0.436,110.292
1777838400.9264104,23,25,0.279,0.002,0.557,110.372
1777838401.933126,23,25,0.066,0.002,0.809,109.656
1777838402.9523218,23,25,0.06,0.002,0.522,112.096
1777838403.968011,23,25,0.057,0.002,0.399,118.984
1777838404.9742687,23,25,0.067,0.002,0.397,118.346
1777838405.9723594,23,25,0.061,0.002,0.513,108.408
1777838406.9937594,23,25,0.073,0.002,0.415,112.413
1777838408.0008447,23,25,0.084,0.003,0.459,111.302
1777838409.0316074,23,25,0.076,0.002,0.409,110.543
1777838410.046603,23,25,0.063,0.002,0.404,116.126
1777838411.0539649,23,25,0.067,0.002,0.423,110.676
1777838412.0730257,23,25,0.077,0.002,0.428,111.758
1777838413.086875,23,25,0.064,0.002,0.405,112.071
1777838414.0947125,23,25,0.08,0.002,0.407,111.44
1777838415.1060977,23,25,0.087,0.002,0.511,112.532
1777838416.1146865,23,25,0.07,0.002,0.517,110.745
1777838417.1287043,23,25,0.068,0.001,0.414,111.966
1777838418.142407,23,25,0.069,0.002,0.528,112.597
1777838419.1514053,23,5,0.048,0.002,0.13,110.888
1777838420.169363,23,5,0.031,0.002,0.126,115.888
1777838421.1798737,23,5,0.028,0.002,0.143,111.904
1777838422.1897888,23,5,0.027,0.002,0.125,110.974
1777838423.19478,23,5,0.027,0.002,0.124,108.735
1777838424.2148085,23,25,0.047,0.001,0.396,112.221
1777838425.2252967,23,25,0.088,0.002,0.62,112.844
1777838426.2393446,23,25,0.071,0.002,0.623,112.835
1777838427.2523863,23,25,0.067,0.002,0.613,111.529
1777838428.263235,23,25,0.066,0.002,0.524,111.206
1777838429.274604,23,25,0.077,0.003,0.5,110.945
1777838430.2877257,23,25,0.097,0.003,0.555,113.085
1777838431.3111486,23,25,0.058,0.002,0.591,130.072
1777838432.3060296,23,25,0.064,0.002,0.406,116.71
1777838433.3108506,23,25,0.067,0.002,0.526,111.685
1777838434.3234317,23,25,0.066,0.002,0.485,112.978
1777838435.326521,23,25,0.062,0.002,0.418,108.591
1777838436.34791,23,25,0.067,0.002,0.434,111.784
1777838437.38671,23,25,0.065,0.002,0.383,136.249
1777838438.3694897,23,25,0.151,0.002,0.438,111.932
1777838439.3847399,23,25,0.063,0.003,0.499,110.353
1777838440.3983028,23,25,0.134,0.002,0.561,111.825
1777838441.4102688,23,25,0.073,0.002,0.583,111.328
1777838442.4262238,23,25,0.076,0.002,0.414,112.682
1777838443.4365215,23,25,0.073,0.002,0.414,108.819
1777838444.4462152,23,5,0.045,0.002,0.122,108.692
1777838445.4563637,23,5,0.028,0.001,0.128,110.625
1777838446.4673245,23,5,0.217,0.002,0.131,110.218
1777838447.4788153,23,5,0.027,0.001,0.126,110.804
1777838448.4909358,23,25,0.048,0.002,0.409,111.213
1777838449.503807,23,25,0.069,0.002,0.468,110.247
1777838450.51202,23,25,0.074,0.002,0.572,109.131
1777838451.5233777,23,25,0.079,0.003,0.623,111.601
1777838452.53675,23,25,0.075,0.002,0.41,112.244
1777838453.5552719,23,25,0.086,0.002,0.615,113.577
1777838454.560541,23,25,0.067,0.002,0.435,110.444
1777838455.5771792,23,25,0.065,0.002,0.518,113.979
1777838456.5905185,23,25,0.07,0.002,0.52,111.763
1777838457.6115007,23,25,0.068,0.002,0.409,118.145
1777838458.6500442,23,5,0.048,0.002,0.125,116.064
1777838459.6692321,23,5,0.037,0.002,0.249,111.948
1777838460.6794944,23,5,0.037,0.002,0.181,113.358
1777838461.683749,23,5,0.029,0.002,0.303,108.586
1777838462.7147963,23,5,0.03,0.002,0.126,111.732
1777838463.7267416,23,25,0.052,0.002,0.416,111.173
1777838464.7340398,23,25,0.073,0.002,0.416,110.693
1777838465.7432017,23,25,0.069,0.002,0.704,110.583
1777838466.7561355,23,25,0.066,0.002,0.397,112.005
1777838467.7691417,23,25,0.065,0.002,0.401,113.277
1777838468.7762353,23,25,0.069,0.001,0.421,112.137
1777838469.7837484,23,25,0.071,0.002,0.442,110.451
1777838470.8051693,23,25,0.086,0.002,0.563,117.735
1777838471.8086896,23,25,0.068,0.002,0.409,111.37
1777838472.81483,23,25,0.117,0.002,0.477,110.067
1777838473.8268688,23,5,0.056,0.002,0.127,111.672
1777838474.8437638,23,5,0.028,0.002,0.122,111.947
1777838475.8520966,23,5,0.028,0.002,0.124,108.92
1777838476.8692238,23,5,0.028,0.002,0.124,113.021
1777838477.878753,23,5,0.028,0.002,0.129,111.994
1777838478.8854296,23,25,0.062,0.002,0.52,109.538
1777838479.903043,23,25,0.064,0.002,0.426,111.865
1777838480.9136698,23,25,0.075,0.002,0.542,111.172
1777838481.9312844,23,25,0.067,0.002,0.553,112.373
1777838482.9450214,23,25,0.072,0.003,0.754,111.887
1777838483.9845543,23,25,0.066,0.002,0.516,134.664
1777838484.9754136,23,25,0.069,0.002,0.422,115.732
1777838485.9830623,23,25,0.063,0.001,0.409,114.344
1777838486.9933028,23,25,0.062,0.002,0.404,116.137
1777838487.9955482,23,25,0.108,0.002,0.406,109.356
1777838489.0023394,23,5,0.05,0.002,0.128,108.726
1777838490.013796,23,5,0.027,0.001,0.121,110.624
1777838491.0252519,23,5,0.029,0.002,0.128,109.747
1777838492.0393164,23,5,0.028,0.002,0.127,111.917
1777838493.045886,23,5,0.03,0.001,0.129,109.333
1777838494.0592523,23,25,0.062,0.002,0.527,111.713
1777838495.0912383,23,25,0.063,0.002,0.414,135.493
1777838496.0815604,23,25,0.072,0.002,0.437,112.044
1777838497.0903249,23,25,0.062,0.001,0.551,110.765
1777838498.11435,23,25,0.076,0.002,0.55,116.785
1777838499.1250677,23,25,0.097,0.002,0.521,112.58
1777838500.1410089,23,25,0.065,0.002,0.681,116.207
1777838501.1487458,23,25,0.07,0.002,0.502,111.604
1777838502.1551657,23,25,0.063,0.002,0.404,109.91
1777838503.1696951,23,25,0.066,0.001,0.426,116.845
1777838504.1758254,23,5,0.048,0.002,0.125,111.776
1777838505.1797235,23,5,0.029,0.002,0.132,108.521
1777838506.1904018,23,5,0.029,0.002,0.138,109.483
1777838507.2079463,23,5,0.029,0.002,0.126,112.011
1777838508.2224925,23,5,0.031,0.002,0.127,117.939
1777838509.222791,23,25,0.046,0.002,0.405,109.634
1777838510.253915,23,25,0.15,0.002,0.416,115.29
1777838511.2605443,23,25,0.178,0.002,0.415,110.867
1777838512.2710037,23,25,0.083,0.002,0.667,111.032
1777838513.281046,23,25,0.15,0.002,0.553,111.678
1777838514.2918854,23,25,0.325,0.002,0.54,111.214
1777838515.299166,23,25,0.07,0.002,0.54,110.419
1777838516.3475394,23,25,0.076,0.002,0.538,141.278
1777838517.3342705,23,25,0.071,0.002,0.533,113.787
1777838518.3485713,23,25,0.062,0.002,0.506,111.729
1777838519.3687518,23,5,0.062,0.002,0.136,114.347
1777838520.380673,23,5,0.033,0.002,0.14,109.185
1777838521.3961587,23,5,0.032,0.002,0.134,112.39
1777838522.4040315,23,5,0.103,0.002,0.132,110.482
1777838523.4154503,23,5,0.027,0.001,0.125,109.754
1777838524.424465,23,25,0.045,0.002,0.517,109.437
1777838525.451891,23,25,0.077,0.002,0.53,123.605
1777838526.4527488,23,25,0.064,0.002,0.4,112.403
1777838527.461412,23,25,0.207,0.002,0.616,111.187
1777838528.4795098,23,25,0.066,0.002,0.494,111.046
1777838529.493674,23,25,0.07,0.002,0.425,110.416
1777838530.5106494,23,25,0.066,0.002,0.431,111.131
1777838531.5257745,23,25,0.067,0.002,0.454,118.151
1777838532.5334022,23,25,0.074,0.003,0.564,110.748
1777838533.5436792,23,25,0.093,0.003,0.451,110.938
1777838534.5588143,23,25,0.067,0.002,0.526,115.687
1777838535.570509,23,25,0.065,0.002,0.639,112.738
1777838536.5791981,23,25,0.07,0.002,0.546,110.047
1777838537.593429,23,25,0.068,0.002,0.408,111.435
1777838538.610566,23,25,0.064,0.002,0.404,109.782
1777838539.620148,23,25,0.071,0.002,0.535,111.03
1777838540.62848,23,25,0.067,0.002,0.597,109.937
1777838541.657009,23,25,0.083,0.002,0.436,126.306
1777838542.65954,23,25,0.077,0.002,0.41,112.272
1777838543.6842756,23,25,0.086,0.002,0.546,119.304
1777838544.6992013,23,25,0.076,0.002,0.555,114.879
1777838545.767086,23,25,0.148,0.002,0.406,108.281
1777838546.7806995,23,25,0.088,0.002,0.51,111.475
1777838547.7985094,23,25,0.17,0.003,0.431,111.859
1777838548.8158004,23,25,0.084,0.003,0.554,112.554
1777838549.8358583,23,25,0.177,0.003,0.432,115.844
1777838550.8396125,23,25,0.134,0.002,0.42,110.854
1777838551.8467155,23,25,0.062,0.002,0.407,108.567
1777838552.8572469,23,25,0.089,0.003,0.642,109.633
1777838553.8764915,23,5,0.06,0.003,0.137,116.664
1777838554.8825796,23,5,0.032,0.001,0.129,111.731
1777838555.8977165,23,5,0.032,0.002,0.129,110.64
1777838556.9116826,23,5,0.032,0.002,0.124,112.028
1777838557.9258041,23,5,0.032,0.002,0.147,111.761
1777838558.9373112,23,25,0.058,0.002,0.591,111.25
1777838559.9610944,23,25,0.084,0.002,0.474,113.238
1777838560.97266,23,25,0.163,0.003,0.527,110.403
1777838561.9922106,23,25,0.08,0.002,0.409,115.494
1777838563.0072224,23,25,0.071,0.002,0.404,116.014
1777838564.042463,23,25,0.084,0.003,0.456,139.27
1777838565.0276883,23,25,0.092,0.002,0.547,115.518
1777838566.0378351,23,25,0.089,0.002,0.456,114.574
1777838567.0512211,23,25,0.067,0.002,0.543,111.743
1777838568.0631764,23,25,0.064,0.002,0.401,109.304
1777838569.1018727,23,5,0.044,0.002,0.122,109.922
1777838570.1101778,23,5,0.027,0.002,0.276,108.736
1777838571.1256516,23,5,0.03,0.002,0.126,111.855
1777838572.1368,23,5,0.103,0.002,0.133,109.63
1777838573.1534824,23,5,0.027,0.002,0.12,117.274
1777838574.157648,23,25,0.051,0.002,0.406,111.437
1777838575.1731799,23,25,0.068,0.002,0.393,113.63
1777838576.18714,23,25,0.073,0.002,0.411,114.954
1777838577.1977623,23,25,0.068,0.011,0.535,111.139
1777838578.2115624,23,25,0.153,0.003,0.431,110.953
1777838579.220444,23,25,0.073,0.002,0.416,109.794
1777838580.2381253,23,25,0.06,0.002,0.66,110.159
1777838581.2505887,23,25,0.134,0.003,0.53,110.264
1777838582.2636049,23,25,0.062,0.002,0.631,111.831
1777838583.270706,23,25,0.069,0.002,0.497,110.839
1777838584.2769887,23,5,0.043,0.002,0.242,108.823
1777838585.2896097,23,5,0.027,0.001,0.201,110.836
1777838586.3005755,23,5,0.026,0.002,0.124,111.257
1777838587.310475,23,5,0.026,0.002,0.121,109.787
1777838588.3290946,23,5,0.027,0.001,0.256,111.944
1777838589.3403955,23,25,0.229,0.002,0.658,112.091
1777838590.3533094,23,25,0.062,0.002,0.525,112.246
1777838591.364765,23,25,0.062,0.002,0.407,112.575
1777838592.3720698,23,25,0.064,0.001,0.404,110.477
1777838593.385378,23,25,0.072,0.002,0.699,112.34
1777838594.3915184,23,25,0.072,0.002,0.62,109.797
1777838595.404431,23,25,0.067,0.002,0.621,111.36
1777838596.4173365,23,25,0.073,0.002,0.622,111.399
1777838597.4500384,23,25,0.084,0.002,0.421,134.315
1777838598.4408603,23,25,0.059,0.002,0.421,117.351
1777838599.4532022,23,5,0.055,0.003,0.129,113.251
1777838600.4651968,23,5,0.036,0.002,0.137,112.272
1777838601.4724894,23,5,0.029,0.002,0.132,108.834
1777838602.4917161,23,5,0.045,0.002,0.141,113.417
1777838603.4996934,23,5,0.028,0.001,0.126,112.874
1777838604.5052986,23,25,0.05,0.001,0.51,110.88
1777838605.519795,23,25,0.067,0.002,0.517,113.211
1777838606.5268328,23,25,0.072,0.002,0.416,111.765
1777838607.5370388,23,25,0.078,0.002,0.413,114.537
1777838608.5427983,23,25,0.075,0.002,0.606,111.412
1777838609.5550146,23,25,0.07,0.002,0.441,112.426
1777838610.5652757,23,25,0.064,0.002,0.524,112.115
1777838611.5721095,23,25,0.067,0.002,0.431,109.192
1777838612.5824885,23,25,0.136,0.002,0.425,110.589
1777838613.5899513,23,25,0.074,0.002,0.505,110.097
1777838614.6111712,23,25,0.083,0.003,0.422,118.836
1777838615.6158395,23,25,0.067,0.002,0.514,112.132
1777838616.6337159,23,25,0.069,0.003,0.412,108.871
1777838617.6477695,23,25,0.107,0.003,0.584,109.52
1777838618.6645412,23,25,0.071,0.003,0.529,112.363
1777838619.674877,23,25,0.108,0.003,0.634,112.46
1777838620.6797152,23,25,0.061,0.002,0.534,109.187
1777838621.6931655,23,25,0.057,0.002,0.549,111.522
1777838622.707196,23,25,0.075,0.002,0.736,114.755
1777838623.716856,23,25,0.074,0.002,0.414,111.91
1777838624.7304156,23,25,0.083,0.002,0.678,114.132
1777838625.745575,23,25,0.056,0.002,0.401,118.787
1777838626.7526414,23,25,0.072,0.002,0.447,113.242
1777838627.7681832,23,25,0.073,0.002,0.572,114.335
1777838628.775031,23,25,0.062,0.002,0.506,111.984
1777838629.783792,23,25,0.09,0.003,0.451,110.637
1777838630.8049834,23,25,0.092,0.003,0.437,113.12
1777838631.8144872,23,25,0.067,0.002,0.525,111.918
1777838632.8232331,23,25,0.084,0.002,0.522,111.859
1777838633.8389573,23,25,0.078,0.002,0.541,114.699
1777838634.850623,23,25,0.215,0.003,0.428,118.719
1777838635.8532243,23,25,0.28,0.002,0.667,110.623
1777838636.8714733,23,25,0.064,0.002,0.441,111.571
1777838637.883488,23,25,0.063,0.002,0.408,112.244
1777838638.9031231,23,25,0.06,0.002,0.489,117.05
1777838639.9130242,23,25,0.063,0.002,0.501,110.918
1777838640.9274638,23,25,0.068,0.002,0.615,110.816
1777838641.9436302,23,25,0.063,0.002,0.399,112.483
1777838642.9559226,23,25,0.064,0.002,0.424,112.242
1777838643.9652781,23,25,0.061,0.002,0.543,112.637
1777838644.9755461,23,5,0.053,0.002,0.153,112.736
1777838645.9816957,23,5,0.028,0.002,0.129,108.007
1777838647.006201,23,5,0.027,0.001,0.21,116.993
1777838648.0166273,23,5,0.03,0.001,0.147,112.862
1777838649.027889,23,5,0.028,0.001,0.12,112.272
1777838650.0459874,23,25,0.048,0.002,0.521,112.431
1777838651.0565526,23,25,0.062,0.002,0.587,112.385
1777838652.076997,23,25,0.073,0.002,0.593,114.392
1777838653.0891397,23,25,0.076,0.002,0.447,113.058
1777838654.096513,23,25,0.189,0.003,0.427,110.481
1777838655.104953,23,25,0.081,0.002,0.422,110.795
1777838656.1145282,23,25,0.093,0.003,0.424,111.572
1777838657.1267035,23,25,0.113,0.002,0.842,113.98
1777838658.1379697,23,25,0.081,0.002,0.585,116.411
1777838659.1510575,23,25,0.074,0.002,0.531,109.469
1777838660.1750672,23,25,0.092,0.003,0.434,117.615
1777838661.1854436,23,25,0.219,0.003,0.438,116.049
1777838662.1948166,23,25,0.124,0.003,0.436,111.326
1777838663.2199647,23,25,0.08,0.002,0.415,117.93
1777838664.2421088,23,25,0.079,0.002,0.413,120.859
1777838665.249231,23,25,0.081,0.002,0.674,116.243
1777838666.2535126,23,25,0.084,0.002,0.595,112.305
1777838667.2652493,23,25,0.067,0.002,0.664,113.022
1777838668.2750595,23,25,0.066,0.002,0.52,112.872
1777838669.2818608,23,25,0.069,0.003,0.418,110.596
1777838670.3025303,23,25,0.181,0.003,0.542,119.045
1777838671.3113966,23,25,0.069,0.002,0.401,119.569
1777838672.3219097,23,25,0.093,0.003,0.979,114.519
1777838673.3371441,23,25,0.065,0.002,0.521,113.913
1777838674.3500235,23,25,0.068,0.002,0.412,111.93
1777838675.3614018,23,25,0.055,0.001,0.415,115.484
1777838676.367083,23,25,0.057,0.002,0.642,110.631
1777838677.3785338,23,25,0.07,0.002,0.411,109.475
1777838678.3928168,23,25,0.09,0.003,0.467,113.054
1777838679.403817,23,5,0.06,0.003,0.142,111.092
1777838680.4198437,23,5,0.038,0.002,0.294,112.341
1777838681.4304235,23,5,0.03,0.001,0.129,112.042
1777838682.439528,23,5,0.03,0.001,0.131,112.74
1777838683.4564815,23,5,0.04,0.002,0.15,110.988
1777838684.467296,23,25,0.052,0.002,0.529,109.838
1777838685.489231,23,25,0.089,0.003,0.582,120.484
1777838686.4988377,23,25,0.077,0.002,0.528,111.294
1777838687.5097115,23,25,0.063,0.002,0.521,112.159
1777838688.526402,23,25,0.07,0.002,0.411,117.199
1777838689.5337787,23,25,0.102,0.003,0.483,111.216
1777838690.5425546,23,25,0.078,0.002,0.607,111.981
1777838691.5552351,23,25,0.314,0.003,0.458,113.25
1777838692.5662997,23,25,0.07,0.001,0.536,112.448
1777838693.5789123,23,25,0.066,0.002,0.542,111.157
1777838694.598483,23,5,0.046,0.002,0.121,114.011
1777838695.6151738,23,5,0.045,0.003,0.154,113.945
1777838696.6222572,23,5,0.027,0.002,0.131,111.966
1777838697.62925,23,5,0.026,0.001,0.252,108.739
1777838698.6371677,23,5,0.026,0.001,0.246,108.537
1777838699.6502204,23,25,0.041,0.002,0.51,111.917
1777838700.6560075,23,25,0.082,0.002,0.439,109.43
1777838701.6741333,23,25,0.071,0.002,0.658,113.024
1777838702.6871164,23,25,0.071,0.002,0.433,109.119
1777838703.6965158,23,25,0.151,0.002,0.427,109.491
1777838704.7060525,23,25,0.061,0.002,0.41,109.485
1777838705.7234228,23,25,0.147,0.002,0.514,117.78
1777838706.7313886,23,25,0.076,0.002,0.633,113.502
1777838707.7489126,23,25,0.102,0.003,0.438,116.914
1777838708.7602143,23,25,0.072,0.002,0.589,115.016
1777838709.7672799,23,25,0.061,0.002,0.552,112.53
1777838710.7860675,23,25,0.143,0.002,0.542,113.53
1777838711.806056,23,25,0.225,0.003,0.962,125.716
1777838712.8081794,23,25,0.073,0.002,0.423,114.985
1777838713.8305793,23,25,0.177,0.003,0.433,120.437
1777838714.8281407,23,25,0.073,0.002,0.571,110.508
1777838715.848475,23,25,0.091,0.003,0.59,120.973
1777838716.85172,23,25,0.155,0.003,0.436,115.392
1777838717.8652344,23,25,0.076,0.003,0.567,114.84
1777838718.873117,23,25,0.074,0.002,0.411,112.649
1777838719.892418,23,5,0.082,0.003,0.157,113.644
1777838720.9080632,23,5,0.032,0.002,0.149,111.961
1777838721.923555,23,5,0.035,0.002,0.137,113.908
1777838722.9470525,23,5,0.032,0.002,0.242,119.186
1777838723.948819,23,5,0.036,0.002,0.149,112.406
1777838724.9550662,23,25,0.059,0.002,0.55,110.945
1777838725.9662993,23,25,0.069,0.003,0.535,112.323
1777838726.979237,23,25,0.075,0.002,0.414,114.168
1777838727.984674,23,25,0.07,0.002,0.41,110.669
1777838728.9962537,23,25,0.067,0.002,0.412,112.144
1777838730.0030782,23,25,0.08,0.003,0.423,110.646
1777838731.010696,23,25,0.066,0.002,0.385,109.794
1777838732.02813,23,25,0.075,0.002,0.623,117.832
1777838733.028207,23,25,0.064,0.002,0.435,111.002
1777838734.0394125,23,25,0.066,0.002,0.416,113.776
1777838735.0447185,23,25,0.077,0.003,0.423,111.213
1777838736.0548646,23,25,0.069,0.001,0.419,112.947
1777838737.0659854,23,25,0.068,0.002,0.415,113.055
1777838738.076113,23,25,0.08,0.003,0.442,113.998
1777838739.104527,23,25,0.096,0.003,0.421,123.026
1777838740.1077964,23,25,0.103,0.003,0.447,114.489
1777838741.1155531,23,25,0.069,0.002,0.4,113.279
1777838742.1251633,23,25,0.045,0.002,0.384,115.166
1777838743.1336582,23,25,0.075,0.002,0.432,110.528
1777838744.153192,23,25,0.08,0.002,0.593,111.324
1777838745.1733968,23,25,0.083,0.002,0.417,114.368
1777838746.1906016,23,25,0.136,0.003,0.736,114.028
1777838747.2072535,23,25,0.08,0.002,0.579,113.335
1777838748.2162986,23,25,0.081,0.003,0.565,113.503
1777838749.225212,23,25,0.072,0.002,0.693,111.042
1777838750.2350354,23,25,0.075,0.002,0.409,112.36
1777838751.2439973,23,25,0.081,0.002,0.447,112.578
1777838752.2939587,23,25,0.067,0.002,0.425,117.519
1777838753.299408,23,25,0.086,0.002,0.585,109.417
1777838754.3101914,23,25,0.065,0.003,0.43,112.493
1777838755.3212476,23,5,0.051,0.002,0.25,111.567
1777838756.3290439,23,5,0.028,0.002,0.222,110.887
1777838757.3460195,23,5,0.033,0.002,0.127,116.287
1777838758.3617687,23,5,0.027,0.001,0.123,111.676
1777838759.381789,23,25,0.046,0.002,0.396,112.468
1777838760.3978894,23,25,0.072,0.002,0.524,119.249
1777838761.4091809,23,25,0.067,0.003,0.672,112.178
1777838762.4298394,23,25,0.081,0.003,0.444,117.373
1777838763.4308915,23,25,0.063,0.002,0.407,108.227
1777838764.449228,23,25,0.065,0.002,0.414,111.928
1777838765.47915,23,25,0.054,0.002,0.39,130.547
1777838766.471925,23,25,0.224,0.003,0.794,109.804
1777838767.482346,23,25,0.07,0.002,0.523,111.049
1777838768.5066803,23,25,0.072,0.002,0.417,118.933
1777838769.5106492,23,5,0.049,0.002,0.122,111.409
1777838770.540185,23,5,0.096,0.002,0.259,129.661
1777838771.5333128,23,5,0.036,0.002,0.21,110.744
1777838772.5568132,23,5,0.053,0.003,0.172,116.267
1777838773.5638027,23,5,0.028,0.002,0.125,112.334
1777838774.5862541,23,25,0.051,0.002,0.633,117.808
1777838775.5963693,23,25,0.085,0.002,0.622,112.769
1777838776.6128974,23,25,0.067,0.002,0.429,112.622
1777838777.6208375,23,25,0.226,0.003,0.541,111.454
1777838778.6375625,23,25,0.07,0.002,0.403,113.461
1777838779.6572793,23,25,0.077,0.002,0.567,118.028
1777838780.6652896,23,25,0.08,0.002,0.57,113.58
1777838781.673158,23,25,0.19,0.002,0.66,111.656
1777838782.689676,23,25,0.059,0.001,0.509,116.079
1777838783.6951725,23,25,0.062,0.002,0.661,112.21
1777838784.721174,23,5,0.037,0.002,0.138,127.344
1777838785.717181,23,5,0.026,0.002,0.124,111.436
1777838786.7352116,23,5,0.052,0.003,0.2,119.69
1777838787.7443976,23,5,0.031,0.001,0.227,113.403
1777838788.7520964,23,5,0.038,0.014,0.206,109.338
1777838789.7635639,23,25,0.159,0.002,0.469,111.277
1777838790.780075,23,25,0.067,0.002,0.626,116.135
1777838791.7857735,23,25,0.072,0.002,0.404,112.568
1777838792.8030875,23,25,0.059,0.002,0.516,111.476
1777838793.815857,23,25,0.064,0.002,0.411,113.212
1777838794.8348558,23,25,0.075,0.002,0.562,115.321
1777838795.8446267,23,25,0.168,0.002,0.514,113.675
1777838796.8584886,23,25,0.068,0.003,0.401,111.896
1777838797.8684022,23,25,0.142,0.002,0.702,111.685
1777838798.884455,23,25,0.078,0.002,0.533,116.979
1777838799.8888624,23,5,0.062,0.002,0.142,111.076
1777838800.8992195,23,5,0.042,0.003,0.31,109.465
1777838801.915254,23,5,0.038,0.002,0.148,112.54
1777838802.9323368,23,5,0.031,0.002,0.237,116.299
1777838803.9388168,23,5,0.03,0.002,0.131,108.492
1777838804.9497411,23,25,0.046,0.002,0.514,111.278
1777838805.965817,23,25,0.076,0.002,0.507,115.111
1777838806.9781926,23,25,0.074,0.002,0.53,113.108
1777838807.9888983,23,25,0.07,0.002,0.508,116.394
1777838808.9954653,23,25,0.151,0.003,0.418,112.377
1777838810.004249,23,25,0.075,0.002,0.406,109.434
1777838811.0181098,23,25,0.061,0.002,0.534,111.635
1777838812.027148,23,25,0.062,0.002,0.602,110.973
1777838813.0457566,23,25,0.083,0.002,0.419,116.924
1777838814.058825,23,25,0.065,0.002,0.61,111.301
1777838815.068199,23,25,0.102,0.003,0.763,110.771
1777838816.0796492,23,25,0.063,0.002,0.428,110.586
1777838817.0867958,23,25,0.08,0.003,0.408,109.698
1777838818.0958405,23,25,0.063,0.002,0.415,111.311
1777838819.1156483,23,25,0.072,0.002,0.397,115.005
1777838820.1243958,23,25,0.139,0.005,0.49,109.773
1777838821.1382885,23,25,0.08,0.002,0.546,113.023
1777838822.1522918,23,25,0.077,0.002,0.402,110.913
1777838823.1685438,23,25,0.252,0.004,0.928,114.845
1777838824.181825,23,25,0.092,0.003,0.436,115.0
1777838825.194059,23,5,0.052,0.002,0.126,113.498
1777838826.2106562,23,5,0.032,0.002,0.128,116.915
1777838827.2218401,23,5,0.03,0.001,0.127,111.943
1777838828.229891,23,5,0.03,0.002,0.308,110.734
1777838829.2498739,23,5,0.031,0.002,0.129,112.492
1777838830.2615795,23,25,0.043,0.001,0.391,112.969
1777838831.2801757,23,25,0.068,0.002,0.57,112.565
1777838832.2906268,23,25,0.17,0.003,0.566,109.215
1777838833.3064444,23,25,0.081,0.002,0.546,116.283
1777838834.337231,23,25,0.062,0.002,0.39,113.953
1777838835.353186,23,25,0.167,0.002,0.424,116.565
1777838836.3601108,23,25,0.118,0.003,0.45,112.545
1777838837.3665442,23,25,0.075,0.002,0.755,110.825
1777838838.3865366,23,25,0.159,0.002,0.458,113.114
1777838839.40242,23,25,0.069,0.002,0.518,116.534
1777838840.4098456,23,25,0.073,0.002,0.412,112.469
1777838841.4198525,23,25,0.111,0.002,0.621,113.008
1777838842.429697,23,25,0.098,0.002,0.548,113.099
1777838843.4387848,23,25,0.059,0.002,0.432,111.308
1777838844.4583287,23,25,0.066,0.002,0.605,119.106
1777838845.464267,23,25,0.068,0.002,0.426,112.248
1777838846.470748,23,25,0.064,0.002,0.434,110.324
1777838847.4835243,23,25,0.16,0.002,0.41,111.525
1777838848.5030038,23,25,0.071,0.002,0.645,115.432
1777838849.5178442,23,25,0.073,0.002,0.421,119.582
1777838850.5157552,23,25,0.069,0.002,0.41,107.893
1777838851.5279093,23,25,0.063,0.002,0.404,108.382
1777838852.5513194,23,25,0.077,0.002,0.551,117.688
1777838853.5529654,23,25,0.136,0.003,0.419,111.318
1777838854.5670786,23,25,0.063,0.002,0.377,111.156
1777838855.578409,23,25,0.072,0.002,0.555,112.597
1777838856.5841951,23,25,0.083,0.002,0.711,110.662
1777838857.5945833,23,25,0.08,0.002,0.437,111.921
1777838858.6098883,23,25,0.087,0.002,0.434,114.229
1777838859.6329565,23,25,0.069,0.002,0.418,115.003
1777838860.6402125,23,25,0.124,0.003,0.574,110.804
1777838861.6506479,23,25,0.084,0.002,0.457,110.958
1777838862.6637938,23,25,0.059,0.002,0.416,113.759
1777838863.6736283,23,25,0.059,0.001,0.418,113.824
1777838864.6776633,23,25,0.063,0.002,0.431,107.565
1777838865.6919813,23,25,0.058,0.001,0.391,111.634
1777838866.7010036,23,25,0.076,0.002,0.418,113.114
1777838867.713046,23,25,0.072,0.002,0.412,112.577
1777838868.7244866,23,25,0.062,0.002,0.514,113.284
1777838869.7430003,23,5,0.062,0.002,0.134,119.875
1777838870.7501624,23,5,0.031,0.002,0.124,117.321
1777838871.7538075,23,5,0.032,0.01,0.148,107.37
1777838872.7803695,23,5,0.03,0.002,0.123,119.031
1777838873.7887843,23,5,0.078,0.004,0.493,110.914
1777838874.8003,23,25,0.053,0.002,0.525,112.811
1777838875.8072743,23,25,0.289,0.002,0.656,112.551
1777838876.8278174,23,25,0.064,0.002,0.419,115.682
1777838877.838536,23,25,0.073,0.002,0.413,112.761
1777838878.8535352,23,25,0.068,0.002,0.569,112.071
1777838879.8647141,23,25,0.073,0.002,0.417,112.914
1777838880.8709347,23,25,0.065,0.002,0.626,111.166
1777838881.8806162,23,25,0.503,0.002,0.424,111.273
1777838882.8972752,23,25,0.067,0.002,0.403,115.477
1777838883.9220972,23,25,0.058,0.002,0.507,130.196
1777838884.9162474,23,25,0.077,0.002,0.402,112.957
1777838885.9242911,23,25,0.074,0.002,0.623,111.847
1777838886.931174,23,25,0.071,0.002,0.538,109.939
1777838887.938863,23,25,0.063,0.002,0.515,110.21
1777838888.951182,23,25,0.068,0.002,0.525,112.691
1777838889.9617121,23,25,0.064,0.002,0.391,111.101
1777838890.9748287,23,25,0.071,0.003,0.41,113.05
1777838891.9791484,23,25,0.06,0.002,0.515,108.595
1777838892.9895132,23,25,0.057,0.002,0.441,109.886
1777838894.0048406,23,25,0.17,0.002,0.408,114.172
1777838895.012452,23,5,0.064,0.002,0.134,112.703
1777838896.0261464,23,5,0.033,0.001,0.127,111.899
1777838897.0426323,23,5,0.037,0.002,0.139,114.423
1777838898.052099,23,5,0.038,0.002,0.268,111.609
1777838899.0660028,23,5,0.044,0.002,0.219,116.807
1777838900.0677447,23,25,0.051,0.002,0.635,109.154
1777838901.080133,23,25,0.061,0.002,0.393,114.289
1777838902.084368,23,25,0.071,0.002,0.433,109.033
1777838903.0952404,23,25,0.07,0.003,0.407,108.4
1777838904.1182964,23,25,0.093,0.003,0.441,119.591
1777838905.1280599,23,25,0.092,0.002,0.701,114.042
1777838906.1566145,23,25,0.088,0.002,0.536,130.169
1777838907.1941874,23,25,0.226,0.007,0.773,154.727
1777838908.1741047,23,25,0.108,0.003,0.755,119.451
1777838909.1808188,23,25,0.097,0.003,0.456,114.921
1777838910.1954567,23,5,0.063,0.002,0.136,111.192
1777838911.2065659,23,5,0.035,0.002,0.133,111.724
1777838912.218696,23,5,0.03,0.002,0.128,112.122
1777838913.2640777,23,5,0.037,0.002,0.236,112.582
1777838914.2792606,23,5,0.031,0.002,0.131,112.57
1777838915.294202,23,25,0.058,0.002,0.422,112.999
1777838916.3035975,23,25,0.071,0.002,0.557,111.581
1777838917.3184,23,25,0.083,0.002,0.579,114.965
1777838918.3268232,23,25,0.069,0.002,0.412,111.636
1777838919.342821,23,25,0.072,0.002,0.448,111.945
1777838920.356113,23,25,0.122,0.003,0.654,113.585
1777838921.361589,23,25,0.075,0.002,0.429,111.198
1777838922.3757648,23,25,0.092,0.002,0.441,113.024
1777838923.3914533,23,25,0.085,0.002,0.418,111.437
1777838924.4096553,23,25,0.066,0.009,0.487,118.077
1777838925.4168377,23,5,0.048,0.001,0.133,112.377
1777838926.427622,23,5,0.032,0.001,0.131,112.45
1777838927.4415705,23,5,0.028,0.002,0.118,111.431
1777838928.454216,23,5,0.031,0.002,0.222,112.666
1777838929.4637687,23,5,0.028,0.002,0.127,111.413
1777838930.47654,23,25,0.125,0.002,0.417,112.21
1777838931.4843855,23,25,0.118,0.002,0.421,109.654
1777838932.4952302,23,25,0.088,0.003,0.767,111.404
1777838933.5095353,23,25,0.103,0.003,1.018,113.966
1777838934.5279117,23,25,0.072,0.002,0.42,114.71
1777838935.542855,23,25,0.072,0.002,0.405,111.914
1777838936.553058,23,25,0.071,0.003,0.545,110.492
1777838937.5740132,23,25,0.07,0.002,0.417,113.201
1777838938.5900314,23,25,0.065,0.002,0.412,111.659
1777838939.6162624,23,25,0.05,0.002,0.389,125.435
1777838940.6135173,23,25,0.066,0.002,0.391,111.883
1777838941.6276295,23,25,0.066,0.002,0.579,110.717
1777838942.6533744,23,25,0.108,0.003,0.863,123.673
1777838943.652932,23,25,0.066,0.002,0.407,111.998
1777838944.6684809,23,25,0.068,0.002,0.403,117.982
1777838945.6691344,23,25,0.154,0.002,0.414,109.533
1777838946.6801333,23,25,0.072,0.002,0.556,111.013
1777838947.6908593,23,25,0.068,0.002,0.532,111.635
1777838948.7025814,23,25,0.075,0.002,0.625,112.136
1777838949.7191136,23,25,0.084,0.002,0.437,116.883
1777838950.7264786,23,5,0.049,0.002,0.128,112.072
1777838951.7428086,23,5,0.031,0.002,0.121,113.059
1777838952.7577293,23,5,0.03,0.001,0.124,111.319
1777838953.763141,23,5,0.027,0.002,0.222,108.366
1777838954.7783878,23,5,0.025,0.002,0.113,111.862
1777838955.7888668,23,25,0.151,0.002,0.429,111.466
1777838956.7965302,23,25,0.177,0.003,0.441,112.432
1777838957.8091462,23,25,0.062,0.002,0.386,111.217
1777838958.819261,23,25,0.064,0.002,0.701,111.963
1777838959.8565898,23,25,0.191,0.002,0.42,111.593
1777838960.87302,23,25,0.078,0.002,0.449,113.944
1777838961.8883471,23,25,0.082,0.002,0.445,116.298
1777838962.8967059,23,25,0.071,0.002,0.428,112.687
1777838963.9073198,23,25,0.067,0.002,0.55,112.626
1777838964.9121943,23,25,0.066,0.002,0.638,108.946
1777838965.933171,23,5,0.052,0.002,0.125,114.59
1777838966.9412088,23,5,0.03,0.002,0.122,112.702
1777838967.9508836,23,5,0.03,0.002,0.124,111.997
1777838968.9680176,23,5,0.027,0.002,0.12,111.38
1777838969.98923,23,5,0.025,0.002,0.133,118.51
1777838970.9976015,23,25,0.046,0.001,0.426,112.441
1777838972.0077684,23,25,0.073,0.002,0.402,111.719
1777838973.0258331,23,25,0.126,0.003,0.978,113.787
1777838974.0302348,23,25,0.059,0.002,0.516,109.935
1777838975.0489638,23,25,0.286,0.002,0.539,113.978
1777838976.0611174,23,25,0.062,0.002,0.595,112.467
1777838977.0733886,23,25,0.293,0.003,0.568,110.512
1777838978.086426,23,25,0.06,0.002,0.741,111.933
1777838979.096354,23,25,0.078,0.002,0.542,111.424
1777838980.1136792,23,25,0.067,0.001,0.417,111.373
1777838981.121391,23,25,0.078,0.002,0.44,110.906
1777838982.1354086,23,25,0.068,0.002,0.461,113.704
1777838983.1486044,23,25,0.087,0.002,0.422,116.449
1777838984.1558714,23,25,0.064,0.002,0.398,111.973
1777838985.1846652,23,25,0.071,0.002,0.407,111.389
1777838986.1989532,23,25,0.069,0.002,0.396,111.706
1777838987.210969,23,25,0.068,0.002,0.664,111.426
1777838988.232518,23,25,0.182,0.003,0.451,112.687
1777838989.2423534,23,25,0.072,0.002,0.615,111.478
1777838990.258999,23,25,0.066,0.002,0.524,111.202
1777838991.2773328,23,25,0.148,0.002,0.412,115.068
1777838992.2851448,23,25,0.075,0.002,0.408,114.974
1777838993.2916868,23,25,0.076,0.002,0.418,110.465
1777838994.2978327,23,25,0.068,0.002,0.428,109.133
1777838995.31138,23,25,0.067,0.002,0.615,111.733
1777838996.3205993,23,25,0.082,0.002,0.448,111.054
1777838997.3306623,23,25,0.078,0.002,0.909,111.606
1777838998.351822,23,25,0.104,0.003,0.444,115.196
1777838999.3666215,23,25,0.074,0.002,0.528,120.403
1777839000.384005,23,5,0.262,0.005,0.258,126.179
1777839001.3842752,23,5,0.037,0.002,0.135,112.71
1777839002.400675,23,5,0.025,0.001,0.119,116.185
1777839003.4085283,23,5,0.028,0.002,0.13,112.735
1777839004.4231544,23,5,0.12,0.003,0.144,116.665
1777839005.4284234,23,25,0.052,0.002,0.546,112.695
1777839006.4357388,23,25,0.079,0.003,0.45,109.071
1777839007.4487374,23,25,0.078,0.002,0.411,113.25
1777839008.454843,23,25,0.071,0.002,0.441,110.336
1777839009.4739254,23,25,0.079,0.002,0.439,115.848
1777839010.4908688,23,25,0.078,0.002,0.442,118.966
1777839011.4963849,23,25,0.077,0.002,0.412,113.732
1777839012.5077763,23,25,0.067,0.002,0.545,113.125
1777839013.5196085,23,25,0.066,0.002,0.532,112.58
1777839014.5290158,23,25,0.072,0.002,0.712,112.678
1777839015.5487146,23,5,0.05,0.002,0.137,116.372
1777839016.5609052,23,5,0.029,0.001,0.221,111.165
1777839017.57115,23,5,0.028,0.001,0.247,111.001
1777839018.5873523,23,5,0.036,0.002,0.139,117.518
1777839019.5915234,23,5,0.032,0.002,0.132,111.392
1777839020.6008184,23,25,0.054,0.002,0.446,108.925
1777839021.6135354,23,25,0.071,0.002,0.458,111.696
1777839022.6310077,23,25,0.077,0.002,0.524,119.41
1777839023.6356525,23,25,0.068,0.002,0.559,112.386
1777839024.6474957,23,25,0.065,0.002,0.459,112.648
1777839025.6512864,23,25,0.055,0.002,0.493,108.435
1777839026.6654599,23,25,0.067,0.002,0.594,111.117
1777839027.677129,23,25,0.071,0.017,0.391,111.176
1777839028.6820147,23,25,0.129,0.002,0.403,108.403
1777839029.6976683,23,25,0.092,0.002,0.422,112.622
1777839030.7085927,23,25,0.083,0.002,0.427,112.473
1777839031.7246397,23,25,0.067,0.002,0.614,111.223
1777839032.7359827,23,25,0.068,0.002,0.521,111.595
1777839033.7438176,23,25,0.065,0.002,0.412,109.511
1777839034.7522097,23,25,0.145,0.002,0.414,108.778
1777839035.7647254,23,25,0.065,0.002,0.443,110.108
1777839036.7996194,23,25,0.058,0.002,0.4,132.664
1777839037.7868633,23,25,0.059,0.002,0.443,108.199
1777839038.8024023,23,25,0.056,0.002,0.477,109.775
1777839039.8194206,23,25,0.061,0.002,0.48,111.643
1777839040.83161,23,25,0.064,0.002,0.403,110.61
1777839041.8451912,23,25,0.092,0.002,0.776,112.14
1777839042.85358,23,25,0.081,0.002,0.553,109.875
1777839043.8610137,23,25,0.082,0.002,0.43,110.079
1777839044.8773284,23,25,0.071,0.002,0.534,112.114
1777839045.8888714,23,25,0.158,0.002,0.413,112.553
1777839046.9072127,23,25,0.071,0.002,0.601,119.0
1777839047.9330869,23,25,0.133,0.003,0.453,110.148
1777839048.9472919,23,25,0.15,0.003,0.422,113.122
1777839049.954844,23,25,0.064,0.002,0.399,111.742
1777839050.9665613,23,25,0.175,0.002,0.426,110.989
1777839051.9783833,23,25,0.071,0.002,0.603,112.123
1777839052.98653,23,25,0.072,0.002,0.421,109.569
1777839054.0059288,23,25,0.057,0.002,0.535,111.828
1777839055.017608,23,25,0.071,0.002,0.409,111.242
1777839056.0256593,23,25,0.067,0.002,0.401,110.054
1777839057.0424,23,25,0.062,0.002,0.459,112.469
1777839058.052167,23,25,0.065,0.002,0.535,111.508
1777839059.0639868,23,25,0.068,0.002,0.405,112.385
1777839060.076288,23,25,0.153,0.002,0.539,112.36
1777839061.083767,23,5,0.046,0.002,0.272,109.36
1777839062.0945706,23,5,0.134,0.002,0.127,110.172
1777839063.1071227,23,5,0.028,0.002,0.313,112.037
1777839064.1445768,23,5,0.023,0.002,0.115,134.716
1777839065.1326768,23,5,0.027,0.002,0.127,111.871
1777839066.1446521,23,25,0.046,0.002,0.395,112.338
1777839067.1564834,23,25,0.063,0.002,0.549,112.432
1777839068.1708355,23,25,0.065,0.002,0.424,113.112
1777839069.1835027,23,25,0.064,0.002,0.396,115.115
1777839070.1946862,23,25,0.065,0.002,0.405,112.476
1777839071.2021215,23,25,0.063,0.002,0.637,110.976
1777839072.216105,23,25,0.162,0.002,0.601,111.876
1777839073.2243652,23,25,0.065,0.002,0.402,109.811
1777839074.2349327,23,25,0.068,0.003,0.418,110.107
1777839075.2521362,23,25,0.067,0.002,0.401,111.45
1777839076.258529,23,25,0.163,0.002,0.404,109.106
1777839077.2678597,23,25,0.065,0.002,0.544,108.504
1777839078.2883668,23,25,0.073,0.002,0.575,112.273
1777839079.302745,23,25,0.07,0.002,0.438,112.437
1777839080.308863,23,25,0.062,0.002,0.592,110.978
1777839081.3182812,23,25,0.06,0.002,0.641,112.083
1777839082.3264725,23,25,0.145,0.002,0.401,110.969
1777839083.3374286,23,25,0.067,0.002,0.401,110.935
1777839084.3472216,23,25,0.144,0.003,0.54,110.872
1777839085.3626184,23,25,0.068,0.002,0.565,115.243
1777839086.3759565,23,5,0.052,0.002,0.128,111.636
1777839087.38974,23,5,0.031,0.001,0.123,112.236
1777839088.3993204,23,5,0.032,0.002,0.204,111.006
1777839089.4178865,23,5,0.031,0.002,0.127,112.358
1777839090.4266763,23,5,0.03,0.002,0.125,111.814
1777839091.439558,23,25,0.045,0.002,0.511,113.372
1777839092.4553819,23,25,0.07,0.002,0.522,112.37
1777839093.4660764,23,25,0.07,0.002,0.707,112.794
1777839094.4752717,23,25,0.071,0.002,0.548,110.929
1777839095.488908,23,25,0.064,0.002,0.407,112.339
1777839096.5002282,23,25,0.118,0.004,0.438,114.98
1777839097.5174923,23,25,0.086,0.002,0.427,115.613
1777839098.5349455,23,25,0.07,0.002,0.426,116.113
1777839099.5400991,23,25,0.069,0.002,0.632,111.012
1777839100.5643866,23,25,0.072,0.002,0.617,117.997
1777839101.5698164,23,25,0.073,0.002,0.413,112.917
1777839102.581183,23,25,0.075,0.002,0.667,110.945
1777839103.5937264,23,25,0.128,0.004,0.991,111.191
1777839104.602843,23,25,0.096,0.003,0.548,111.574
1777839105.6145139,23,25,0.153,0.002,0.405,112.022
1777839106.6322768,23,25,0.091,0.002,0.421,118.33
1777839107.633177,23,25,0.07,0.002,0.697,110.945
1777839108.6517804,23,25,0.066,0.002,0.43,114.529
1777839109.6562219,23,25,0.058,0.002,0.624,109.985
1777839110.6753523,23,25,0.146,0.003,0.407,113.308
1777839111.6915584,23,25,0.069,0.002,0.391,112.823
1777839112.6977108,23,25,0.064,0.002,0.48,107.485
1777839113.7133982,23,25,0.066,0.002,0.537,112.573
1777839114.7238073,23,25,0.059,0.001,0.49,111.833
1777839115.7310867,23,25,0.069,0.002,0.416,109.557
1777839116.7422955,23,25,0.074,0.002,0.6,109.566
1777839117.7543561,23,25,0.089,0.022,0.592,112.126
1777839118.7651165,23,25,0.063,0.002,0.499,113.116
1777839119.7745028,23,25,0.065,0.002,0.673,111.164
1777839120.791696,23,25,0.076,0.002,0.582,113.303
1777839121.7968907,23,25,0.059,0.002,0.405,109.135
1777839122.813166,23,25,0.06,0.002,0.402,110.921
1777839123.8218808,23,25,0.086,0.002,0.445,112.229
1777839124.8266196,23,25,0.055,0.002,0.394,107.96
1777839125.8385952,23,25,0.062,0.002,0.421,109.558
1777839126.854566,23,25,0.239,0.004,0.529,113.04
1777839127.870508,23,25,0.072,0.002,0.544,119.659
1777839128.874487,23,25,0.072,0.002,0.423,111.537
1777839129.8867142,23,25,0.073,0.002,0.449,113.108
1777839130.8956468,23,25,0.058,0.002,0.534,110.81
1777839131.9395926,23,25,0.091,0.002,0.537,142.493
1777839132.914187,23,25,0.066,0.002,0.422,108.873
1777839133.92782,23,25,0.079,0.002,0.457,113.116
1777839134.9440312,23,25,0.072,0.001,0.416,111.542
1777839135.9564471,23,25,0.072,0.002,0.412,115.332
1777839136.9614458,23,25,0.064,0.001,0.566,109.751
1777839137.9749334,23,25,0.058,0.002,0.425,111.852
1777839138.9852562,23,25,0.067,0.002,0.628,111.183
1777839139.9955082,23,25,0.199,0.002,0.411,110.855
1777839141.0079165,23,5,0.046,0.002,0.122,112.343
1777839142.0151336,23,5,0.027,0.002,0.125,109.032
1777839143.0255692,23,5,0.028,0.001,0.127,109.357
1777839144.0446162,23,5,0.026,0.002,0.117,112.57
1777839145.0572622,23,5,0.025,0.001,0.262,110.218
1777839146.074358,23,25,0.049,0.002,0.572,112.386
1777839147.0884106,23,25,0.068,0.002,0.628,110.729
1777839148.096297,23,25,0.065,0.002,0.624,110.307
1777839149.1083298,23,25,0.25,0.002,0.625,111.664
1777839150.1232202,23,25,0.074,0.003,0.419,113.679
1777839151.1387637,23,25,0.158,0.003,0.431,114.291
1777839152.1462646,23,25,0.07,0.002,0.422,112.955
1777839153.1566353,23,25,0.067,0.002,0.435,108.469
1777839154.1696727,23,25,0.062,0.001,0.417,111.727
1777839155.178152,23,25,0.065,0.001,0.41,112.72
1777839156.1875281,23,25,0.065,0.002,0.405,114.759
1777839157.1909363,23,25,0.062,0.002,0.389,110.439
1777839158.1995122,23,25,0.062,0.002,0.569,107.96
1777839159.2211251,23,25,0.062,0.002,0.425,114.646
1777839160.2351959,23,25,0.069,0.002,0.438,117.349
1777839161.2411973,23,25,0.067,0.002,0.431,115.788
1777839162.2466369,23,25,0.072,0.002,0.407,112.633
1777839163.2531164,23,25,0.065,0.002,0.41,110.688
1777839164.266578,23,25,0.06,0.002,0.418,109.055
1777839165.2947345,23,25,0.061,0.002,0.395,116.957
1777839166.3023274,23,25,0.06,0.002,0.398,114.999
1777839167.3056777,23,25,0.073,0.003,0.597,108.09
1777839168.3167164,23,25,0.08,0.003,0.695,109.691
1777839169.3285978,23,25,0.064,0.002,0.415,111.729
1777839170.3370397,23,25,0.056,0.002,0.421,111.413
1777839171.3525712,23,25,0.067,0.002,0.397,112.614
1777839172.3787405,23,25,0.075,0.003,0.853,117.096
1777839173.392155,23,25,0.073,0.002,0.396,116.706
1777839174.4057667,23,25,0.074,0.002,0.398,116.695
1777839175.4114182,23,25,0.063,0.002,0.422,112.427
1777839176.4257152,23,25,0.057,0.002,0.416,113.199
1777839177.4432502,23,25,0.063,0.002,0.409,114.339
1777839178.4605446,23,25,0.063,0.002,0.406,113.59
1777839179.468041,23,25,0.057,0.002,0.498,110.364
1777839180.4854858,23,25,0.151,0.002,0.437,111.795
1777839181.5023315,23,25,0.066,0.002,0.59,112.535
1777839182.5198936,23,25,0.066,0.002,0.408,114.372
1777839183.5477087,23,25,0.052,0.002,0.405,129.981
1777839184.5533028,23,25,0.078,0.002,0.778,116.163
1777839185.563801,23,25,0.075,0.002,0.448,114.987
1777839186.5781841,23,5,0.053,0.002,0.142,114.248
1777839187.5866494,23,5,0.025,0.002,0.125,111.654
1777839188.59846,23,5,0.033,0.002,0.133,113.37
1777839189.6058338,23,5,0.028,0.002,0.123,111.338
1777839190.6262531,23,5,0.029,0.002,0.125,113.787
1777839191.630594,23,25,0.056,0.002,0.422,110.462
1777839192.6488874,23,25,0.066,0.002,0.398,112.9
1777839193.6561742,23,25,0.065,0.002,0.695,111.919
1777839194.6659791,23,25,0.066,0.002,0.428,112.158
1777839195.6775737,23,25,0.062,0.002,0.525,113.027
1777839196.7153518,23,25,0.083,0.003,0.83,139.178
1777839197.69788,23,25,0.077,0.002,0.421,110.377
1777839198.7193222,23,25,0.058,0.002,0.403,117.841
1777839199.7282293,23,25,0.099,0.003,0.438,112.823
1777839200.748963,23,25,0.069,0.002,0.435,111.107
1777839201.757873,23,25,0.078,0.002,0.414,110.066
1777839202.779657,23,25,0.08,0.002,0.427,124.16
1777839203.7775397,23,25,0.09,0.002,0.653,112.303
1777839204.7874846,23,25,0.066,0.002,0.736,111.769
1777839205.7939405,23,25,0.063,0.002,0.401,109.896
1777839206.800322,23,25,0.071,0.002,0.547,108.281
1777839207.8151255,23,25,0.079,0.002,0.569,112.864
1777839208.825422,23,25,0.078,0.002,0.668,110.501
1777839209.835063,23,25,0.066,0.002,0.597,109.932
1777839210.8513305,23,5,0.062,0.002,0.137,113.461
1777839211.8710732,23,5,0.039,0.002,0.28,119.015
1777839212.8794987,23,5,0.039,0.002,0.14,113.739
1777839213.8857126,23,5,0.031,0.002,0.133,109.906
1777839214.8974843,23,5,0.033,0.001,0.131,111.908
1777839215.9130435,23,25,0.068,0.002,0.426,111.245
1777839216.929413,23,25,0.072,0.002,0.572,115.6
1777839217.9346533,23,25,0.079,0.002,0.437,112.803
1777839218.9597876,23,25,0.078,0.003,0.442,116.237
1777839219.9657416,23,25,0.069,0.002,0.425,110.924
1777839220.975323,23,25,0.067,0.002,0.413,111.74
1777839221.9850051,23,25,0.118,0.002,0.529,109.929
1777839222.996307,23,25,0.063,0.002,0.522,110.875
1777839224.0065732,23,25,0.268,0.003,0.515,110.702
1777839225.019127,23,25,0.083,0.002,0.628,112.256
1777839226.0270038,23,5,0.046,0.002,0.121,110.253
1777839227.0617545,23,5,0.033,0.002,0.133,135.818
1777839228.0499175,23,5,0.029,0.002,0.133,112.196
1777839229.0628247,23,5,0.028,0.001,0.115,114.001
1777839230.0722198,23,5,0.033,0.002,0.143,112.13
1777839231.0815115,23,25,0.044,0.002,0.403,110.698
1777839232.0928614,23,25,0.069,0.002,0.435,111.2
1777839233.1010268,23,25,0.061,0.002,0.491,110.356
1777839234.1182168,23,25,0.066,0.002,0.407,113.104
1777839235.1236856,23,25,0.072,0.002,0.43,110.843
1777839236.1654067,23,25,0.058,0.002,0.514,114.009
1777839237.1676636,23,25,0.06,0.002,0.406,108.192
1777839238.1791945,23,25,0.056,0.002,0.59,109.791
1777839239.1953795,23,25,0.063,0.001,0.505,112.192
1777839240.2061765,23,25,0.062,0.002,0.511,112.155
1777839241.2142885,23,25,0.045,0.001,0.396,109.553
1777839242.2341344,23,5,0.194,0.003,0.139,114.805
1777839243.2493253,23,5,0.038,0.002,0.296,117.851
1777839244.256399,23,5,0.037,0.002,0.138,113.124
1777839245.2699053,23,5,0.033,0.002,0.128,115.14
1777839246.2788546,23,25,0.048,0.002,0.54,112.47
1777839247.2892277,23,25,0.076,0.002,0.67,114.292
1777839248.2983344,23,25,0.07,0.002,0.685,111.995
1777839249.3135793,23,25,0.103,0.003,0.9,116.146
1777839250.3188875,23,25,0.063,0.002,0.397,112.308
1777839251.3274906,23,25,0.145,0.002,0.597,111.005
1777839252.3356292,23,25,0.072,0.002,0.571,109.239
1777839253.3493302,23,25,0.082,0.002,0.563,112.924
1777839254.3554065,23,25,0.125,0.003,0.69,110.919
1777839255.3716598,23,25,0.08,0.002,0.548,115.467
1777839256.3874419,23,25,0.069,0.003,0.546,115.1
1777839257.3984632,23,25,0.07,0.002,0.404,114.618
1777839258.40627,23,25,0.065,0.002,0.556,112.114
1777839259.4196184,23,25,0.066,0.002,0.543,112.594
1777839260.4323459,23,25,0.063,0.002,0.69,112.742
1777839261.4452567,23,25,0.082,0.002,3.183,118.37
1777839262.457139,23,25,0.066,0.002,0.558,115.379
1777839263.4594014,23,25,0.072,0.002,0.651,109.499
1777839264.4734046,23,25,0.06,0.002,0.404,111.235
1777839265.4786835,23,25,0.064,0.002,0.446,108.447
1777839266.4953258,23,5,0.041,0.002,0.195,109.926
1777839267.511897,23,5,0.029,0.002,0.128,110.561
1777839268.524226,23,5,0.028,0.002,0.123,111.633
1777839269.5359554,23,5,0.03,0.002,0.122,115.715
1777839270.5392075,23,5,0.033,0.001,0.133,111.723
1777839271.5539515,23,25,0.057,0.002,0.494,112.1
1777839272.5737016,23,25,0.176,0.003,0.458,119.175
1777839273.5856693,23,25,0.073,0.002,0.414,119.102
1777839274.593423,23,25,0.068,0.002,0.44,114.397
1777839275.5963879,23,25,0.074,0.002,0.554,108.818
1777839276.610141,23,25,0.087,0.003,0.647,113.312
1777839277.623396,23,25,0.065,0.002,0.534,108.462
1777839278.6422224,23,25,0.081,0.002,0.679,116.399
1777839279.6436527,23,25,0.073,0.002,0.441,109.945
1777839280.6623366,23,25,0.076,0.002,0.395,113.791
1777839281.6829834,23,5,0.041,0.001,0.122,116.831
1777839282.6838403,23,5,0.03,0.002,0.129,109.06
1777839283.6991005,23,5,0.032,0.001,0.127,112.959
1777839284.7066042,23,5,0.029,0.002,0.127,110.057
1777839285.733506,23,5,0.038,0.002,0.234,118.87
1777839286.7523959,23,25,0.064,0.002,0.436,120.368
1777839287.760638,23,25,0.113,0.002,0.807,117.126
1777839288.7647893,23,25,0.071,0.002,0.436,113.694
1777839289.7837331,23,25,0.061,0.002,0.416,114.92
1777839290.8103354,23,25,0.161,0.002,0.531,110.988
1777839291.8269825,23,25,0.074,0.002,0.416,112.813
1777839292.8473961,23,25,0.067,0.002,0.51,114.879
1777839293.8489118,23,25,0.109,0.002,0.418,109.179
1777839294.8662708,23,25,0.063,0.002,0.568,114.533
1777839295.8752573,23,25,0.075,0.002,0.537,112.368
1777839296.8905978,23,25,0.07,0.002,0.415,113.207
1777839297.9000707,23,25,0.144,0.002,0.515,112.376
1777839298.9117858,23,25,0.06,0.001,0.429,113.227
1777839299.9212956,23,25,0.102,0.002,0.544,112.535
1777839300.9425793,23,25,0.087,0.002,0.544,119.639
1777839301.9481628,23,25,0.152,0.003,0.417,113.294
1777839302.968048,23,25,0.09,0.002,0.427,116.682
1777839303.9755118,23,25,0.183,0.003,0.448,112.03
1777839304.9961083,23,25,0.089,0.003,0.538,118.819
1777839305.9996574,23,25,0.096,0.002,0.392,114.744
1777839307.0127878,23,17,0.482,0.003,0.512,113.981
1777839308.0323634,23,5,0.047,0.001,0.123,116.169
1777839309.0436978,23,5,0.039,0.002,0.139,114.572
1777839310.0526369,23,5,0.03,0.002,0.131,113.031
1777839311.0671716,23,5,0.061,0.003,0.211,110.435
1777839312.0957353,23,25,0.056,0.002,0.528,119.698
1777839313.1023476,23,25,0.137,0.003,0.847,117.383
1777839314.122441,23,25,0.127,0.002,0.518,116.958
1777839315.1256957,23,25,0.08,0.002,0.474,112.72
1777839316.1460156,23,25,0.067,0.002,0.536,111.813
1777839317.15781,23,25,0.086,0.003,0.455,108.791
1777839318.1754138,23,25,0.088,0.003,0.495,115.903
1777839319.1789322,23,25,0.073,0.002,0.425,110.105
1777839320.1960638,23,25,0.093,0.003,0.443,113.779
1777839321.2249255,23,5,0.065,0.002,0.241,113.253
1777839322.2326207,23,5,0.041,0.002,0.161,111.925
1777839323.2448874,23,5,0.032,0.002,0.129,112.394
1777839324.2485132,23,5,0.031,0.002,0.132,108.09
1777839325.2640762,23,5,0.04,0.002,0.408,113.739
1777839326.2743723,23,25,0.048,0.001,0.532,112.335
1777839327.2812097,23,25,0.068,0.002,0.431,109.433
1777839328.2927928,23,25,0.077,0.002,0.442,110.979
1777839329.3039207,23,25,0.07,0.002,0.442,110.166
1777839330.3123994,23,25,0.09,0.002,0.714,111.081
1777839331.3269818,23,25,0.059,0.002,0.528,110.308
1777839332.3456545,23,25,0.073,0.002,0.425,112.917
1777839333.3545525,23,25,0.066,0.002,0.413,112.13
1777839334.360702,23,25,0.063,0.002,0.485,110.121
1777839335.37316,23,25,0.061,0.002,0.651,111.323
1777839336.3821762,23,25,0.081,0.002,0.518,111.183
1777839337.4012253,23,25,0.087,0.003,0.429,121.264
1777839338.406567,23,25,0.18,0.003,0.452,115.305
1777839339.4134612,23,25,0.08,0.002,0.602,112.917
1777839340.4249203,23,25,0.073,0.002,0.452,112.371
1777839341.437048,23,25,0.067,0.002,0.545,112.196
1777839342.4436707,23,25,0.069,0.002,0.413,111.092
1777839343.4541817,23,25,0.073,0.001,0.405,111.87
1777839344.4667482,23,25,0.061,0.002,0.401,111.881
1777839345.4745455,23,25,0.062,0.002,0.623,111.69
1777839346.4923213,23,25,0.066,0.002,0.383,113.228
1777839347.5096343,23,25,0.149,0.002,0.41,112.507
1777839348.5204635,23,25,0.063,0.002,0.53,113.04
1777839349.5303533,23,25,0.085,0.002,0.646,112.567
1777839350.543173,23,25,0.07,0.002,0.405,111.797
1777839351.577776,23,25,0.071,0.003,0.528,136.745
1777839352.5635946,23,25,0.187,0.003,0.489,111.962
1777839353.5771697,23,25,0.075,0.002,0.587,114.668
1777839354.5851364,23,25,0.071,0.002,0.535,112.789
1777839355.5981767,23,25,0.072,0.002,0.652,112.68
1777839356.6067164,23,25,0.067,0.002,0.553,107.987
1777839357.629341,23,25,0.063,0.002,0.581,112.742
1777839358.640484,23,25,0.075,0.002,0.558,112.876
1777839359.6567304,23,25,0.079,0.002,0.42,112.626
1777839360.6700382,23,25,0.075,0.002,0.739,114.727
1777839361.6859076,23,25,0.073,0.003,0.415,117.919
1777839362.6928627,23,25,0.082,0.002,0.42,112.529
1777839363.6990242,23,25,0.067,0.002,0.443,108.923
1777839364.7184565,23,25,0.066,0.002,0.546,112.045
1777839365.7266355,23,25,0.075,0.002,0.422,109.861
1777839366.741771,23,5,0.213,0.004,0.191,109.466
1777839367.7512405,23,5,0.023,0.001,0.122,110.607
1777839368.7604396,23,5,0.033,0.002,0.134,111.253
1777839369.7700021,23,5,0.032,0.002,0.221,109.845
1777839370.7818367,23,5,0.028,0.002,0.119,111.583
1777839371.7957025,23,25,0.049,0.002,0.429,112.519
1777839372.8128872,23,25,0.085,0.003,0.466,111.182
1777839373.827941,23,25,0.095,0.003,0.444,117.706
1777839374.8415132,23,25,0.075,0.002,0.461,119.58
1777839375.8431742,23,25,0.095,0.002,0.427,112.087
1777839376.8503606,23,25,0.068,0.002,0.699,110.59
1777839377.8586812,23,25,0.059,0.002,0.592,110.09
1777839378.8724885,23,25,0.062,0.002,0.503,112.33
1777839379.9083269,23,25,0.059,0.002,0.529,111.5
1777839380.9195218,23,25,0.278,0.002,0.436,112.057
1777839381.9318712,23,5,0.049,0.002,0.12,116.879
1777839382.943325,23,5,0.036,0.002,0.139,113.143
1777839383.9554691,23,5,0.028,0.002,0.134,111.929
1777839384.970015,23,5,0.029,0.001,0.139,114.067
1777839385.984582,23,5,0.027,0.002,0.139,112.38
1777839386.9946053,23,25,0.044,0.002,0.39,110.365
1777839388.0082743,23,25,0.067,0.002,0.643,111.914
1777839389.0235178,23,25,0.091,0.002,0.435,117.605
1777839390.0460644,23,25,0.139,0.003,0.431,109.463
1777839391.0542789,23,25,0.064,0.002,0.514,109.952
1777839392.0686197,23,25,0.061,0.001,0.406,112.403
1777839393.0807068,23,25,0.065,0.002,0.42,112.128
1777839394.0944524,23,25,0.061,0.002,0.512,112.285
1777839395.101659,23,25,0.113,0.002,0.45,109.453
1777839396.1175628,23,25,0.075,0.002,0.402,113.402
1777839397.1265087,23,5,0.045,0.002,0.205,110.941
1777839398.1373029,23,5,0.029,0.001,0.124,110.771
1777839399.1429157,23,5,0.027,0.002,0.125,107.923
1777839400.1582944,23,5,0.053,0.002,0.158,112.147
1777839401.1708553,23,5,0.03,0.002,0.146,111.421
1777839402.1823046,23,25,0.047,0.002,0.41,112.811
1777839403.1899347,23,25,0.134,0.003,0.421,110.286
1777839404.199423,23,25,0.066,0.002,0.489,110.705
1777839405.2076535,23,25,0.145,0.003,0.428,111.213
1777839406.2128406,23,25,0.066,0.002,0.412,108.826
1777839407.2240703,23,25,0.073,0.003,0.403,110.601
1777839408.2402632,23,25,0.06,0.002,0.573,111.501
1777839409.2552326,23,25,0.263,0.002,0.594,111.088
1777839410.2659369,23,25,0.07,0.002,0.418,113.306
1777839411.271051,23,25,0.064,0.002,0.424,108.882
1777839412.2882388,23,25,0.067,0.002,0.572,111.863
1777839413.308901,23,25,0.056,0.002,0.393,124.346
1777839414.30368,23,25,0.062,0.002,0.437,109.796
1777839415.313762,23,25,0.128,0.002,0.398,111.434
1777839416.3223777,23,25,0.065,0.002,0.492,111.932
1777839417.3336387,23,25,0.19,0.005,0.89,113.363
1777839418.3717072,23,25,0.144,0.003,0.42,133.866
1777839419.37162,23,25,0.14,0.004,2.298,122.412
1777839420.3704977,23,25,0.103,0.004,0.682,111.667
1777839421.3784056,23,25,0.064,0.002,0.515,111.442
1777839422.4016662,23,25,0.199,0.003,0.448,113.897
1777839423.4114451,23,25,0.074,0.002,0.566,112.865
1777839424.4217746,23,25,0.062,0.002,0.428,112.48
1777839425.4384193,23,25,0.064,0.002,0.504,111.917
1777839426.4500031,23,25,0.065,0.001,0.512,112.674
1777839427.465208,23,25,0.06,0.002,0.648,111.571
1777839428.483899,23,25,0.067,0.002,0.552,116.864
1777839429.5000534,23,25,0.096,0.002,0.443,119.423
1777839430.5110247,23,25,0.081,0.003,0.44,113.224
1777839431.5184026,23,25,0.063,0.002,0.723,111.415
1777839432.5355246,23,25,0.091,0.003,0.426,117.54
1777839433.543663,23,25,0.214,0.002,0.425,114.875
1777839434.5522861,23,25,0.075,0.002,0.548,113.026
1777839435.5566378,23,25,0.148,0.002,0.501,109.924
1777839436.578052,23,25,0.086,0.003,0.541,116.448
1777839437.6143093,23,25,0.06,0.002,0.532,142.918
1777839438.593713,23,25,0.074,0.002,0.42,112.219
1777839439.6065836,23,25,0.11,0.003,1.003,111.587
1777839440.6134028,23,25,0.127,0.003,0.568,109.577
1777839441.6381586,23,25,0.07,0.002,0.425,114.734
1777839442.6529531,23,25,0.069,0.002,0.413,112.653
1777839443.6671968,23,25,0.076,0.002,0.425,115.697
1777839444.6694918,23,25,0.061,0.002,0.406,109.712
1777839445.6884987,23,25,0.063,0.002,0.512,112.294
1777839446.7057152,23,25,0.077,0.002,0.444,112.901
1777839447.7192354,23,25,0.085,0.002,0.432,113.308
1777839448.7346618,23,25,0.07,0.002,0.435,112.953
1777839449.7476366,23,25,0.069,0.002,0.532,118.023
1777839450.7527509,23,25,0.088,0.002,0.424,112.008
1777839451.767825,23,25,0.265,0.004,0.539,114.178
1777839452.7771163,23,25,0.079,0.002,0.569,112.123
1777839453.791383,23,25,0.248,0.002,0.422,113.096
1777839454.803316,23,25,0.07,0.002,0.593,111.658
1777839455.8206885,23,25,0.168,0.003,0.507,112.142
1777839456.832202,23,25,0.308,0.006,0.875,114.641
1777839457.8385832,23,25,0.097,0.003,0.442,112.786
1777839458.8516283,23,25,0.068,0.002,0.57,108.488
1777839459.8731248,23,25,0.075,0.002,0.564,117.837
1777839460.8773565,23,25,0.089,0.002,0.679,110.095
1777839461.8900943,23,5,0.048,0.002,0.124,113.582
1777839462.9020422,23,5,0.031,0.002,0.122,113.785
1777839463.9245534,23,5,0.037,0.003,0.157,117.486
1777839464.9319005,23,5,0.116,0.002,0.138,112.041
1777839465.9790125,23,5,0.041,0.002,0.193,145.844
1777839466.9604275,23,25,0.131,0.002,0.4,112.036
1777839467.9742584,23,25,0.068,0.002,0.688,110.705
1777839468.9856918,23,25,0.059,0.002,0.409,112.169
1777839469.9954605,23,25,0.148,0.002,0.504,110.229
1777839471.0182517,23,25,0.062,0.002,1.198,115.24
1777839472.0281386,23,25,0.076,0.002,0.405,117.675
1777839473.0365899,23,25,0.083,0.002,0.53,117.175
1777839474.0411358,23,25,0.07,0.002,0.405,109.664
1777839475.0594053,23,25,0.073,0.002,0.596,112.255
1777839476.0913622,23,25,0.072,0.003,0.442,134.905
1777839477.0848334,23,25,0.09,0.002,0.427,117.256
1777839478.0933506,23,25,0.078,0.002,0.442,113.637
1777839479.1121805,23,25,0.101,0.003,0.44,116.602
1777839480.1143327,23,25,0.072,0.002,0.419,108.394
1777839481.126676,23,25,0.078,0.002,0.52,111.146
1777839482.1377861,23,25,0.107,0.003,0.483,111.935
1777839483.1472826,23,25,0.073,0.002,0.57,112.075
1777839484.1590629,23,25,0.063,0.002,0.737,112.602
1777839485.1705656,23,25,0.089,0.003,0.786,113.976
1777839486.18538,23,25,0.085,0.002,0.649,113.459
1777839487.2059577,23,21,0.067,0.002,0.35,117.042
1777839488.2128732,23,21,0.072,0.002,0.408,110.717
1777839489.2280252,23,21,0.062,0.002,0.349,117.438
1777839490.2555134,23,21,0.089,0.002,0.511,122.901
1777839491.2510467,23,21,0.067,0.002,0.363,111.142
1777839492.2591112,23,25,0.061,0.002,0.421,109.681
1777839493.2843146,23,25,0.131,0.004,0.496,119.437
1777839494.2880309,23,25,0.1,0.003,0.427,109.994
1777839495.3050747,23,25,0.076,0.002,0.448,112.156
1777839496.3153927,23,25,0.092,0.003,0.448,113.969
1777839497.3224545,23,25,0.074,0.002,0.529,110.278
1777839498.3479674,23,25,0.061,0.002,0.404,115.489
1777839499.3611975,23,25,0.085,0.002,0.424,113.601
1777839500.3743837,23,25,0.072,0.002,0.405,115.547
1777839501.380322,23,25,0.122,0.003,0.951,109.842
1777839502.390685,23,21,0.073,0.003,0.492,110.025
1777839503.408359,23,21,0.065,0.002,0.468,112.149
1777839504.4200673,23,21,0.066,0.002,0.367,112.997
1777839505.4592009,23,21,0.061,0.002,0.468,112.452
1777839506.4769924,23,21,0.065,0.002,0.44,113.172
1777839507.4881203,23,9,0.056,0.002,0.319,112.694
1777839508.4991732,23,9,0.036,0.002,0.283,112.242
1777839509.509599,23,9,0.045,0.002,0.198,110.535
1777839510.5271988,23,9,0.056,0.003,0.393,114.359
1777839511.5289237,23,9,0.035,0.002,0.335,107.654
1777839512.543524,23,25,0.053,0.002,0.426,113.72
1777839513.5633554,23,25,0.153,0.003,0.72,122.481
1777839514.5585332,23,25,0.067,0.002,0.428,109.865
1777839515.5696492,23,25,0.061,0.002,0.424,111.222
1777839516.5785053,23,25,0.31,0.003,0.684,110.952
1777839517.5940754,23,21,0.066,0.002,0.467,108.504
1777839518.6090968,23,21,0.056,0.001,0.479,111.962
1777839519.6305075,23,21,0.062,0.002,0.635,115.601
1777839520.6395218,23,21,0.076,0.002,0.376,114.443
1777839521.652913,23,21,0.14,0.002,0.384,112.691
1777839522.664704,23,25,0.066,0.002,0.521,117.775
1777839523.6655917,23,25,0.151,0.002,0.51,111.235
1777839524.6750195,23,25,0.097,0.003,0.561,110.677
1777839525.6824193,23,25,0.077,0.002,0.664,110.107
1777839526.695475,23,25,0.054,0.002,0.49,112.222
1777839527.702501,23,25,0.163,0.002,0.413,109.588
1777839528.7146964,23,25,0.077,0.002,0.407,110.487
1777839529.7296479,23,25,0.059,0.002,0.54,113.029
1777839530.7392752,23,25,0.075,0.002,0.539,112.085
1777839531.757032,23,25,0.076,0.003,0.815,110.129
1777839532.7651155,23,25,0.058,0.002,0.515,109.539
1777839533.781441,23,25,0.059,0.002,0.572,111.886
1777839534.7998366,23,25,0.062,0.002,0.518,116.03
1777839535.8101835,23,25,0.065,0.002,0.396,113.467
1777839536.8272305,23,25,0.07,0.002,0.703,109.205
1777839537.846438,23,25,0.074,0.002,0.649,117.652
1777839538.8493204,23,25,0.067,0.002,0.597,109.87
1777839539.8606722,23,25,0.076,0.002,0.406,112.941
1777839540.8668945,23,25,0.071,0.002,0.531,111.71
1777839541.8843544,23,25,0.209,0.003,0.659,114.472
1777839542.8961027,23,25,0.059,0.002,0.507,117.744
1777839543.8973799,23,25,0.057,0.002,0.542,111.371
1777839544.9135447,23,25,0.157,0.003,0.429,110.936
1777839545.9267504,23,25,0.08,0.002,0.474,113.435
1777839546.9397712,23,25,0.072,0.002,0.514,110.593
1777839547.9566045,23,25,0.089,0.002,0.44,112.747
1777839548.9694045,23,25,0.092,0.003,0.477,111.528
1777839549.9765928,23,25,0.165,0.003,0.452,110.268
1777839550.9925613,23,25,0.309,0.003,0.446,115.296
1777839552.002441,23,5,0.059,0.002,0.134,114.198
1777839553.0150852,23,5,0.03,0.002,0.224,111.481
1777839554.021068,23,5,0.033,0.002,0.133,109.53
1777839555.0395248,23,5,0.034,0.002,0.134,115.29
1777839556.0463147,23,5,0.034,0.002,0.134,112.48
1777839557.064494,23,25,0.072,0.002,0.775,114.825
1777839558.0712957,23,25,0.082,0.002,0.594,112.576
1777839559.0818646,23,25,0.072,0.003,0.414,111.132
1777839560.0966558,23,25,0.161,0.004,0.74,112.438
1777839561.1163156,23,25,0.083,0.003,0.643,118.515
1777839562.1213486,23,25,0.151,0.002,0.609,113.249
1777839563.128314,23,25,0.062,0.002,0.551,111.767
1777839564.1379943,23,25,0.066,0.002,0.533,110.754
1777839565.151671,23,25,0.073,0.001,0.432,113.048
1777839566.1672263,23,25,0.072,0.002,0.434,117.387
1777839567.2048104,23,5,0.048,0.002,0.128,112.156
1777839568.2151146,23,5,0.141,0.002,0.145,111.258
1777839569.2252736,23,5,0.033,0.001,0.13,111.67
1777839570.2330687,23,5,0.031,0.001,0.357,111.812
1777839571.2417223,23,5,0.028,0.001,0.125,109.482
1777839572.2655177,23,25,0.07,0.003,0.465,120.29
1777839573.2710485,23,25,0.068,0.002,0.405,114.119
1777839574.282166,23,25,0.088,0.002,0.458,115.33
1777839575.3033707,23,25,0.076,0.002,0.423,118.445
1777839576.3091588,23,25,0.072,0.002,0.456,109.296
1777839577.3367822,23,25,0.084,0.002,0.598,118.391
1777839578.3387702,23,25,0.074,0.002,0.45,112.709
1777839579.347871,23,25,0.062,0.002,0.435,111.643
1777839580.3665283,23,25,0.087,0.002,0.623,113.777
1777839581.3785753,23,25,0.081,0.002,0.563,108.765
1777839582.3954139,23,25,0.125,0.005,0.515,112.295
1777839583.407184,23,25,0.092,0.003,0.448,114.499
1777839584.4165685,23,25,0.083,0.003,0.426,113.981
1777839585.4411812,23,25,0.056,0.002,0.421,129.322
1777839586.431195,23,25,0.059,0.002,0.422,111.797
1777839587.4493415,23,25,0.057,0.002,0.396,115.852
1777839588.4511542,23,25,0.058,0.002,0.426,109.412
1777839589.4613137,23,25,0.059,0.002,0.415,110.499
1777839590.4703102,23,25,0.056,0.002,0.395,110.277
1777839591.487285,23,25,0.067,0.002,0.4,112.894
1777839592.5024612,23,5,0.042,0.002,0.124,111.216
1777839593.5093052,23,5,0.026,0.002,0.122,109.202
1777839594.5234468,23,5,0.04,0.002,0.14,112.061
1777839595.5377612,23,5,0.032,0.001,0.129,111.745
1777839596.5539954,23,5,0.031,0.001,0.238,112.626
1777839597.5612586,23,25,0.044,0.002,0.626,111.038
1777839598.5793705,23,25,0.083,0.002,0.759,111.99
1777839599.610811,23,25,0.08,0.002,0.561,134.8
1777839600.5983424,23,25,0.068,0.002,0.431,111.075
1777839601.6112611,23,25,0.156,0.002,0.416,112.739
1777839602.620397,23,25,0.068,0.002,0.541,111.565
1777839603.632121,23,25,0.068,0.002,0.725,111.638
1777839604.6455233,23,25,0.063,0.002,0.409,109.308
1777839605.656675,23,25,0.069,0.002,0.468,111.41
1777839606.6731942,23,25,0.065,0.001,0.401,112.925
1777839607.6870668,23,5,0.046,0.002,0.123,112.067
1777839608.702991,23,5,0.034,0.002,0.184,114.814
1777839609.7183092,23,5,0.114,0.002,0.135,115.438
1777839610.7242486,23,5,0.029,0.002,0.124,112.554
1777839611.7437255,23,5,0.031,0.001,0.122,114.835
1777839612.7465172,23,25,0.047,0.001,0.404,110.475
1777839613.7538803,23,25,0.055,0.002,0.399,109.113
1777839614.769695,23,25,0.075,0.002,0.4,113.379
1777839615.7762632,23,25,0.067,0.002,0.433,111.125
1777839616.7928472,23,25,0.08,0.002,0.423,112.727
1777839617.7975543,23,25,0.067,0.002,0.537,108.815
1777839618.813715,23,25,0.063,0.001,0.406,113.948
1777839619.819535,23,25,0.275,0.002,0.426,112.324
1777839620.82839,23,25,0.067,0.002,0.524,111.928
1777839621.8363917,23,25,0.148,0.002,0.412,109.876
1777839622.8461888,23,25,0.078,0.002,0.688,111.329
1777839623.8544502,23,25,0.078,0.002,0.559,111.228
1777839624.875617,23,25,0.08,0.002,0.439,112.378
1777839625.8864026,23,25,0.072,0.002,0.58,112.313
1777839626.9017065,23,25,0.083,0.003,0.429,112.956
1777839627.907781,23,25,0.067,0.003,0.406,110.179
1777839628.9224303,23,25,0.065,0.002,0.499,112.209
1777839629.937734,23,25,0.076,0.002,0.423,113.582
1777839630.9690523,23,25,0.055,0.002,0.398,132.637
1777839631.9557743,23,25,0.076,0.002,0.447,110.271
1777839632.9776404,23,25,0.072,0.003,0.445,112.928
1777839633.9920218,23,25,0.08,0.002,0.572,113.995
1777839634.9971929,23,25,0.145,0.002,0.559,109.744
1777839636.0237474,23,25,0.057,0.002,0.4,108.323
1777839637.0380754,23,25,0.063,0.002,0.655,113.583
1777839638.046074,23,25,0.067,0.002,0.431,111.382
1777839639.062517,23,25,0.065,0.002,0.401,111.573
1777839640.072854,23,25,0.076,0.002,0.415,111.176
1777839641.0882168,23,25,0.083,0.002,0.665,112.639
1777839642.1020002,23,25,0.083,0.003,0.408,117.371
1777839643.103266,23,5,0.052,0.002,0.258,109.632
1777839644.1187255,23,5,0.033,0.002,0.13,112.399
1777839645.1297848,23,5,0.03,0.002,0.126,111.501
1777839646.145038,23,5,0.074,0.001,0.234,113.513
1777839647.1551,23,5,0.04,0.002,0.147,114.157
1777839648.1584272,23,25,0.047,0.002,0.412,108.032
1777839649.170327,23,25,0.066,0.002,0.733,108.612
1777839650.181743,23,25,0.06,0.002,0.395,111.703
1777839651.1959937,23,25,0.072,0.002,0.409,117.503
1777839652.1990728,23,25,0.077,0.002,0.659,109.939
1777839653.2182102,23,25,0.064,0.002,0.395,114.578
1777839654.23084,23,25,0.069,0.002,0.412,114.083
1777839655.2485282,23,25,0.073,0.002,0.406,116.626
1777839656.263527,23,25,0.108,0.003,0.82,121.994
1777839657.26542,23,25,0.07,0.002,0.407,115.334
1777839658.272561,23,25,0.066,0.001,0.397,112.463
1777839659.2919133,23,25,0.066,0.001,0.4,115.967
1777839660.2948668,23,25,0.063,0.002,0.403,111.761
1777839661.3078825,23,25,0.061,0.002,0.647,110.363
1777839662.3168335,23,25,0.066,0.002,0.393,111.042
1777839663.3274643,23,25,0.075,0.002,0.407,111.233
1777839664.346832,23,25,0.061,0.002,0.384,116.821
1777839665.352351,23,25,0.059,0.002,0.403,112.265
1777839666.3620956,23,25,0.09,0.002,0.486,115.562
1777839667.3734932,23,5,0.064,0.002,0.14,110.211
1777839668.3899088,23,5,0.027,0.001,0.12,113.933
1777839669.401637,23,5,0.036,0.002,0.136,114.335
1777839670.404443,23,5,0.028,0.001,0.127,108.027
1777839671.421818,23,5,0.029,0.001,0.123,111.248
1777839672.440473,23,25,0.155,0.002,0.398,111.408
1777839673.4569776,23,25,0.064,0.002,0.515,110.777
1777839674.4688735,23,25,0.062,0.003,0.437,110.495
1777839675.4790523,23,25,0.059,0.002,0.627,110.434
1777839676.4928186,23,25,0.059,0.002,0.391,111.966
1777839677.508411,23,25,0.137,0.003,0.415,111.306
1777839678.5125422,23,25,0.065,0.01,0.493,107.917
1777839679.5320003,23,25,0.078,0.003,0.445,118.706
1777839680.5480995,23,25,0.074,0.002,0.53,127.394
1777839681.5445726,23,25,0.081,0.002,0.424,114.665
1777839682.5522263,23,5,0.056,0.002,0.131,111.156
1777839683.5583444,23,5,0.031,0.001,0.231,108.861
1777839684.5695086,23,5,0.03,0.002,0.14,110.052
1777839685.5787337,23,5,0.026,0.001,0.121,112.085
1777839686.586215,23,5,0.033,0.002,0.133,110.299
1777839687.5983474,23,25,0.061,0.002,0.42,111.572
1777839688.608975,23,25,0.074,0.002,0.437,111.561
1777839689.6254325,23,25,0.068,0.002,0.611,111.679
1777839690.654423,23,25,0.06,0.002,0.52,109.395
1777839691.6719196,23,25,0.056,0.002,0.417,112.19
1777839692.6849225,23,25,0.061,0.001,0.394,115.802
1777839693.6885037,23,25,0.128,0.002,0.559,109.922
1777839694.699025,23,25,0.062,0.002,0.394,110.089
1777839695.7121642,23,25,0.072,0.002,0.641,112.481
1777839696.7263303,23,25,0.057,0.002,0.445,112.756
1777839697.7414067,23,25,0.081,0.002,0.448,116.818
1777839698.748777,23,25,0.516,0.003,0.471,109.631
1777839699.7642114,23,25,0.068,0.002,0.527,112.721
1777839700.798943,23,25,0.073,0.002,0.52,113.597
1777839701.8049405,23,25,0.077,0.002,0.458,111.837
1777839702.823737,23,25,0.066,0.002,0.435,112.413
1777839703.8332543,23,25,0.066,0.002,0.546,111.914
1777839704.8401859,23,25,0.06,0.002,0.521,110.237
1777839705.8573642,23,25,0.072,0.002,0.552,115.359
1777839706.878142,23,25,0.051,0.001,0.422,125.277
1777839707.8751993,23,5,0.046,0.001,0.229,110.404
1777839708.896124,23,5,0.045,0.002,0.328,115.578
1777839709.9036324,23,5,0.042,0.002,0.138,111.455
1777839710.92096,23,5,0.034,0.002,0.139,110.913
1777839711.9353733,23,5,0.032,0.002,0.136,113.288
1777839712.9464552,23,25,0.058,0.002,0.664,112.911
1777839713.9554174,23,25,0.064,0.002,0.58,111.642
1777839714.9650497,23,25,0.078,0.002,0.422,109.607
1777839715.9834905,23,25,0.061,0.002,0.522,118.351
1777839717.005757,23,25,0.056,0.002,0.412,111.827
1777839718.023216,23,25,0.071,0.002,0.41,112.303
1777839719.033927,23,25,0.07,0.002,0.448,110.97
1777839720.0493093,23,25,0.069,0.002,0.578,110.481
1777839721.0601866,23,25,0.07,0.002,0.594,112.151
1777839722.0690844,23,25,0.099,0.002,0.647,111.487
1777839723.0770552,23,25,0.144,0.009,0.556,109.905
1777839724.091697,23,25,0.081,0.002,0.436,111.82
1777839725.0989065,23,25,0.046,0.002,0.406,107.717
1777839726.1125803,23,25,0.079,0.003,0.413,111.371
1777839727.1190357,23,25,0.07,0.002,0.398,108.565
1777839728.137913,23,25,0.066,0.002,0.427,109.149
1777839729.1537485,23,25,0.061,0.003,0.391,110.252
1777839730.1737697,23,25,0.076,0.002,0.445,113.353
1777839731.1845524,23,25,0.072,0.002,0.59,112.314
1777839732.1978438,23,25,0.063,0.002,0.432,111.26
1777839733.223735,23,5,0.075,0.002,0.154,109.01
1777839734.2403347,23,5,0.031,0.002,0.125,112.816
1777839735.255145,23,5,0.045,0.003,0.158,117.671
1777839736.26495,23,5,0.039,0.002,0.137,116.346
1777839737.2720068,23,5,0.029,0.002,0.123,114.674
1777839738.2832224,23,25,0.063,0.002,0.459,112.628
1777839739.292226,23,25,0.065,0.002,0.52,110.846
1777839740.301454,23,25,0.065,0.002,0.593,110.093
1777839741.345112,23,25,0.072,0.002,0.409,110.368
1777839742.3679767,23,25,0.107,0.004,0.792,121.503
1777839743.3695736,23,25,0.083,0.002,0.576,111.055
1777839744.42477,23,25,0.086,0.003,0.465,137.092
1777839745.4131124,23,25,0.093,0.003,0.462,111.721
1777839746.422717,23,25,0.072,0.002,0.44,109.041
1777839747.4348059,23,25,0.095,0.003,0.604,112.554
1777839748.4420698,23,5,0.049,0.002,0.119,111.108
1777839749.4794157,23,5,0.029,0.002,0.123,137.285
1777839750.4658585,23,5,0.039,0.002,0.157,113.038
1777839751.4768004,23,5,0.03,0.001,0.134,114.88
1777839752.4862595,23,5,0.033,0.002,0.359,110.721
1777839753.5066597,23,25,0.061,0.002,0.438,114.869
1777839754.5142112,23,25,0.076,0.002,0.658,109.681
1777839755.5320675,23,25,0.18,0.003,0.473,115.185
1777839756.547891,23,25,0.546,0.006,0.744,117.642
1777839757.5604224,23,25,0.074,0.002,0.563,110.85
1777839758.579001,23,25,0.098,0.002,0.435,116.172
1777839759.5923235,23,25,0.283,0.002,0.581,112.401
1777839760.6225607,23,25,0.065,0.002,0.419,128.938
1777839761.6414094,23,25,0.13,0.003,0.736,129.331
1777839762.6343627,23,25,0.067,0.002,0.746,112.0
1777839763.6430967,23,25,0.07,0.002,0.399,112.827
1777839764.6715572,23,25,0.059,0.002,0.414,112.61
1777839765.6842852,23,25,0.08,0.003,0.459,109.586
1777839766.7094202,23,25,0.313,0.002,0.436,121.953
1777839767.707344,23,25,0.119,0.003,0.813,111.641
1777839768.7237806,23,25,0.077,0.003,0.418,113.221
1777839769.736253,23,25,0.09,0.002,0.473,113.685
1777839770.7646801,23,25,0.187,0.021,1.618,122.014
1777839771.764875,23,25,0.083,0.003,0.578,110.431
1777839772.7911441,23,25,0.101,0.003,0.471,110.89
1777839773.8090856,23,25,0.085,0.002,0.436,115.427
1777839774.8162484,23,25,0.11,0.003,0.638,111.789
1777839775.8352468,23,25,0.088,0.002,0.578,113.165
1777839776.8478851,23,25,0.08,0.003,0.419,118.748
1777839777.853054,23,25,0.066,0.002,0.523,112.035
1777839778.8693798,23,25,0.057,0.002,0.641,110.806
1777839779.8844593,23,25,0.061,0.002,0.432,110.76
1777839780.8935697,23,25,0.068,0.002,0.411,111.381
1777839781.9173386,23,25,0.126,0.013,0.595,118.492
1777839782.9254127,23,5,0.109,0.004,0.207,113.897
1777839783.939657,23,5,0.033,0.002,0.126,114.254
1777839784.9487607,23,5,0.032,0.002,0.138,109.096
1777839785.9627595,23,5,0.032,0.002,0.135,113.051
1777839786.9695246,23,5,0.034,0.002,0.16,108.55
1777839787.9814065,23,25,0.05,0.002,0.583,112.313
1777839788.9940276,23,25,0.119,0.002,0.6,112.627
1777839790.0237794,23,25,0.068,0.002,0.448,112.558
1777839791.0367994,23,25,0.073,0.002,0.454,109.853
1777839792.052616,23,25,0.089,0.002,0.428,115.082
1777839793.0722997,23,25,0.087,0.002,0.681,117.656
1777839794.0750935,23,25,0.081,0.002,0.618,112.509
1777839795.0820441,23,25,0.067,0.002,0.4,110.77
1777839796.1063588,23,25,0.155,0.002,0.613,117.639
1777839797.1124804,23,25,0.081,0.002,0.566,113.097
1777839798.1304345,23,25,0.08,0.002,0.421,114.315
1777839799.1365473,23,25,0.059,0.002,0.416,108.303
1777839800.153081,23,25,0.075,0.002,0.437,113.663
1777839801.1607864,23,25,0.065,0.002,0.414,110.592
1777839802.1712518,23,25,0.095,0.003,1.019,113.225
1777839803.1834815,23,25,0.064,0.002,0.552,113.805
1777839804.1871114,23,25,0.06,0.002,0.618,109.912
1777839805.1971045,23,25,0.059,0.002,0.612,111.341
1777839806.2040498,23,25,0.065,0.002,0.609,109.734
1777839807.219558,23,25,0.125,0.004,0.783,115.442
1777839808.2552395,23,25,0.066,0.002,0.544,134.027
1777839809.2546878,23,25,0.118,0.003,1.024,118.955
1777839810.262391,23,25,0.159,0.003,0.451,117.702
1777839811.2651787,23,25,0.077,0.003,0.433,110.353
1777839812.2723594,23,25,0.122,0.003,0.732,109.656
1777839813.289574,23,25,0.072,0.002,0.424,112.293
1777839814.3043814,23,25,0.062,0.002,0.564,111.228
1777839815.3182278,23,25,0.065,0.002,0.395,110.856
1777839816.3376575,23,25,0.07,0.002,0.45,111.95
1777839817.347974,23,25,0.202,0.003,0.708,113.041
1777839818.360921,23,5,0.046,0.002,0.228,110.932
1777839819.3699157,23,5,0.025,0.001,0.123,109.145
1777839820.3909802,23,5,0.033,0.002,0.124,118.579
1777839821.3918438,23,5,0.028,0.001,0.141,109.378
1777839822.401525,23,5,0.035,0.002,0.133,111.24
1777839823.4075112,23,25,0.045,0.002,0.542,109.102
1777839824.4270422,23,25,0.057,0.002,0.639,115.435
1777839825.4360015,23,25,0.069,0.002,1.275,112.684
1777839826.4417312,23,25,0.067,0.002,0.528,109.474
1777839827.4595947,23,25,0.148,0.004,0.791,112.715
1777839828.4684181,23,25,0.07,0.002,0.546,111.016
1777839829.4842467,23,25,0.059,0.002,0.695,110.986
1777839830.492884,23,25,0.057,0.002,0.514,109.83
1777839831.505499,23,25,0.056,0.002,0.408,110.218
1777839832.5153177,23,25,0.069,0.002,0.593,111.364
1777839833.5329418,23,5,0.082,0.003,0.17,112.852
1777839834.543028,23,5,0.027,0.001,0.122,111.257
1777839835.556801,23,5,0.027,0.002,0.115,118.078
1777839836.5629454,23,5,0.029,0.001,0.123,108.881
1777839837.5797963,23,5,0.027,0.002,0.124,111.498
1777839838.597236,23,25,0.077,0.003,0.458,113.239
1777839839.614445,23,25,0.073,0.002,0.432,112.631
1777839840.6244488,23,25,0.076,0.001,0.529,111.246
1777839841.6374998,23,25,0.074,0.002,0.607,112.141
1777839842.6494973,23,25,0.075,0.002,0.585,112.164
1777839843.6707687,23,25,0.066,0.002,0.528,118.455
1777839844.6723564,23,25,0.062,0.002,0.695,109.929
1777839845.6827247,23,25,0.062,0.002,0.419,112.242
1777839846.6937652,23,25,0.064,0.002,0.407,111.309
1777839847.7056663,23,25,0.067,0.002,0.404,112.479
1777839848.7231526,23,25,0.067,0.002,0.396,117.328
1777839849.7303085,23,25,0.076,0.002,0.597,112.631
1777839850.7654426,23,25,0.071,0.002,0.563,139.64
1777839851.7474632,23,25,0.131,0.002,0.515,110.682
1777839852.7558632,23,25,0.061,0.002,0.514,110.935
1777839853.765915,23,25,0.084,0.003,0.45,113.334
1777839854.7810414,23,25,0.069,0.002,0.618,112.926
1777839855.8043473,23,25,0.055,0.002,0.531,126.962
1777839856.8008728,23,25,0.058,0.002,0.416,111.475
1777839857.8206074,23,25,0.226,0.002,0.432,112.886
1777839858.8234777,23,5,0.048,0.002,0.131,108.801
1777839859.8332698,23,5,0.03,0.002,0.129,109.458
1777839860.840577,23,5,0.029,0.002,0.128,108.885
1777839861.8577979,23,5,0.027,0.002,0.125,109.974
1777839862.865564,23,25,0.122,0.002,0.404,108.388
1777839863.8777316,23,25,0.063,0.002,0.43,109.97
1777839864.8999472,23,25,0.072,0.002,0.515,115.824
1777839865.9135315,23,25,0.071,0.002,0.52,118.975
1777839866.9403021,23,25,0.06,0.002,0.406,138.265
1777839867.924105,23,25,0.074,0.002,0.637,111.737
1777839868.9365158,23,25,0.076,0.002,0.413,112.296
1777839869.9431224,23,25,0.118,0.002,0.407,110.106
1777839870.9571402,23,25,0.063,0.002,0.624,111.533
1777839871.965633,23,25,0.064,0.002,0.394,108.775
1777839872.9783106,23,25,0.063,0.002,0.582,110.724
1777839873.9965808,23,25,0.061,0.002,0.408,111.954
1777839875.0068214,23,25,0.057,0.002,0.409,111.052
1777839876.017143,23,25,0.092,0.003,0.43,108.58
1777839877.0321455,23,25,0.066,0.002,0.701,112.755
1777839878.041734,23,25,0.073,0.003,0.532,110.317
1777839879.0620673,23,25,0.086,0.003,0.802,120.78
1777839880.0668247,23,25,0.091,0.002,0.438,115.471
1777839881.072485,23,25,0.078,0.002,0.44,113.134
1777839882.0766556,23,25,0.066,0.002,0.638,109.611
1777839883.101386,23,25,0.073,0.002,0.602,119.05
1777839884.1117764,23,25,0.089,0.002,0.566,113.735
1777839885.123472,23,25,0.074,0.002,0.521,112.71
1777839886.132072,23,25,0.071,0.002,0.654,111.458
1777839887.1440794,23,25,0.073,0.002,0.534,110.728
1777839888.1564178,23,25,0.057,0.002,0.575,111.532
1777839889.1743193,23,25,0.061,0.002,0.566,111.899
1777839890.1885078,23,25,0.164,0.005,0.937,112.644
1777839891.2231283,23,25,0.064,0.002,0.399,111.7
1777839892.2363298,23,25,0.072,0.002,0.403,113.396
1777839893.2452135,23,25,0.069,0.001,0.504,111.693
1777839894.2527328,23,25,0.072,0.002,0.527,110.088
1777839895.2677138,23,25,0.068,0.002,0.416,112.655
1777839896.2775345,23,25,0.069,0.002,0.588,110.415
1777839897.2892103,23,25,0.091,0.002,0.621,113.329
1777839898.2993698,23,25,0.067,0.002,0.555,113.261
1777839899.314119,23,25,0.068,0.002,0.545,114.735
1777839900.3196638,23,25,0.073,0.002,0.547,111.532
1777839901.3291013,23,25,0.069,0.002,0.53,112.47
1777839902.3389947,23,25,0.09,0.003,0.438,112.053
1777839903.3465912,23,25,0.065,0.002,0.41,110.655
1777839904.3571782,23,25,0.07,0.002,0.526,110.9
1777839905.3716733,23,25,0.075,0.002,0.404,113.029
1777839906.379495,23,25,0.068,0.002,0.565,111.2
1777839907.3997488,23,25,0.083,0.002,0.432,116.957
1777839908.4102275,23,25,0.075,0.003,0.543,114.687
1777839909.417509,23,25,0.089,0.003,0.647,112.348
1777839910.4275756,23,25,0.061,0.002,0.694,112.311
1777839911.4450665,23,25,0.067,0.002,0.416,112.669
1777839912.4581652,23,25,0.062,0.003,0.523,112.455
1777839913.4713986,23,25,0.074,0.002,0.677,111.568
1777839914.4885764,23,25,0.074,0.002,0.458,113.415
1777839915.495155,23,25,0.067,0.002,0.638,110.018
1777839916.506078,23,25,0.067,0.002,0.42,110.847
1777839917.5263166,23,25,0.096,0.003,0.453,118.761
1777839918.5287757,23,25,0.08,0.002,0.456,113.378
1777839919.541912,23,25,0.083,0.002,0.66,116.511
1777839920.5547905,23,25,0.086,0.002,0.443,119.642
1777839921.5536745,23,25,0.069,0.002,0.432,110.77
1777839922.5673165,23,25,0.062,0.001,0.422,108.21
1777839923.5869317,23,5,0.071,0.003,0.154,112.164
1777839924.5993092,23,5,0.036,0.002,0.136,113.373
1777839925.6050978,23,5,0.029,0.002,0.312,110.923
1777839926.6241634,23,5,0.034,0.002,0.131,119.558
1777839927.639509,23,5,0.041,0.002,0.145,119.542
1777839928.6500819,23,25,0.046,0.001,0.403,117.525
1777839929.6543386,23,25,0.064,0.002,0.623,111.776
1777839930.6848795,23,25,0.099,0.002,0.451,113.01
1777839931.701245,23,25,0.078,0.002,0.554,115.808
1777839932.7142177,23,25,0.068,0.002,0.718,111.481
1777839933.7268095,23,25,0.075,0.002,0.442,113.607
1777839934.738879,23,25,0.073,0.002,0.402,113.257
1777839935.7431142,23,25,0.135,0.002,0.505,110.33
1777839936.7531164,23,25,0.082,0.003,0.416,108.624
1777839937.7630417,23,25,0.194,0.003,0.533,109.384
1777839938.7827933,23,25,0.06,0.001,0.408,111.395
1777839939.7908103,23,25,0.066,0.002,0.582,111.283
1777839940.809751,23,25,0.107,0.003,0.46,114.776
1777839941.8313367,23,25,0.076,0.002,0.412,117.546
1777839942.846648,23,25,0.077,0.002,0.422,118.268
1777839943.8525202,23,25,0.077,0.003,0.431,113.459
1777839944.8622963,23,25,0.062,0.002,0.64,112.149
1777839945.885094,23,25,0.059,0.002,0.497,116.755
1777839946.8943334,23,25,0.067,0.002,0.393,117.851
1777839947.9005122,23,25,0.071,0.002,0.449,112.771
1777839948.9096608,23,25,0.069,0.002,0.534,111.263
1777839949.9170225,23,25,0.1,0.003,0.466,109.759
1777839950.9262764,23,25,0.078,0.003,0.58,110.323
1777839951.937646,23,25,0.068,0.002,0.43,111.503
1777839952.9543328,23,25,0.086,0.002,0.449,117.461
1777839953.9576533,23,25,0.067,0.002,0.527,112.906
1777839954.9689372,23,25,0.073,0.003,0.424,112.493
1777839955.9794698,23,25,0.081,0.002,0.437,112.426
1777839956.9881415,23,25,0.078,0.003,0.433,111.911
1777839958.005502,23,25,0.07,0.002,0.515,112.246
1777839959.0097733,23,25,0.101,0.004,0.567,106.743
